geltedh	V	
joekehtidh	V	
jåvkedh	V	
jïeledidh	V	
tjilkedh	V	
uvtelassedh	V	
rahkodh	V	
vïtnedh	V	
meehtedh	V	
krööhkedh	V	
tjoevkedh	V	
viertedh	V	
viertiestidh	V	
vaedtsedh	V	
vaedtsiehtidh	V	
tjoejedh	V	
åabpedh	V	
kaarhtedidh	V	
buarastidh	V	
jieniedidh	V	
tjaangedh	V	
tjaangedidh	V	
tsïehkedh	V	
vïhnesjidh	V	
tjalmedh	V	
gajhkelovvedh	V	
ledtedh	V	
neajhkedh	V	
mïetskedh	V	
aktanidh	V	
laavkedh	V	
laavkodh	V	
laavkodh	V	
låavkedh	V	
lååvkesovvedh	V	
vuejnedh	V	
vååjnedh	V	
vååjnedidh	V	
geeredh	V	
åårganiseredh	V	
svïhtjedh	V	
gåaroedidh	V	
tjåadtjodh	V	
tjåadtjoehtidh	V	
mahtedh	V	
bovredh	V	
bovredh	V	
starnedh	V	
geehpedh	V	
deerjedh	V	
vijriedidh	V	
svihtjedh	V	
svïhtjedh	V	
tsagkesidh	V	
guhkiedidh	V	
gïertedh	V	
lijredh	V	
buaranidh	V	
åvtanidh	V	
svaatjkodh	V	
skiltedh	V	
sjåavodh	V	
normeredh	V	
voeredh	V	
revideredh	V	
klaeriedidh	V	
vïekedh	V	
gueredh	V	
njoetsedh	V	
dööpmedh	V	
dööpmesovvedh	V	
åvtenidh	V	
tjoevkedh	V	
tjoevkedidh	V	
tjihtedh	V	
tjihtedidh	V	
leehpedh	V	
geallodh	V	
spïeledh	V	
måsnodh	V	
mievriestidh	V	
madtjeldidh	V	
hammoedidh	V	
bielhkedh	V	
neerredh	V	
gïlledh	V	
bæjkodh	V	
neerredh	V	
neerrehtidh	V	
jemhkieldidh	V	
jurjedh	V	
bïesedh	V	
bæjjanidh	V	
ïedtjeldehtedh	V	
njilliedidh	V	
låvvedh	V	
lavvedh	V	
gïjregidh	V	
gaertjiedidh	V	
væssjodh	V	
nåhtadidh	V	
gaskedh	V	
gaskestidh	V	
straavvedh	V	
smualkedh	V	
mïetsedh	V	
biktedh	V	
biktiehtidh	V	
vajmedh	V	
ussjedidh	V	
ussjedadtedh	V	
såakedh	V	
stinkestidh	V	
njalledh	V	
joevenidh	V	
geallodh	V	
gyölledh	V	
åahpanidh	V	
vïevtjedidh	V	
væssjodh	V	
væssjoehtidh	V	
vedtedh	V	
vedtiestidh	V	
vaajvedh	V	
vaajvesovvedh	V	
soejedh	V	
nehkielidh	V	
molledh	V	
molledh	V	
gillehtidh	V	
gïlledh	V	
sovkedh	V	
sovkedh	V	
sovkedidh	V	
jealodh	V	
hepsiedidh	V	
båarastidh	V	
byjhkesjidh	V	
batnanidh	V	
vuerhkedh	V	
tjoemedh	V	
tjarvedh	V	
soeksedh	V	
skåårvedh	V	
låkngodh	V	
liemkiedidh	V	
lahkoehtidh	V	
klïpmedh	V	
jïevkehtidh	V	
implementeredh	V	
gïepedidh	V	
gåjkedh	V	
gajkedh	V	
gajhkodh	V	
fïrredidh	V	
burredh	V	
aejliestovvedh	V	
volveridh	V	
vaeltedh	V	
vaaltasovvedh	V	
trygkesovvedh	V	
tjïevnedh	V	
tjoevredh	V	
snïrredh	V	
njalhtjodh	V	
krïtjkedh	V	
jårredh	V	
jårrestidh	V	
gïetsedidh	V	
goevedh	V	
baltastidh	V	
aanodh	V	
aanoehtidh	V	
vïeredh	V	
vïeredidh	V	
tsïhkedh	V	
tsællodh	V	
tjïrredh	V	
tjïrredidh	V	
tjievliedidh	V	
tjeavadidh	V	
revideradidh	V	
prioriteredh	V	
nealkoedidh	V	
meatodh	V	
laptedh	V	
laktjedh	V	
krïtjkedh	V	
krïtjkehtidh	V	
initieredh	V	
gåavodh	V	
goejedh	V	
gahkodh	V	
dåalvodh	V	
dåalvodh	V	
dåålvesovvedh	V	
daebpiedidh	V	
vualanidh	V	
tjaeledh	V	
tjaalehtjidh	V	
sïelkedh	V	
strerkiestidh	V	
njeajkedh	V	
milkedh	V	
lïehtedh	V	
juvledh	V	
juvlelgidh	V	
joekehtidh	V	
joekehtidh	V	
joekehtehtedh	V	
jievkehtidh	V	
jïevkehtidh	V	
guvviedidh	V	
geasalgovvedh	V	
dieviedidh	V	
bæktahtidh	V	
båarhkodh	V	
bihkedh	V	
bihkiestidh	V	
aejkiestidh	V	
aajhtedh	V	
vearedh	V	
vaeniedidh	V	
tjuvviestidh	V	
tjoelmedh	V	
tjiehpiedidh	V	
sijjedh	V	
sijjiestidh	V	
registeredh	V	
nåljodh	V	
leajmoedidh	V	
jurrieldidh	V	
jortehtidh	V	
goeksegidh	V	
tjåegkedh	V	
nommehtidh	V	
njårkodh	V	
muerkiestidh	V	
moenedh	V	
moenesovvedh	V	
maaskedh	V	
lokngesidh	V	
laemedh	V	
laehpedh	V	
laehpielidh	V	
kråavvegidh	V	
juvnehtidh	V	
gåabregidh	V	
goejesjidh	V	
gajhkedh	V	
gajhkestidh	V	
bueledh	V	
buelielidh	V	
baelhkiestidh	V	
baektjieridh	V	
åajaldovvedh	V	
væjkodh	V	
vuarhkedh	V	
voejtedh	V	
trïengkestidh	V	
stradtjedh	V	
soelkedidh	V	
smeejvedh	V	
slahtjegidh	V	
normeradidh	V	
neejpedh	V	
låpsoedidh	V	
luvriedidh	V	
leejhkedh	V	
leajhtadidh	V	
implementeradidh	V	
gåajhkodh	V	
gotnesjidh	V	
geasadidh	V	
geartedh	V	
dåapodh	V	
deajvodh	V	
bïevledh	V	
bïevledidh	V	
båatskodh	V	
båajtoedidh	V	
baahkenidh	V	
åeliedidh	V	
væjranidh	V	
vuesiehtidh	V	
vuasahtalledh	V	
snjïerpedh	V	
snjipkelovvedh	V	
skearkagidh	V	
nïestesjidh	V	
njalhkestidh	V	
meavhkodh	V	
gegkiestidh	V	
eadtjalgovvedh	V	
dokumenteredh	V	
deamalidh	V	
vïtnesjidh	V	
vïelkedh	V	
tsevtsedh	V	
tsevtsiehtidh	V	
tsaepmedh	V	
tsaepmiestidh	V	
tryöjjadidh	V	
tjarkadidh	V	
tjalkedidh	V	
tjalkedh	V	
tjalkedh	V	
tjahkodh	V	
sïevestidh	V	
svïjhkehtalledh	V	
svitnedh	V	
strïjhtjedh	V	
strïjhtjehtidh	V	
steebnedh	V	
stantjelostedh	V	
soejvedh	V	
snjæjhtjodh	V	
smöölhkedh	V	
smööledh	V	
smaahkodh	V	
smaahkodh	V	
smååhkedidh	V	
smååhkedh	V	
slohtedh	V	
slohtedh	V	
skuvlestruktedh	V	
skaepedidh	V	
sjilhkedh	V	
raahkoestidh	V	
nuvhledh	V	
nommedehtedh	V	
njaalmedidh	V	
mutskiehtidh	V	
lööveldidh	V	
luepkedh	V	
loevedh	V	
loejmedh	V	
koordineredh	V	
kleeredh	V	
jårralidh	V	
jåaskoedidh	V	
joevsedh	V	
jeananidh	V	
jatskodh	V	
jaksedh	V	
jakselidh	V	
instrueredh	V	
gåvnjodh	V	
gåvnjoestidh	V	
gåejstedh	V	
generedh	V	
geeredh	V	
geerehtidh	V	
geeredh	V	
geeredh	V	
geerehtalledh	V	
geerehtidh	V	
formaliseredh	V	
eadtjalgehtedh	V	
delegeredh	V	
defineredh	V	
bïestelidh	V	
bïejkelidh	V	
bueriemdidh	V	
botnjedh	V	
botnjedh	V	
analyseredh	V	
vïekesjidh	V	
vuerkedh	V	
varkedh	V	
vaaksjedh	V	
tsaatsedh	V	
trööredh	V	
sæjngodh	V	
staavhledh	V	
soedtedh	V	
mæjjasjidh	V	
læssanidh	V	
låkngodh	V	
låkngodh	V	
lokngesovvedh	V	
loegkehtidh	V	
kraakodh	V	
joekehtadtedh	V	
jaskedh	V	
gïelkerdidh	V	
gelmedh	V	
gelmielidh	V	
gejhkiedidh	V	
gamhparostedh	V	
distribueredh	V	
båajmodh	V	
buerie#sjugniedidh	V	
behtjiedidh	V	
beagkoehtidh	V	
åestedh	V	
åestiestidh	V	
vïhtesjidh	V	
vïhtesjadtedh	V	
virtedh	V	
virtiehtidh	V	
tsagkedh	V	
tsagkestidh	V	
tjïskehtidh	V	
tjïervenidh	V	
tjïeledh	V	
tjïegledh	V	
tjïeglehtidh	V	
tjïegledh	V	
tjånghkodh	V	
tjåadtjoestidh	V	
tjevredh	V	
tjovredh	V	
tjovredh	V	
tjelmiehtidh	V	
tjeevredh	V	
tjeavhladidh	V	
tjaskanidh	V	
tjaktedh	V	
sööjnedh	V	
sïekestidh	V	
sprïnterdehtedh	V	
sliktedh	V	
skïjrestidh	V	
skruvvedidh	V	
sjelkiehtidh	V	
prioriteradidh	V	
prijoriteredh	V	
plïjhtjedh	V	
njåajjaridh	V	
narrahtidh	V	
mïetedh	V	
mïetestidh	V	
mårhkanidh	V	
månnoehtidh	V	
måjhtalidh	V	
meavhkodh	V	
meavhkodh	V	
myövhkedidh	V	
moenjehtidh	V	
moenjedidh	V	
madtjelostedh	V	
læjnoedidh	V	
låatjodh	V	
loetedidh	V	
loengedh	V	
lijsedh	V	
lahkaskidh	V	
kruemiehtidh	V	
krokngesjidh	V	
jorkestovvedh	V	
joejtehtidh	V	
jissiedidh	V	
jiejedh	V	
jidtedh	V	
jestedh	V	
jarkestidh	V	
jaabnedidh	V	
instrueradidh	V	
haavjodh	V	
haavjoelidh	V	
göötedh	V	
gïjredidh	V	
gïerehtovvedh	V	
gïengsjehtidh	V	
gåhtsajidh	V	
gåamhpestidh	V	
gotnjedidh	V	
goelperostedh	V	
girhkedh	V	
girhkelidh	V	
gilmehtidh	V	
gejvielidh	V	
garvestidh	V	
gajhkoelidh	V	
gajhkodh	V	
gajhkedh	V	
gajhkelidh	V	
gaeriestidh	V	
gaarvestidh	V	
gaarvanidh	V	
gaarvanadtedh	V	
gaarkedh	V	
gaarkedh	V	
gaarkahtidh	V	
gaajtsodh	V	
gaajadidh	V	
funhterdidh	V	
formaliseradidh	V	
dokumenteradidh	V	
defineradidh	V	
bïesedh	V	
bïeselidh	V	
bïejstenidh	V	
bïehtsegidh	V	
bïegkedh	V	
bïegkestidh	V	
buvvedh	V	
båvvalgidh	V	
buaramidh	V	
bismierdidh	V	
birhkedh	V	
biekedh	V	
baegkiehtidh	V	
arhkanidh	V	
analyseradidh	V	
aelkedh	V	
aelkiestidh	V	
voelkedidh	V	
valvedh	V	
valvegåetedh	V	
valvedh	V	
vaeniemdidh	V	
trïesedh	V	
tjöörvedh	V	
tjoeledh	V	
tjaeledh	V	
tjåalodh	V	
tjååledh	V	
tjoelmedh	V	
tjoelmedidh	V	
tjoeledh	V	
tjeekedh	V	
tjeekehtidh	V	
tjaarhvedh	V	
sualalgoevedh	V	
stijredh	V	
speerredh	V	
sogkesidh	V	
snoegkedh	V	
snjïjredh	V	
smïrredh	V	
sluvkedh	V	
skearmanidh	V	
siengieldidh	V	
seehtedh	V	
rekryteeredh	V	
nïehkesjidh	V	
njalkodh	V	
nipkedh	V	
meksedh	V	
meajvadovvedh	V	
lïegkesidh	V	
lïbnedh	V	
liktedh	V	
leavadidh	V	
leakadidh	V	
kröövvehtidh	V	
knogkesjidh	V	
jöövedh	V	
jåtskedh	V	
jilliedidh	V	
jealadehtedh	V	
göölvedh	V	
gååmhperostedh	V	
gupmielidh	V	
goekestidh	V	
goekedh	V	
gilhkedh	V	
geahpanidh	V	
duejjedh	V	
diedtedh	V	
diedtielidh	V	
deajvaskidh	V	
beatskadalledh	V	
biejstedh	V	
beajstalgidh	V	
aeskedh	V	
aeskiehtidh	V	
aarjoehtidh	V	
åajsodh	V	
åajsodh	V	
åajsodh	V	
åajsodh	V	
ååjsehtalledh	V	
ålvehtovvedh	V	
vïssjedh	V	
vïssjedh	V	
vïssjehtehtedh	V	
vïhnestidh	V	
vïenhtestidh	V	
vïenhtedh	V	
vïelhterdidh	V	
vïegkehtidh	V	
vïdtjerdidh	V	
væhnadidh	V	
våarnodh	V	
våarnoehtidh	V	
voengestidh	V	
viejedh	V	
veartasjidh	V	
vearedh	V	
vearedidh	V	
veajedh	V	
veajalidh	V	
vaedtsedh	V	
vaedtsielidh	V	
vaapeldidh	V	
tsööpkedh	V	
tsööpkestidh	V	
tsöögkegidh	V	
tsïjredh	V	
tsïhkedh	V	
tsïhkedh	V	
tsïhkestehtedh	V	
tsaapkedh	V	
tjïeglesidh	V	
tjåktjedh	V	
tjohkehtovvedh	V	
tjoeltestidh	V	
tjoelmenidh	V	
tjeahpastalledh	V	
tjarmedh	V	
tjaesniestidh	V	
såavlodh	V	
såalnodh	V	
sygkeldidh	V	
svaatjkodh	V	
svaatjkoestidh	V	
suajmanidh	V	
stïnkesdehtedh	V	
stuvredh	V	
stuvrelgidh	V	
stratjkehtidh	V	
strajkehtidh	V	
standardiseradidh	V	
spååredidh	V	
spååredh	V	
speatjadidh	V	
speadtjodh	V	
sovkijidh	V	
snjååjpeldidh	V	
smalhtjaridh	V	
slåmtjodh	V	
slogkesidh	V	
slimkedh	V	
slamtjodh	V	
slajkelidh	V	
slaemkiestidh	V	
skåarredh	V	
skaadtjerdidh	V	
sjöövedh	V	
sjöövelidh	V	
sjuahkadalledh	V	
sierngiedidh	V	
seejkestidh	V	
searanidh	V	
samskedh	V	
saajroehtidh	V	
reklameradidh	V	
plïejhkegidh	V	
nïhpelgidh	V	
njåaptsodh	V	
njyjjehtidh	V	
njuajjasjidh	V	
njihkedh	V	
njieskiehtidh	V	
njalhkedidh	V	
neavhtodh	V	
navvedh	V	
mæjjesjidh	V	
måakoedidh	V	
murhkiehtidh	V	
mojtsedh	V	
mojtsedh	V	
mojnestidh	V	
marvelostedh	V	
maajverdidh	V	
maadtestidh	V	
lööbpedh	V	
lïemkelidh	V	
lïejpedidh	V	
længhkedh	V	
lååjkedidh	V	
låesjiemdidh	V	
låaskelidh	V	
låamtodh	V	
låkngodh	V	
låkngodh	V	
lokngedadtedh	V	
loejedh	V	
leerhkehtidh	V	
lankasidh	V	
laamoehtidh	V	
kradtjoehtidh	V	
kraatjvodh	V	
konverteredh	V	
kompenseredh	V	
kombineredh	V	
klahkestidh	V	
kaarhteddidh	V	
jïjjedovvedh	V	
jïepkenidh	V	
jåangsodh	V	
jullierdidh	V	
juhtedh	V	
juhtielidh	V	
jueriedidh	V	
juhtedh	V	
johtelidh	V	
jijhtiestidh	V	
jijhtedh	V	
jiermiehtovvedh	V	
jestedh	V	
jestiestidh	V	
jearoehtidh	V	
jaskalidh	V	
jaskedh	V	
gåårkasidh	V	
gåvlahtovvedh	V	
gåhkoehtidh	V	
gåertedh	V	
gåajpodh	V	
gupmiehtidh	V	
gujmie#barkedh	V	
guhkiemdidh	V	
guedtedh	V	
guadtalgidh	V	
gomtjeldidh	V	
goerpedidh	V	
gedtedh	V	
gavlesjidh	V	
garhpedh	V	
gaetskiestidh	V	
gaetskedh	V	
gaarkasidh	V	
gaalkedidh	V	
gaajtsodh	V	
gaajtsoehtidh	V	
exporteradidh	V	
distribueradidh	V	
diejviedidh	V	
diedtesovvedh	V	
debreldehtedh	V	
bïjredh	V	
bïjredh	V	
bïjrestehtedh	V	
båehtjierdidh	V	
buejhkiehtidh	V	
bualajidh	V	
bårsedh	V	
borsedh	V	
borsedh	V	
bloggedh	V	
bihkedh	V	
bihkiehtidh	V	
bedtsielidh	V	
bedtsiehtidh	V	
beavnodh	V	
aebliehtidh	V	
aarkadidh	V	
ååntjestalledh	V	
utnedh	V	
utnedh	V	
utniehtidh	V	
åtnahtalledh	V	
ålvesadtedh	V	
åahpenidh	V	
åahpenadtedh	V	
vïtnjedh	V	
vïesehtidh	V	
vuejnedh	V	
vååjnedh	V	
vååjnegåetedh	V	
våavtsoestidh	V	
voejngestidh	V	
voejnesidh	V	
vistedh	V	
veevedh	V	
veevesovvedh	V	
tsïjtsedh	V	
tsiptsedh	V	
tsiptsielidh	V	
tsaekedh	V	
tsaekielidh	V	
treegkedh	V	
trapkesidh	V	
tjïerestidh	V	
tjåanghkenidh	V	
tjåakodh	V	
tjåagkalidh	V	
tjoglegidh	V	
tjoevkedh	V	
tjoevkestidh	V	
tjoekedh	V	
tjoekedidh	V	
tjanghkodh	V	
tjajmedidh	V	
tjaahpasjidh	V	
tjaahpajdovvedh	V	
sïejkedidh	V	
sæjloedidh	V	
såajtodh	V	
såajtodh	V	
såajtoelidh	V	
sååjteladtedh	V	
såvmahtidh	V	
såarkodh	V	
såajnodh	V	
sygkesidh	V	
svilkiestidh	V	
svalkaridh	V	
struvkedh	V	
struvkestidh	V	
streatjodh	V	
stenkedh	V	
stonkehtidh	V	
stogkestidh	V	
stenkedh	V	
steevredh	V	
speedtjedh	V	
sohkesjidh	V	
snåvredh	V	
snårredh	V	
snåvredh	V	
snovredh	V	
snovredh	V	
snjitjkedh	V	
snjitjkestidh	V	
slipkehtidh	V	
slingkerdidh	V	
slimkiestidh	V	
slijhtenidh	V	
sleebpedh	V	
sleebpestidh	V	
skægkoerdidh	V	
skueredh	V	
skrovhpesjidh	V	
skealparidh	V	
skalkelidh	V	
sjåhtedidh	V	
sjovhlestidh	V	
sjarkalostedh	V	
saavrodh	V	
saajroedidh	V	
rurhkiehtidh	V	
plåavhkesidh	V	
nærhtodh	V	
nålleskidh	V	
nållaskidh	V	
njööptsedh	V	
njïekedidh	V	
njåaptsodh	V	
njåaptsoestidh	V	
njåamodh	V	
njuajjaridh	V	
njidtjedh	V	
nepkiehtidh	V	
nartelidh	V	
nammoehtidh	V	
måeskiehtidh	V	
myvvedidh	V	
mujhtedh	V	
mujhtiestidh	V	
moeveldidh	V	
moetedh	V	
mistedh	V	
meajtjedh	V	
maaskodh	V	
löödtjedh	V	
löödtjestidh	V	
lïhpedh	V	
læjjadidh	V	
loegkesidh	V	
lissiemdidh	V	
leenedh	V	
leenestidh	V	
laktedh	V	
kråavvoedidh	V	
krukngedh	V	
kronhtjegidh	V	
kroehkedh	V	
kroehkestidh	V	
kreebpedidh	V	
kraavkestidh	V	
kraanghkeldidh	V	
kraamsodh	V	
konsulteradidh	V	
klåamsodh	V	
klåamsoehtidh	V	
klåamsodh	V	
klitnjiedidh	V	
klajkesidh	V	
jårraldehtedh	V	
juekiesovvedh	V	
jeavodh	V	
jaedtiemdidh	V	
håakodh	V	
hyörhkestalledh	V	
gïtnedh	V	
gïjveldidh	V	
gïjrestidh	V	
gïerehtehtedh	V	
gïejkestidh	V	
gïejkedh	V	
gïejkedh	V	
gïehteldidh	V	
gååredalledh	V	
gåabragidh	V	
gurkedh	V	
gurkestidh	V	
gurhkiestidh	V	
gurhkedh	V	
guhpedh	V	
guermiestidh	V	
guaktanidh	V	
goeveldidh	V	
gillestidh	V	
gïlledh	V	
gijvieldidh	V	
gevsiedidh	V	
gemsjiedidh	V	
gebtiedidh	V	
geadtsanidh	V	
galjanidh	V	
gadtalgovvedh	V	
funterdidh	V	
dåårresidh	V	
daelviedovvedh	V	
bielhkedh	V	
bïelhkehtjidh	V	
bårsedh	V	
båatskedh	V	
båatelidh	V	
behtsiedidh	V	
bearadidh	V	
bealhkahtovvedh	V	
bastesidh	V	
baejskiehtidh	V	
