stoere	stoere+A+Sg+Nom
stoere	stoere+A+Pred
stoere	stoere+A+Attr

rïektes	rïektes+A+Pred
rïektes	rïekte+A+Sg+Nom
rïektes	rïekte+A+Pred

aajne	aajne+CS
aajne	aajne+Interj

gaskemsh	gaskemsh+Po
gaskemsh	gaskemsh+Pr

jïjnjesh	jïjnjesh+Pron+Coll+Pl+Nom

væjkeles	væjkeles+A+Pred
væjkeles	væjkeles+A+Attr

veadtaldihkie	viedtedh+V+Der1+Der/ldihkie+A+Pred
veadtaldihkie	viedtedh+V+Der1+Der/ldihkie+A+Attr
veadtaldihkie	veadtal#dihkie+N+Sg+Nom

tjåadtjoeh	tjåadtjoeh+A+Attr
tjåadtjoeh	tjåadtjodh+V+ConNeg
tjåadtjoeh	tjåadtjodh+V+Imprt+Sg2
tjåadtjoeh	tjåadtjodh+V+Ind+Prs+Sg2
tjåadtjoeh	tjåadtjodh+V+Ind+Prs+Pl3

veerremes	veerremes+A+Superl+Attr
veerremes	veerremes+A+Superl+Pred
veerremes	veerremes+A+Superl+Sg+Nom

dïeve	dïeve+A+Sg+Nom
dïeve	dïeve+A+Attr

bijjie	bijjie+N+Sg+Nom

vïerremes	vïerremes+A+Superl+Attr
vïerremes	vïerremes+A+Superl+Pred
vïerremes	vïerremes+A+Superl+Sg+Nom

vaaloe	vaaloe+N+Sg+Nom

rudtjege	rudtjege+A+Sg+Nom
rudtjege	rudtjege+A+Pred
rudtjege	rudtjege+A+Attr

saelhties	saelhties+A+Pred
saelhties	saelhties+A+Attr

dovnesh	dovnesh+Pron+Coll+Pl+Nom

njieljie	njieljie+N+Sg+Nom
njieljie	njieljie+Num+Sg+Nom

beajjetje	biejjie+N+Der1+Der/Dim+N+Sg+Nom
beajjetje	beajjetje+A+Pred
beajjetje	beajjetje+A+Attr
beajjetje	beajjetje+A+Sg+Nom

stinkes	stinkes+A+Pred
stinkes	stinkes+A+Attr

gietskiebisnie	gietskies+A+Comp+Sg+Ine
gietskiebisnie	gietskiebisnie+A+Pred

murreds	murreds+A+Pred
murreds	murreds+A+Attr

gossege	gossege+Adv

dillie	dillie+Adv

minudte	minudte+N+Sg+Nom

sisnjelen	sisnjele+N+Sg+Gen
sisnjelen	sisnjelen+Adv

löövles	löövles+A+Pred
löövles	löövles+A+Attr

aadtjegh	aadtjegh+Adv

jolle	jolle+A+Sg+Nom
jolle	jolle+A+Pred
jolle	jolle+A+Attr

skïemtje	skïemtje+A+Sg+Nom
skïemtje	skïemtje+A+Attr

vaejvies	vaejvies+A+Pred
vaejvies	vaejvies+A+Attr

bijjies	bijjies+A+Attr

evtemes	evtemes+A+Superl+Sg+Nom
evtemes	evtemes+A+Superl+Pred
evtemes	evtemes+A+Superl+Attr

saetnies	saetnies+A+Attr

saaht	saaht+Adv

åarjese	åarjese+Adv

jaa	jaa+Interj

gælloeh	gælloeh+A+Attr

ovtetje	ovtetje+Adv

låedtjies	låedtjies+A+Pred
låedtjies	låedtjies+A+Attr

gåaroes	gåaroes+A+Pred
gåaroes	gåaroes+A+Attr

galme	galme+A+Sg+Nom
galme	galme+A+Attr

båtnjoeh	båtnjoeh+A+Pred
båtnjoeh	båtnjoeh+A+Attr

bahhas	bahhas+A+Pred
bahhas	bahhas+A+Attr

hiejjehts	hiejjehts+A+Pred
hiejjehts	hiejjehts+A+Sg+Nom
hiejjehts	hiejjehts+A+Attr

gööktesh	gööktesh+Num+Coll+Pl+Nom

voerkes	voerkes+A+Pred
voerkes	voerkes+A+Attr

riektie	riektie+N+Sg+Nom

mannoes	mannoes+A+Pred
mannoes	mannoes+A+Attr
mannoes	mannoes+A+Pred
mannoes	mannoes+A+Attr

lohkijes	lohkedh+V+PrsPrc
lohkijes	lohkedh+V+Der3+Der/PassS+Uml+V+PrsPrc
lohkijes	lohkijes+A+Pred
lohkijes	lohkijes+A+Attr

guhkene	guhkene+Adv

guhkede	guhkede+Adv

faavroes	faavroes+A+Pred
faavroes	faavroes+A+Attr

viesjies	viesjies+A+Pred
viesjies	viesjies+A+Attr

såmskoes	såmskoes+A+Attr

vaejtie	vaejtie+Pcle

tjïerve	tjïerve+A+Sg+Nom
tjïerve	tjïerve+A+Attr

tjåenghkies	tjåenghkies+A+Pred
tjåenghkies	tjåenghkies+A+Attr

suelnies	suelnies+A+Pred
suelnies	suelnies+A+Attr

meetere	meetere+N+Sg+Nom

gåabpegh	gåabpegh+Pron+Indef+Pl+Nom

daanbien	daanbien+Adv

bïjvele	bïjvedh+V+Der1+Der/lidh+V+Ind+Prs+Sg3
bïjvele	bïjveles+A+Pred
bïjvele	bïjveles+A+Sg+Nom
bïjvele	bïjvele+N+Sg+Nom

vyörtegs	vyörtegs+A+Pred
vyörtegs	vyörtegs+A+Attr

tjelmehts	tjelmehts+A+Pred
tjelmehts	tjelmehts+A+Sg+Nom
tjelmehts	tjelmehts+A+Attr

snaevkies	snaevkies+A+Pred
snaevkies	snaevkies+A+Attr

gærjoeh	gærjoeh+A+Attr

gaervies	gaervies+A+Pred
gaervies	gaervies+A+Attr

barkoes	barkoes+A+Pred
barkoes	barkoes+A+Attr

vissjies	vissjies+A+Pred
vissjies	vissjies+A+Attr

vieksies	vieksies+A+Pred
vieksies	vieksies+A+Attr

liehties	liehties+A+Pred
liehties	liehties+A+Attr

bïsseme	bïssedh+V+Der1+Der/NomAct+N+Sg+Nom
bïsseme	bïssedh+V+PrfPrc
bïsseme	bïssedh+V+Act
bïsseme	bïsseme+N+Sg+Nom

båantah	båanta+N+Pl+Nom
båantah	båantah+A+Pred
båantah	båantah+A+Attr

bieljehts	bieljehts+A+Pred
bieljehts	bieljehts+A+Sg+Nom
bieljehts	bieljehts+A+Attr

ålkone	ålkone+Adv

vealoeh	vealodh+V+ConNeg
vealoeh	vealodh+V+Imprt+Sg2
vealoeh	vealodh+V+Ind+Prs+Sg2
vealoeh	vealodh+V+Ind+Prs+Pl3
vealoeh	vealoeh+A+Attr

sïetere	sïetere+N+Sg+Nom

stynkehke	stynkehke+A+Pred
stynkehke	stynkehke+A+Attr
stynkehke	stynkehke+A+Sg+Nom

seadtoes	seadtoes+A+Pred
seadtoes	seadtoes+A+Attr

nuhteligs	nuhteligs+A+Pred
nuhteligs	nuhteligs+A+Attr

noerhtene	noerhtene+Adv

njïdtjele	njïdtjele+N+Sg+Nom

luhpehts	luhpehts+A+Pred
luhpehts	luhpehts+A+Sg+Nom
luhpehts	luhpehts+A+Attr

laejjies	laejjies+A+Pred
laejjies	laejjies+A+Attr

kroenes	kroenes+A+Attr

jiermehts	jiermehts+A+Pred
jiermehts	jiermehts+A+Sg+Nom
jiermehts	jiermehts+A+Attr

hiejjies	hiejjies+A+Pred
hiejjies	hiejjies+A+Attr

hearhkoes	hearhkoes+A+Pred
hearhkoes	hearhkoes+A+Attr

gåedtsies	gåedtsies+A+Pred
gåedtsies	gåedtsies+A+Attr

gurreme	gurredh+V+Act
gurreme	gurredh+V+Der1+Der/NomAct+N+Sg+Nom
gurreme	gurreme+N+Sg+Nom

easehts	easehts+A+Pred
easehts	easehts+A+Sg+Nom
easehts	easehts+A+Attr

damtoes	damtoes+A+Pred
damtoes	damtoes+A+Attr

årroje	årrodh+V+PrsPrc
årroje	årrodh+V+Der1+Der/NomAg+N+Sg+Nom
årroje	årroje+N+Sg+Nom

åajvoeh	åajvoeh+A+Pred
åajvoeh	åajvoeh+A+Attr

viesjehts	viesjehts+A+Pred
viesjehts	viesjehts+A+Sg+Nom
viesjehts	viesjehts+A+Attr

uvtemes	uvtemes+A+Superl+Sg+Nom
uvtemes	uvtemes+A+Superl+Attr
uvtemes	uvtemes+A+Superl+Pred

saejkies	saejkies+A+Pred
saejkies	saejkies+A+Attr

jearsoe	jearsoe+N+Sg+Nom

gaagkije	gaagkedh+V+Der1+Der/NomAg+N+Sg+Nom
gaagkije	gaagkedh+V+PrsPrc
gaagkije	gaagkije+N+Sg+Nom

åarjede	åarjede+Adv

vaajt	vaajt+Pcle

soptsesovvedh	soptsesovvedh+V+Inf
soptsesovvedh	soptsesovvedh+V+Der1+Der/didh+V+ConNeg
soptsesovvedh	soptsesovvedh+V+Der1+Der/didh+V+Imprt+Sg2
soptsesovvedh	soptsesovvedh+V+Der1+Der/didh+V+Ind+Prs+Sg2

rïektese	rïekte+A+Sg+Ill
rïektese	rïektes+A+Sg+Ill
rïektese	rïektese+N+Sg+Nom

njaerpies	njaerpies+A+Pred
njaerpies	njaerpies+A+Attr

måadtesh	måadtesh+Pron+Coll+Pl+Nom

faatoes	faatoes+A+Pred
faatoes	faatoes+A+Attr

faamohts	faamohts+A+Pred
faamohts	faamohts+A+Sg+Nom
faamohts	faamohts+A+Attr

dubpebe	dubpebe+A+Comp+Pred
dubpebe	dubpebe+A+Comp+Attr
dubpebe	dubpebe+A+Comp+Sg+Nom

seejkedidh	seejkedidh+V+Inf
seejkedidh	seejkedidh+V+Ind+Prt+Pl2

låeblies	låeblies+A+Pred
låeblies	låeblies+A+Attr

jemhkielisnie	jemhkele+N+Sg+Ine
jemhkielisnie	jemhkielisnie+A+Pred

jaahkoles	jaahkoles+A+Pred
jaahkoles	jaahkoles+A+Attr

jaahkoeladtje	jaahkoeladtje+A+Pred
jaahkoeladtje	jaahkoeladtje+A+Attr
jaahkoeladtje	jaahkoeladtje+A+Sg+Nom

gïemhpes	gïemhpe+A+Sg+Nom
gïemhpes	gïemhpe+A+Pred
gïemhpes	gïemhpes+A+Attr

gåvva	gåvva+A+Sg+Nom
gåvva	gåvva+A+Pred
gåvva	gåvva+A+Attr

geerelidh	geerelidh+V+Inf
geerelidh	geerelidh+V+Ind+Prt+Pl2

dulvies	dulvies+A+Pred
dulvies	dulvies+A+Attr

åpmohts	åpmohts+Pcle

vïerrebe	vïerrebe+A+Comp+Sg+Nom
vïerrebe	vïerrebe+A+Comp+Attr
vïerrebe	vïerrebe+A+Comp+Pred

tsælloeh	tsælloe+N+Pl+Nom
tsælloeh	tsælloeh+A+Pred
tsælloeh	tsælloeh+A+Attr

striengkies	striengkies+A+Pred
striengkies	striengkies+A+Attr

semhkies	semhkies+A+Pred
semhkies	semhkies+A+Attr

rååpehke	rååpehke+A+Pred
rååpehke	rååpehke+A+Attr
rååpehke	rååpehke+A+Sg+Nom

rååjnehke	rååjnehke+A+Pred
rååjnehke	rååjnehke+A+Attr
rååjnehke	rååjnehke+A+Sg+Nom

rovkije	ravkedh+V+Der3+Der/PassS+Uml+V+Der1+Der/NomAg+N+Sg+Nom
rovkije	ravkedh+V+Der3+Der/PassS+Uml+V+PrsPrc
rovkije	rovkije+N+Sg+Nom

pruvres	pruvres+A+Pred
pruvres	pruvres+A+Attr

noerhtelistie	noerhtelistie+Adv

kruepies	kruepies+A+Pred
kruepies	kruepies+A+Attr

gïeles	gïele+A+Pred
gïeles	gïeles+A+Attr

guevtele	guevtele+N+Sg+Nom

feeleme	feeledh+V+Der1+Der/NomAct+N+Sg+Nom
feeleme	feeledh+V+PrfPrc
feeleme	feeledh+V+Act
feeleme	feeleme+N+Sg+Nom

daajje	daajje+N+Sg+Nom

båetskie	båetskie+N+Sg+Nom

bueriebuktie	bueriebuktie+A+Sg+Nom
bueriebuktie	bueriebuktie+A+Pred
bueriebuktie	bueriebuktie+A+Attr

bigkie	bigkedh+V+Ind+Prs+Sg3
bigkie	bigkie+N+Sg+Nom

beetse	beetse+N+Sg+Nom

balka	balka+N+Sg+Nom

vöökes	vöökes+A+Pred
vöökes	vöökes+A+Attr

urkies	urkies+A+Pred
urkies	urkies+A+Attr

tseegkuve	tseegkuve+N+Sg+Nom

skuvmie	skuvmie+N+Sg+Nom

saajoe	saajoe+N+Sg+Nom

ohtse	ohtse+N+Sg+Nom

njalke	njalke+A+Sg+Nom
njalke	njalke+A+Attr

neavroe	neavroe+N+Sg+Nom

mïerehke	mïerehke+N+Sg+Nom

guedteme	guedtedh+V+Act
guedteme	guedtedh+V+Der1+Der/NomAct+N+Sg+Nom
guedteme	guedteme+N+Sg+Nom

golmesh	golmesh+Num+Coll+Pl+Nom

geartodh	geartodh+V+Inf

gaskeme	gaskedh+V+Der1+Der/NomAct+N+Sg+Nom
gaskeme	gaskedh+V+PrfPrc
gaskeme	gaskedh+V+Act
gaskeme	gaskeme+N+Sg+Nom

faelskies	faelskies+A+Pred
faelskies	faelskies+A+Attr

dæjmetje	dæjmetje+Adv

dovtege	dovtege+N+Sg+Nom

båevties	båevties+A+Pred
båevties	båevties+A+Attr

baejie	baejie+N+Sg+Nom

aelpies	aelpies+A+Pred
aelpies	aelpies+A+Attr

aadtjen	aadtjen+Adv

åhtoes	åhtoes+A+Pred
åhtoes	åhtoes+A+Attr
åhtoes	åhtoes+A+Pred
åhtoes	åhtoes+A+Attr

åahpetje	åahpetje+N+Sg+Nom
åahpetje	åahpetje+A+Pred

vïjhtesh	vïjhtesh+Num+Coll+Pl+Nom

våarhkoe	våarhkoe+N+Sg+Nom

vyöhkesidh	vyöhkesidh+V+Inf
vyöhkesidh	vyöhkesidh+V+Ind+Prt+Pl2

vijsies	vijsies+A+Pred
vijsies	vijsies+A+Attr

viejhkies	viejhkies+A+Pred
viejhkies	viejhkies+A+Attr

veele	veele+Adv

vaalje	vaalje+N+Sg+Nom

vaajnoe	vaajnoe+N+Sg+Nom

trööhnege	trööhnege+N+Sg+Nom

tjoevtje	tjoevtje+N+Sg+Nom

tjaktjege	tjaktjege+Adv

teegele	teegele+N+Sg+Nom

sïejme	sïejme+N+Sg+Nom

sæjjoes	sæjjoes+A+Pred
sæjjoes	sæjjoes+A+Attr

svalkoeh	svalkoeh+A+Pred
svalkoeh	svalkoeh+A+Attr

ståaroe	ståaroe+N+Sg+Nom

speejse	speejse+N+Sg+Nom

snohke	snohke+N+Sg+Nom

skuapmah	skuapmah+A+Attr

skråajhpoeh	skråajhpoeh+A+Attr

skrapmoeh	skrapmoeh+A+Pred
skrapmoeh	skrapmoeh+A+Attr

pollise	pollise+N+Sg+Nom

olle	olle+N+Sg+Nom

nïerre	nïerre+N+Sg+Nom

njoetske	njoetske+A+Attr

njoele	njoele+N+Sg+Nom

naskoeh	naskoeh+A+Pred
naskoeh	naskoeh+A+Attr

måsnoeh	måsnoeh+A+Pred
måsnoeh	måsnoeh+A+Attr

liesmie	liesmie+N+Sg+Nom

kraejhpies	kraejhpies+A+Pred
kraejhpies	kraejhpies+A+Attr

jïeneme	jïeneme+N+Sg+Nom

jïehtse	jïehtse+N+Sg+Nom

jorpe	jorpe+A+Sg+Nom
jorpe	jorpe+A+Pred
jorpe	jorpe+A+Attr

jabjoeh	jabjoeh+A+Pred
jabjoeh	jabjoeh+A+Attr

ja	ja+CC

iemeds	iemeds+A+Pred
iemeds	iemeds+A+Attr

håksoe	håksoe+N+Sg+Nom

healsoe	healsoe+N+Sg+Nom

gævnjoeh	gævnjodh+V+ConNeg
gævnjoeh	gævnjodh+V+Imprt+Sg2
gævnjoeh	gævnjodh+V+Ind+Prs+Sg2
gævnjoeh	gævnjodh+V+Ind+Prs+Pl3
gævnjoeh	gævnjoeh+A+Attr

gæstoe	gæstoe+N+Sg+Nom

gåårtjehke	gåårtjehke+A+Pred
gåårtjehke	gåårtjehke+A+Attr
gåårtjehke	gåårtjehke+A+Sg+Nom

gårreldahke	gårredh+V+Der1+Der/ldahke+N+Sg+Nom
gårreldahke	gårreldahke+N+Sg+Nom

gåarome	gåarodh+V+Der1+Der/NomAct+N+Sg+Nom
gåarome	gåarome+N+Sg+Nom

gåaltoe	gåaltoe+N+Sg+Nom

garres	garre+A+Pred
garres	garre+A+Sg+Nom
garres	garres+A+Attr

gahkoeh	gahkedh+V+Ind+Prs+Pl3
gahkoeh	gahkoeh+A+Pred
gahkoeh	gahkoeh+A+Attr

fievsie	fievsie+N+Sg+Nom

feerlege	feerlege+N+Sg+Nom

faadtere	faadtere+N+Sg+Nom

eabnoe	eabnoe+N+Sg+Nom

dålhtjoeh	dålhtjoeh+A+Pred
dålhtjoeh	dålhtjoeh+A+Attr

dågka	dågka+N+Sg+Nom

dåaroje	dåarodh+V+PrsPrc
dåaroje	dåarodh+V+Der1+Der/NomAg+N+Sg+Nom
dåaroje	dåaroje+N+Sg+Nom

daatje	daatje+N+Sg+Nom

baltastæjja	baltastæjja+N+Sg+Nom

bahha	bahha+N+Sg+Nom

aevlerge	aevlerge+N+Sg+Nom

aepie	aepie+N+Sg+Nom

aarhte	aarhte+N+Sg+Nom

aanghkere	aanghkere+N+Sg+Nom

ïedtjije	ïedtjije+N+Sg+Nom

vaassere	vaassere+N+Sg+Nom

urkie	urkie+N+Sg+Nom
urkie	urkies+A+Sg+Nom
urkie	urkies+A+Pred

tjelmiehtadtje	tjelmiehtadtje+A+Pred

tjarves	tjarves+A+Pred
tjarves	tjarves+A+Attr

svaatjkoe	svaatjkoe+N+Sg+Nom

soekse	soekse+N+Sg+Nom

skuptjie	skuptjie+N+Sg+Nom

skreadtere	skreadtere+N+Sg+Nom

sjienie	sjienie+N+Sg+Nom

semhkie	semhkie+N+Sg+Nom
semhkie	semhkies+A+Sg+Nom
semhkie	semhkies+A+Pred

saknoe	saknoe+N+Sg+Nom

ræjtoe	ræjtoe+N+Sg+Nom

reajnoes	reajnoes+A+Pred
reajnoes	reajnoes+A+Attr

provkome	provkome+N+Sg+Nom

pliejhkies	pliejhkies+A+Pred
pliejhkies	pliejhkies+A+Attr
pliejhkies	pliejhkies+A+Pred
pliejhkies	pliejhkies+A+Attr

nynnehke	nynnehke+A+Pred
nynnehke	nynnehke+A+Attr
nynnehke	nynnehke+A+Sg+Nom

najpetje	nejpie+N+Der1+Der/Dim+N+Sg+Nom
najpetje	najpetje+N+Sg+Nom

naehpie	naehpie+N+Sg+Nom

mullie	mullie+N+Sg+Nom

maehteles	maehtele+A+Pred
maehteles	maehtele+A+Attr
maehteles	maehteles+A+Pred
maehteles	maehteles+A+Attr

maanehts	maanehts+A+Pred
maanehts	maanehts+A+Sg+Nom
maanehts	maanehts+A+Attr

låvletje	låvletje+A+Pred
låvletje	låvletje+A+Attr
låvletje	låvletje+A+Sg+Nom

låhkesh	låhkesh+Num+Coll+Pl+Nom

laatege	laatege+N+Sg+Nom

kåanste	kåanste+N+Sg+Nom

kråahpe	kråahpe+N+Sg+Nom

jöömmetje	jöömmetje+N+Sg+Nom

jååktetje	jååktetje+Adv

iermie	iermie+N+Sg+Nom

håagke	håagke+N+Sg+Nom

hokse	hokse+N+Sg+Nom

göökth	göökte+Num+Pl+Nom
göökth	göökth+Adv

guedtije	guedtedh+V+PrsPrc
guedtije	guedtedh+V+Der1+Der/NomAg+N+Sg+Nom
guedtije	guedtije+N+Sg+Nom

galkije	galkedh+V+Der1+Der/NomAg+N+Sg+Nom
galkije	galkedh+V+PrsPrc
galkije	galkije+N+Sg+Nom

dïpme	dïpme+N+Sg+Nom

dåarohke	dåarohke+N+Sg+Nom

dierie	dierie+N+Sg+Nom

daellie	daellie+N+Sg+Nom

bïerje	bïerje+N+Sg+Nom

bïegkes	bïegkes+A+Pred
bïegkes	bïegkes+A+Attr

båevtie	båevtie+N+Sg+Nom
båevtie	båevties+A+Sg+Nom
båevtie	båevties+A+Pred

budtestahke	budtestahke+N+Sg+Nom

boehtele	boehtele+N+Sg+Nom

baanghke	baanghke+N+Sg+Nom

baadtehtahke	baadtehtahke+N+Sg+Nom

aevjie	aevjie+N+Sg+Nom

aakse	aakse+N+Sg+Nom

ööjeldihks	ööjeldihks+A+Pred
ööjeldihks	ööjeldihks+A+Attr

åårdnege	åårdnege+N+Sg+Nom

åerije	åeredh+V+PrsPrc
åerije	åeredh+V+Der1+Der/NomAg+N+Sg+Nom
åerije	åerije+N+Sg+Nom

åavtoes	åavtoes+A+Pred
åavtoes	åavtoes+A+Attr

åavroes	åavroes+A+Pred
åavroes	åavroes+A+Attr

vuelehks	vuelehks+A+Pred
vuelehks	vuelehks+A+Attr

vuajneres	vuajneres+A+Attr

voessetje	voesse+N+Der1+Der/Dim+N+Sg+Nom
voessetje	voessetje+N+Sg+Nom

vearrebe	vearrebe+A+Comp+Attr
vearrebe	vearrebe+A+Comp+Pred
vearrebe	vearrebe+A+Comp+Sg+Nom

veanhtoe	veanhtoe+N+Sg+Nom
veanhtoe	veanhtedh+V+Ind+Prs+Sg3

utne	utne+Adv

ussjedalledh	ussjedalledh+V+Inf

ummese	ummese+A+Attr

tåvsene	tåvsene+Num+Sg+Nom

tryjje	tryjje+N+Sg+Nom

tjïjhtjesh	tjïjhtjesh+Num+Coll+Pl+Nom

tjïeskedh	tjïeskedh+V+Inf
tjïeskedh	tjïeskedh+V+Der1+Der/didh+V+ConNeg
tjïeskedh	tjïeskedh+V+Der1+Der/didh+V+Imprt+Sg2
tjïeskedh	tjïeskedh+V+Der1+Der/didh+V+Ind+Prs+Sg2

tjïengele	tjïengele+N+Sg+Nom

tjååhpehke	tjååhpehke+A+Pred
tjååhpehke	tjååhpehke+A+Attr
tjååhpehke	tjååhpehke+A+Sg+Nom

tjuekie	tjuekie+N+Sg+Nom

tjovtjehke	tjovtjehke+N+Sg+Nom

tjirkije	tjirkedh+V+Der1+Der/NomAg+N+Sg+Nom
tjirkije	tjirkedh+V+PrsPrc
tjirkije	tjirkije+N+Sg+Nom

tjillege	tjillege+N+Sg+Nom

tjiehtjere	tjiehtjere+N+Sg+Nom

tjidtjehts	tjidtjehts+A+Pred
tjidtjehts	tjidtjehts+A+Sg+Nom
tjidtjehts	tjidtjehts+A+Attr

tjarme	tjarme+N+Sg+Nom

sïelte	sïelte+N+Sg+Nom

sååjvele	sååjvelidh+V+Ind+Prs+Sg3
sååjvele	sååjvele+N+Sg+Nom

såådte	saadtodh+V+Ind+Prs+Uml+Sg3
såådte	såådte+N+Sg+Nom

såapa	såapa+N+Sg+Nom

svååjpele	svååjpele+N+Sg+Nom
svååjpele	svååjpele+A+Sg+Nom
svååjpele	svååjpele+A+Pred
svååjpele	svååjpele+A+Attr

stæhkoe	stæhkoe+N+Sg+Nom

ståante	ståante+N+Sg+Nom

stujmie	stujmie+N+Sg+Nom

stuhtjetje	stuhtjetje+N+Sg+Nom

soelegs	soelegs+A+Pred
soelegs	soelegs+A+Attr

soelege	soelegs+A+Sg+Nom
soelege	soelege+A+Pred
soelege	soelege+A+Attr
soelege	soelege+N+Sg+Nom
soelege	soelege+A+Sg+Nom

smuahkah	smuahkah+A+Attr

smaahkodh	smaahkodh+V+Inf

slïbnjehke	slïbnjehke+N+Sg+Nom

sleadtjoeh	sleadtjoeh+A+Attr

skïelme	skïelme+A+Sg+Nom
skïelme	skïelme+N+Sg+Nom
skïelme	skïelme+A+Attr

skræjresne	skræjresne+A+Pred

skierie	skierie+N+Sg+Nom

skabroeh	skabroeh+A+Pred
skabroeh	skabroeh+A+Attr

sisnjielisnie	sisnjielisnie+Po

sihtege	sïhtege+N+Sg+Nom
sihtege	sihtege+N+Sg+Nom

sierrie	sierrie+N+Sg+Nom

siepmie	siepmie+N+Sg+Nom

saadtege	saadtege+N+Sg+Nom

råvve	råvve+N+Sg+Nom

råhtoe	råhtoe+N+Sg+Nom

råanja	råanja+N+Sg+Nom
råanja	råanjedh+V+Ind+Prs+Sg3+Uml

roene	roene+N+Sg+Nom

reegkes	reegkes+A+Pred
reegkes	reegkes+A+Attr

raarehke	raarehke+A+Pred
raarehke	raarehke+A+Attr
raarehke	raarehke+A+Sg+Nom

pååjketje	pååjke+N+Der1+Der/Dim+N+Sg+Nom
pååjketje	pååjketje+N+Sg+Nom

pråvhkoe	pråvhkoe+N+Sg+Nom

prihtjies	prihtjies+A+Pred
prihtjies	prihtjies+A+Attr

poehte	poehte+N+Sg+Nom

plïejhke	plïejhke+N+Sg+Nom

ovrehte	ovrehte+N+Sg+Nom

noerhtelisnie	noerhtelisnie+Adv

njååtje	njååtje+N+Sg+Nom

njoetse	njoetse+A+Sg+Nom
njoetse	njoetse+A+Pred
njoetse	njoetse+A+Attr

njeeruve	njeeruve+N+Sg+Nom

njalhke	njalhke+A+Sg+Nom
njalhke	njalhke+A+Attr

njaaka	njaaka+N+Sg+Nom
njaaka	njaakedh+V+Ind+Prs+Sg3+Uml

naelie	naelie+N+Sg+Nom

möölege	möölege+N+Sg+Nom

mïrhke	mïrhke+A+Sg+Nom
mïrhke	mïrhke+A+Pred
mïrhke	mïrhke+A+Attr

måersie	måersie+N+Sg+Nom

mådtege	mådtege+A+Pred
mådtege	mådtege+A+Attr
mådtege	mådtege+A+Sg+Nom

muetsie	muetsie+N+Sg+Nom

mueltie	mueltie+N+Sg+Nom

muadtese	muadta+N+Sg+Ill
muadtese	muadtese+N+Sg+Nom

moerehts	moerehts+A+Pred
moerehts	moerehts+A+Sg+Nom
moerehts	moerehts+A+Attr

mehkie	mehkie+N+Sg+Nom

maajke	maajke+N+Sg+Nom

låvnadahke	låvnadahke+N+Sg+Nom

låannoeh	låannoeh+A+Pred
låannoeh	låannoeh+A+Attr

luajhtadidh	luajhtadidh+V+Inf
luajhtadidh	luajhtadidh+V+Ind+Prt+Pl2

lovre	lovre+N+Sg+Nom

leessedh	leessedh+V+Inf
leessedh	leessedh+V+Der1+Der/didh+V+ConNeg
leessedh	leessedh+V+Der1+Der/didh+V+Imprt+Sg2
leessedh	leessedh+V+Der1+Der/didh+V+Ind+Prs+Sg2

laajroe	laajroe+N+Sg+Nom

kåahpe	kåahpe+N+Sg+Nom

krïense	krïense+N+Sg+Nom

kråave	kråave+N+Sg+Nom

kråane	kråane+N+Sg+Nom

kruehkie	kruehkie+N+Sg+Nom

klijvie	klijvie+N+Sg+Nom

kaalhke	kaalhke+N+Sg+Nom

jyjseme	jæjsodh+V+PrfPrc+Uml
jyjseme	jæjsodh+V+Der3+Der/PassS+Uml+V+Der1+Der/NomAct+N+Sg+Nom
jyjseme	jæjsodh+V+Der3+Der/PassS+Uml+V+PrfPrc
jyjseme	jæjsodh+V+Der3+Der/PassS+Uml+V+Act
jyjseme	jyjseme+N+Sg+Nom

juvvie	juvvie+N+Sg+Nom

jueskie	jueskie+N+Sg+Nom
jueskie	jueskies+A+Sg+Nom
jueskie	jueskies+A+Pred

jissehts	jissehts+A+Pred
jissehts	jissehts+A+Sg+Nom
jissehts	jissehts+A+Attr

jilliegåbpoe	jilliegåbpoe+Adv

jemhkelds	jemhkelds+A+Attr

jeestere	jeestere+N+Sg+Nom

jeenjesh	jeenjesh+Pron+Coll+Pl+Nom

håevkie	håevkie+N+Sg+Nom

håalijes	håaledh+V+PrsPrc
håalijes	håalijes+A+Pred
håalijes	håalijes+A+Attr

heblie	heblie+N+Sg+Nom

haerrie	haerrie+N+Sg+Nom

haavre	haavre+N+Sg+Nom

haakene	haakene+N+Sg+Nom

gïltehke	gïltehke+N+Sg+Nom

gævnjoestidh	gævnjodh+V+Der1+Der/stidh+V+Inf
gævnjoestidh	gævnjodh+V+Der1+Der/stidh+V+Ind+Prt+Pl2
gævnjoestidh	gævnjoestidh+V+Inf
gævnjoestidh	gævnjoestidh+V+Ind+Prt+Pl2

gåårveldihkie	gåårveldihkie+A+Pred
gåårveldihkie	gåårveldihkie+A+Attr

gåhkaldahke	gåhkaldahke+N+Sg+Nom

gåavode	gåavode+Adv

gåarvoeh	gåarvoeh+A+Attr

gåaroje	gåarodh+V+PrsPrc
gåaroje	gåarodh+V+Der1+Der/NomAg+N+Sg+Nom
gåaroje	gåaroje+N+Sg+Nom

gåalmehts	gåalmehts+N+Sg+Nom

györte	geartodh+V+Ind+Prs+Uml+Sg3
györte	györte+N+Sg+Nom

guhtsije	guhtsedh+V+PrsPrc
guhtsije	guhtsedh+V+Der1+Der/NomAg+N+Sg+Nom
guhtsije	guhtsije+N+Sg+Nom

guhtseles	guhtseles+A+Pred
guhtseles	guhtseles+A+Attr

guelhtie	guelhtie+N+Sg+Nom
guelhtie	guelhties+A+Sg+Nom
guelhtie	guelhties+A+Pred

gualetje	guelie+N+Der1+Der/Dim+N+Sg+Nom
gualetje	gualetje+N+Sg+Nom

goebperes	goebperes+A+Pred
goebperes	goebperes+A+Attr

goebpere	goebperes+A+Pred
goebpere	goebperes+A+Sg+Nom
goebpere	goebpere+N+Sg+Nom

gijhteles	gijhteles+A+Pred
gijhteles	gijhteles+A+Attr

gearjoe	gearjoe+N+Sg+Nom

garhpe	garhpe+N+Sg+Nom

gaptjese	gaptjese+N+Sg+Nom

galkeme	galkedh+V+Der1+Der/NomAct+N+Sg+Nom
galkeme	galkedh+V+PrfPrc
galkeme	galkedh+V+Act
galkeme	galkeme+N+Sg+Nom

gaertie	gaertie+N+Sg+Nom

gaejsie	gaejsie+N+Sg+Nom

gaejpie	gaejpie+N+Sg+Nom

gaavmoe	gaavmoe+N+Sg+Nom

gaatnoe	gaatnoe+N+Sg+Nom

gaatene	gaatene+N+Sg+Nom

gaarene	gaarene+N+Sg+Nom

gaallohke	gaallohke+N+Sg+Nom

föörhkedihks	föörhkedidh+V+A+Der1+Der/ihks+Attr
föörhkedihks	föörhkedihks+A+Pred
föörhkedihks	föörhkedihks+A+Attr

flïeske	flïeske+N+Sg+Nom

flueries	flueries+A+Pred
flueries	flueries+A+Attr

feete	feete+N+Sg+Nom

faali	faaledh+V+Ind+Prt+Sg3
faali	faali+A+Pred
faali	faali+A+Attr

dïeneste	dïeneste+N+Sg+Nom

dæjpeles	dæjpeles+A+Pred
dæjpeles	dæjpeles+A+Attr

doegkoe	doegkoe+Adv

dajkoe	dajkoe+Adv

daaroeladtje	daaroeladtje+N+Sg+Nom
daaroeladtje	daaroeladtje+A+Pred
daaroeladtje	daaroeladtje+A+Attr
daaroeladtje	daaroeladtje+A+Sg+Nom

daabloe	daabloe+N+Sg+Nom

bïenghke	bïenghke+N+Sg+Nom

bïehke	bïehke+N+Sg+Nom

båajoes	båajoes+A+Pred
båajoes	båajoes+A+Attr

byjrehtimmie	bïjredh+V+Der3+Der/PassS+Uml+V+Der1+Der/htidh+V+Der1+Der/NomAct+N+Sg+Nom
byjrehtimmie	bïjredh+V+Der3+Der/PassS+Uml+V+Der1+Der/htidh+V+Act
byjrehtimmie	byjrehtimmie+N+Sg+Nom

boerke	boerke+N+Sg+Nom

bodte	bodte+N+Sg+Nom

bihtie	bihtie+N+Sg+Nom

biejjieladtje	biejjieladtje+N+Sg+Nom

beere	beere+N+Sg+Nom

baetie	baetie+N+Sg+Nom

baersieldimmie	baersieldidh+V+Der1+Der/NomAct+N+Sg+Nom
baersieldimmie	baersieldidh+V+Act
baersieldimmie	baersieldimmie+N+Sg+Nom

baenehts	baenehts+A+Pred
baenehts	baenehts+A+Sg+Nom
baenehts	baenehts+A+Attr

baelhtie	baelhtie+N+Sg+Nom

baarkaldahke	baarkaldahke+N+Sg+Nom

alke	alke+N+Sg+Nom

aevies	aevies+A+Pred
aevies	aevies+A+Attr

aelmie	aelmie+N+Sg+Nom

aajege	aajege+N+Sg+Nom

ïelje	ïelje+N+Sg+Nom

åvtelde	åvtelde+Adv

ålvoes	ålvoes+Adv

åakere	åakere+N+Sg+Nom

væjjoe	væjjoe+N+Sg+Nom

vuenjele	vuenjele+N+Sg+Nom

vuarhkas	vuarhkas+A+Attr

vuajajidh	vuajajidh+V+Inf
vuajajidh	vuajajidh+V+Ind+Prt+Pl2

voepsijes	voepsijes+A+Pred
voepsijes	voepsijes+A+Attr

voemeles	voemeles+A+Pred
voemeles	voemeles+A+Attr

vaarhkedh	vaarhkedh+V+Inf
vaarhkedh	vaarhkedh+V+Der1+Der/didh+V+ConNeg
vaarhkedh	vaarhkedh+V+Der1+Der/didh+V+Imprt+Sg2
vaarhkedh	vaarhkedh+V+Der1+Der/didh+V+Ind+Prs+Sg2

tsåekies	tsåekies+A+Pred
tsåekies	tsåekies+A+Attr

tsåekie	tsåekie+N+Sg+Nom
tsåekie	tsåekies+A+Sg+Nom
tsåekie	tsåekies+A+Pred

tseagkoeh	tseagkoeh+A+Attr
tseagkoeh	tseagkodh+V+ConNeg
tseagkoeh	tseagkodh+V+Imprt+Sg2
tseagkoeh	tseagkodh+V+Ind+Prs+Sg2
tseagkoeh	tseagkodh+V+Ind+Prs+Pl3

tjïektje	tjïektje+N+Sg+Nom

tjåhkome	tjåhkodh+V+Der1+Der/NomAct+N+Sg+Nom
tjåhkome	tjåhkome+N+Sg+Nom

tjulhte	tjulhte+N+Sg+Nom

tjoejeles	tjoejeles+A+Pred
tjoejeles	tjoejeles+A+Attr

tjodte	tjodte+N+Sg+Nom

tjegkie	tjegkie+N+Sg+Nom

tjearone	tjearone+N+Sg+Nom

tjaekeds	tjaekeds+A+Pred
tjaekeds	tjaekeds+A+Attr

tjaatsetje	tjaetsie+N+Der1+Der/Dim+N+Sg+Nom
tjaatsetje	tjaatsetje+N+Sg+Nom

taatje	taatje+N+Sg+Nom

sælta	sælta+N+Sg+Nom

sægkodh	sægkodh+V+Inf

såeleme	såeleme+N+Sg+Nom

såake	såake+N+Sg+Nom

såajjoeh	såajjoeh+A+Attr
såajjoeh	såajjoeh+A+Pred
såajjoeh	såajjoeh+A+Attr

suenjere	suenjere+N+Sg+Nom

sualadihks	sualadidh+V+A+Der1+Der/ihks+Attr
sualadihks	sualadihks+A+Pred
sualadihks	sualadihks+A+Attr

stråenghkie	stråenghkie+N+Sg+Nom

spuarjoeh	spuarjoeh+A+Attr

sojjehtje	sojjehtje+A+Pred
sojjehtje	sojjehtje+A+Attr
sojjehtje	sojjehtje+A+Sg+Nom

snjuhtjeles	snjuhtjedh+V+Der1+Der/les+A+Pred
snjuhtjeles	snjuhtjedh+V+Der1+Der/les+A+Attr
snjuhtjeles	snjuhtjeles+A+Attr

slïedtje	slïedtje+N+Sg+Nom

slæjhtoe	slæjhtoe+N+Sg+Nom

sleagroeh	sleagroeh+A+Attr

slassoeh	slassoeh+A+Pred
slassoeh	slassoeh+A+Attr

slaejvie	slaejvie+N+Sg+Nom

slaajvoeh	slaajvoe+N+Pl+Nom
slaajvoeh	slaajvoeh+A+Attr

sjuvvie	sjuvvie+N+Sg+Nom

sjelmie	sjelmie+N+Sg+Nom

sjeavohth	sjeavohth+A+Pred
sjeavohth	sjeavohth+A+Sg+Nom
sjeavohth	sjeavohth+A+Pl+Nom
sjeavohth	sjeavohth+A+Attr

saasne	saasne+N+Sg+Nom
saasne	saasne+A+Attr

saaledh	saaledh+V+Inf
saaledh	saaledh+V+Der1+Der/didh+V+ConNeg
saaledh	saaledh+V+Der1+Der/didh+V+Imprt+Sg2
saaledh	saaledh+V+Der1+Der/didh+V+Ind+Prs+Sg2

saakse	saakse+A+Sg+Nom
saakse	saakse+A+Attr

saadteske	saadteske+A+Pred
saadteske	saadteske+A+Attr
saadteske	saadteske+N+Sg+Nom
saadteske	saadteske+A+Sg+Nom

reanhtoe	reanhtoe+N+Sg+Nom

raate	raate+N+Sg+Nom

prïetehtje	prïetehtje+A+Pred
prïetehtje	prïetehtje+A+Attr
prïetehtje	prïetehtje+A+Sg+Nom

prægkoe	prægkoe+N+Sg+Nom

prarrohke	prarrohke+N+Sg+Nom

plåamstere	plåamstere+N+Sg+Nom

nuvhlie	nuvhlie+N+Sg+Nom

njåasjloeh	njåasjloeh+A+Attr

njalle	njalle+N+Sg+Nom

nielkie	nielkie+N+Sg+Nom

mïelkese	mïelke+N+Sg+Ill
mïelkese	mïelkese+N+Sg+Nom

mulliedidh	mulliedidh+V+Inf
mulliedidh	mulliedidh+V+Ind+Prt+Pl2

muetie	muetie+N+Sg+Nom

molledh	molledh+V+Inf
molledh	molledh+V+Der1+Der/didh+V+ConNeg
molledh	molledh+V+Der1+Der/didh+V+Imprt+Sg2
molledh	molledh+V+Der1+Der/didh+V+Ind+Prs+Sg2
molledh	molledh+V+Der3+Der/PassS+Uml+V+Inf
molledh	molledh+V+Der3+Der/PassS+Uml+V+Der1+Der/didh+V+ConNeg
molledh	molledh+V+Der3+Der/PassS+Uml+V+Der1+Der/didh+V+Imprt+Sg2
molledh	molledh+V+Der3+Der/PassS+Uml+V+Der1+Der/didh+V+Ind+Prs+Sg2

moehtege	moehtegs+A+Sg+Nom
moehtege	moehtege+A+Pred
moehtege	moehtege+A+Attr
moehtege	moehtege+N+Sg+Nom
moehtege	moehtege+A+Sg+Nom

materiale	materiale+N+Sg+Nom

marngoeh	marngoeh+A+Pred
marngoeh	marngoeh+A+Attr

maajje	maajje+N+Sg+Nom

löökehtje	löökehtje+A+Pred
löökehtje	löökehtje+A+Attr
löökehtje	löökehtje+A+Sg+Nom

låemie	låemie+N+Sg+Nom

låahra	låahra+N+Sg+Nom

lyövlehke	lyövlehke+A+Pred
lyövlehke	lyövlehke+A+Attr
lyövlehke	lyövlehke+A+Sg+Nom

luvlede	luvlede+Adv

liejpie	liejpie+N+Sg+Nom

leevles	leevles+A+Pred
leevles	leevles+A+Attr

laessie	laessie+N+Sg+Nom

laemtjie	laemtjie+N+Sg+Nom

ladte	ladte+N+Sg+Nom

laavkeme	laavkodh+V+Act
laavkeme	laavkedh+V+Der1+Der/NomAct+N+Sg+Nom
laavkeme	laavkedh+V+PrfPrc
laavkeme	laavkedh+V+Act
laavkeme	laavkeme+N+Sg+Nom

kraasetje	kraesie+N+Der1+Der/Dim+N+Sg+Nom
kraasetje	kraase+N+Der1+Der/Dim+N+Sg+Nom
kraasetje	kraasetje+N+Sg+Nom

kraase	kraase+N+Sg+Nom

jolkesjidh	jolkesjidh+V+Inf
jolkesjidh	jolkesjidh+V+Ind+Prt+Pl2

jokse	jokse+N+Sg+Nom

jirriedasse	jirrede+N+Sg+Ill
jirriedasse	jirriedasse+Adv

jijhteme	jijhteme+N+Sg+Nom
jijhteme	jijhtedh+V+Act
jijhteme	jijhtedh+V+Der1+Der/NomAct+N+Sg+Nom

jiekuve	jiekuve+N+Sg+Nom

jatnoeh	jatnoeh+A+Attr

jalkesjidh	jalkesjidh+V+Inf
jalkesjidh	jalkesjidh+V+Ind+Prt+Pl2

jaknge	jaknge+A+Sg+Nom
jaknge	jaknge+A+Attr

jah	jah+CC

jadtehtidh	jadtehtidh+V+Inf
jadtehtidh	jadtehtidh+V+Ind+Prt+Pl2

jabpe	jabpe+N+Sg+Nom

jaavvoe	jaavvoe+N+Sg+Nom

iehtie	iehtie+N+Sg+Nom

håaloe	håaloe+N+Sg+Nom

hille	hille+N+Sg+Nom

haeresne	haerie+N+Sg+Ine
haeresne	haeresne+A+Pred

gæljoje	gæljodh+V+PrsPrc
gæljoje	gæljodh+V+Der1+Der/NomAg+N+Sg+Nom
gæljoje	gæljoje+N+Sg+Nom

gæhtjoeh	gæhtjodh+V+ConNeg
gæhtjoeh	gæhtjodh+V+Imprt+Sg2
gæhtjoeh	gæhtjodh+V+Ind+Prs+Sg2
gæhtjoeh	gæhtjodh+V+Ind+Prs+Pl3
gæhtjoeh	gæhtjoeh+A+Pred
gæhtjoeh	gæhtjoeh+A+Attr

gåervie	gåervie+N+Sg+Nom

gåabpah	gåabpah+Adv+Interr
gåabpah	gåabpah+Adv+Rel

gurrie	gurrie+N+Sg+Nom

guemie	guemie+N+Sg+Nom

govlijes	govledh+V+PrsPrc
govlijes	govledh+V+Der3+Der/PassS+Uml+V+PrsPrc
govlijes	govlijes+A+Pred
govlijes	govlijes+A+Attr

gorre	gårrodh+V+Ind+Prs+Uml+Sg3
gorre	gorre+N+Sg+Nom

gojhkelovvedh	gojhkelovvedh+V+Inf

goeje	goeje+N+Sg+Nom

giltie	giltie+N+Sg+Nom

gieseme	gïesedh+V+Der1+Der/NomAct+N+Sg+Nom
gieseme	gïesedh+V+PrfPrc
gieseme	gïesedh+V+Act
gieseme	gieseme+N+Sg+Nom
gieseme	giesedh+V+Act
gieseme	giesedh+V+Der1+Der/NomAct+N+Sg+Nom

gertele	gertele+N+Sg+Nom

gealta	gieltedh+V+Ind+Prs+Uml+Sg3
gealta	gealta+N+Sg+Nom

galhpoeh	galhpoeh+A+Pred
galhpoeh	galhpoeh+A+Attr

gaehtjie	gaehtjie+N+Sg+Nom

gadtse	gadtse+N+Sg+Nom

gaampe	gaampe+N+Sg+Nom

fååmijes	fååmijes+A+Pred
fååmijes	fååmijes+A+Attr

frïere	frïere+N+Sg+Nom

fiejlie	fiejlie+N+Sg+Nom

faellie	faellie+Adv

faasoe	faasoe+N+Sg+Nom

faahtele	faahtele+N+Sg+Nom

evtebe	evtebe+A+Comp+Sg+Nom
evtebe	evtebe+A+Comp+Pred
evtebe	evtebe+A+Comp+Attr

dïmpere	dïmpere+N+Sg+Nom

dæljah	dælja+N+Pl+Nom
dæljah	dæljah+A+Attr

dælja	dælja+N+Sg+Nom

duebpiedidh	duebpiedidh+V+Inf
duebpiedidh	duebpiedidh+V+Ind+Prt+Pl2

duebpede	duebpiedidh+V+Ind+Prs+Sg3
duebpede	duebpede+Adv

dualjetje	dueljie+N+Der1+Der/Dim+N+Sg+Nom
dualjetje	dualjetje+N+Sg+Nom

dovhtehke	dovhtehke+N+Sg+Nom

doelteme	doeltedh+V+Der1+Der/NomAct+N+Sg+Nom
doelteme	doeltedh+V+PrfPrc
doelteme	doeltedh+V+Act
doelteme	doelteme+N+Sg+Nom

dealoe	dealoe+N+Sg+Nom

daemies	daemies+A+Pred
daemies	daemies+A+Attr

bïerjese	bïerje+N+Sg+Ill
bïerjese	bïerjese+N+Sg+Nom

bæhtoe	bæhtoe+N+Sg+Nom

bååvteres	bååvteres+A+Pred
bååvteres	bååvteres+A+Attr

båårhkesjidh	båårhkesjidh+V+Inf
båårhkesjidh	båårhkesjidh+V+Ind+Prt+Pl2

bålhkoe	bålhkoe+N+Sg+Nom

bommulle	bommulle+N+Sg+Nom

betnie	betnie+N+Sg+Nom

bertie	bertie+N+Sg+Nom

bahke	bahke+N+Sg+Nom

baetskies	baetskies+A+Pred
baetskies	baetskies+A+Attr

aejmie	aejmie+N+Sg+Nom

aavhka	aavhka+N+Sg+Nom

aasne	aasne+A+Sg+Nom
aasne	aasne+A+Attr

aasmeles	aasmeles+A+Pred
aasmeles	aasmeles+A+Attr

aapåstele	aapåstele+N+Sg+Nom

aalhtere	aalhtere+N+Sg+Nom

