Jïjjegåårtesebiejjie	N	midnattssol

TV-boelhketje	N	TV-innslag

aajhteredïedte	N	eieransvar

aajhtoeguvvie	N	trusselbilde

aajla	N	hjerne

aalkoealmetjebarkoe	N	urfolksarbeid

aalkoealmetjeektiebarkoe	N	urfolkssamarbeid

aalkoealmetjegïele	N	urfolksspråk

aalkoealmetjenbyjrese	N	urfolksmiljø

aalkoealmetjendajve	N	urfolksområde

aalkoealmetjenduekie	N	urfolksbakgrunn

aalkoealmetjendåarjoe	N	urfolksstøtte

aalkoealmetjendåehkie	N	urfolksutvalg

aalkoealmetjengyhtjelasse	N	urfolksspørsmål

aalkoealmetjengyhtjelassh	N	urfolksspørsmål

aalkoealmetjengïele	N	urfolkspråk

aalkoealmetjenhealsoe	N	urfolkshelse

aalkoealmetjenhistovrije	N	urfolkshistorie

aalkoealmetjeninstitusjovne	N	urfolksinstitusjon

aalkoealmetjenjarnge	N	urfolkssenter

aalkoealmetjenkonsultasjovne	N	urfolkskonsultasjon

aalkoealmetjenkontovre	N	urfolkskontor

aalkoealmetjenkonvensjovne	N	urfolkskonvensjon

aalkoealmetjenkultuvre	N	urfolkskultur

aalkoealmetjenlitteratuvre	N	urfolkslitteratur

aalkoealmetjenmaana	N	urfolksbarn

aalkoealmetjennomme	N	urfolksnavn

aalkoealmetjenorganisasjovne	N	urfolksorganisasjon

aalkoealmetjenperspektijve	N	urfolksperspektiv

aalkoealmetjenposisjovne	N	urfolksposisjon

aalkoealmetjenreakta	N	urfolksrettighet

aalkoealmetjenreaktoe	N	urfolksrett

aalkoealmetjenseabradahke	N	urfolkssamfunn

aalkoealmetjenståvroe	N	urfolksstyre

aalkoealmetjentjåanghkoe	N	urfolksmøte

aalkoealmetjenyjsenæjja	N	urfolkskvinne

aalkoealmetjenåejvie	N	urfolksleder

aalkoealmetjenåvtehke	N	urfolksleder

aalkoealmetjeprosjekte	N	urfolksprosjekt

aalkoealmetjestudente	N	urfolksstudent

aalkoealmetjeövtiedimmie	N	urfolksutvikling

aalkoealmetjidaajroe	N	urfolksvitenskap

aalkoealmetjimaahtoe	N	urfolkskunnskap

aalkoebielie	N	innledningsdel
aalkoebielie	N	forside

aalkoedåarjoe	N	etableringsstipend

aalkoekurse	N	nybegynnerkurs

aalkoesæjroe	N	forside

aalkoetekste	N	innledningstekst

aalkoeåålmegeduekie	N	urfolksbakgrunn

aalkoeåålmegedåehkie	N	urfolksgruppe

aalkoeåålmegehealsoe	N	urfolkshelse

aalkoeåålmegemaana	N	urfolksbarn

aalkoeåålmegendajve	N	urfolksområde

aalkoeåålmegendåarjoe	N	urfolksstøtte

aalkoeåålmegenhistovrije	N	urfolkshistorie
aalkoeåålmegenhistovrije	N	urbefolkningshistorie

aalkoeåålmegenlaante	N	urfolksområde

aalkoeåålmegenomme	N	urfolksnavn

aalkoeåålmegenyjsenæjja	N	urfolkskvinne

aalkoeåålmegeorgaane	N	urfolksorgan

aalkoeåålmegeorganisasjovne	N	urfolksorganisasjon

aalkoeåålmegeprogramme	N	urfolksprogram

aalkoeåålmegereerenasse	N	urfolksregjering

aalkoeåålmegeregijovne	N	urfolksregion

aalkoeåålmegestrategije	N	urfolksstrategi

aalkoeåålmegeståvroe	N	urfolksstyre

aalkoeåålmehaamhtese	N	urfolkstema

aalkoeåålmehdaajroe	N	urfolksvitenskap

aalkoeåålmehkonferanse	N	urfolkskonferanse

aalkoeåålmehmaahtoe	N	urfolkskunnskap

aalkoeåålmehpedagogihke	N	urfolkspedagogikk

aalkoeåålmehpolitihke	N	urfolkspolitikk

aamhtesedajve	N	emneområde
aamhtesedajve	N	saksområde

aamhtesekaarhte	N	emnekart

aamhtesekurse	N	temakurs

aamhtesenummere	N	saksnummer

aamhteseplaaretje	N	temahefte

aamhteseprovsa	N	sakprosa

aamhtesesuerkie	N	emneområde
aamhtesesuerkie	N	saksfelt

aamhtesesæjroe	N	temaside

aamhtesetjaaleldahke	N	saksdokument

aamhtesetjaatsege	N	saksdokument

aamhtesetjåanghkoe	N	temamøte

aamhteseöörnege	N	saksgang

aangkerdimmesraaje	N	reklamasjonsfrist

aantegesluejhteme-prievie	N	avlatsbrev

aarhskuvlefaaleldahke	N	førskoletilbud

aarhskuvlenmaana	N	førskolebarn

aarkebiejjiepolitihke	N	hverdagspolitikk

aarvoevåarome	N	verdigrunnlag

aavoedimmie	N	feiring

abpetïjje	N	heltid

aehtjiebiejjie	N	farsdag

aejkieguvvie	N	tidsbilde

aejkietjaalege	N	tidsskrift

aejkievierhtie	N	tidsressurs

aejlegsskuvle	N	søndagsskole

aeredssaadtege	N	morgensending

aerpiegaerie	N	kulturarv

aerpiemaahtoe	N	tradisjonskunnskap

aggresjovne	N	aggresjon

akademije	N	akademi

aksjovne	N	aksjon

aktööre	N	aktør

albumme	N	album

alfabeete	N	alfabet

allagåptoe	N	ullkjole

almehtjïerte	N	befolkningsgruppe

almetje-jeananimmie	N	befolkningsvekst

almetjelohkeme	N	folketelling

almetjennomme	N	personnavn

almetjenummere	N	personnummer

almetjereakta	N	menneskerettighet
almetjereakta	N	menneskerett

almetjereaktabarkoe	N	menneskerettighetsarbeid

almetjereaktabyjrese	N	menneskerettighetsmiljø

almetjereaktadåapmoestovle	N	menneskerettighetsdomstol

almetjereaktagyhtjelasse	N	menneskerettighetsspørsmål

almetjereaktapolitihke	N	menneskerettighetspolitikk

almetjeskaara	N	personskade

almetjeskuvle	N	folkeskole

almetjeveeljeme	N	personvalg

almetjh	N	publikum

ammesbaakoe	N	fremmedord

ammesbaakoegærja	N	fremmedordbok

antropologije	N	antropologi

applikasjovne	N	applikasjon

areaale	N	areal

areaaleaamhtese	N	arealsak

areaaledåarjoe	N	arealtilskudd

areaalegyhtjelasse	N	arealspørsmål

areaaleperspektijve	N	arealperspektiv

areaalepolitihke	N	arealpolitikk

areaaleraaja	N	arealgrense

areaalereakta	N	arealrettighet

areaalesoejkesje	N	arealplan

areaalestrategije	N	arealstrategi

areaaletsiehkie	N	arealsituasjon

areaalevaarjelimmie	N	arealvern

areaalevierhtie	N	arealressurs
areaalevierhtie	N	arealverdi

areaalevåarome	N	arealgrunnlag

argumente	N	argument

arkeologije	N	arkeologi

arkitekte	N	arkitekt

arkitektuvre	N	arkitektur

artiste	N	artist

askeplaerie	N	månedsmagasin

assistente	N	assistent

astma	N	astma

asve	N	angst

atome	N	atom

atomefaamoe	N	atomkraft

autorisasjovne	N	autorisasjonsbevilling

baahtjetje	N	gutt

baakoedaatabaase	N	orddatabase

baakoegærjatjaelije	N	ordbokforfatter

baakoeræjhkoesvoete	N	ordrikdom

baalhkabarkoe	N	lønnsarbeid

baalhkadåastoje	N	lønnsmottaker

baalhkaevtiedimmie	N	lønnsutvikling

baalhkagyhtjelasse	N	lønnsspørsmål

baalhkajoekehtse	N	lønnsforskjell

baalhkakommisjovne	N	lønnskommisjon

baalhkapolitihke	N	lønnspolitikk

baalhkatsiehkie	N	lønnstrinn

baanghkekonto	N	bankkonto

baanghkesuerkie	N	banksektor

baanghkeåvtehke	N	banksjef

baataræjjapolitihke	N	flyktningpolitikk

baektieindustrije	N	bergindustri

baeniedåakteregåetie	N	tannlegebolig

baeniedåakterestudente	N	tannlegestudent

baeniedåaktereööhpehtimmie	N	tannlegeutdanning

baeniedåvvoje	N	tannlege

baeniegïetedalleme	N	tannbehandling
baeniegïetedalleme	N	tannlegebehandling

baeniehealsoe	N	tannhelse

baeniehealsoesuerkie	N	tannhelsesektor

baeniehealsoesåjhtoe	N	tannhelsetjeneste

baeniehealsoetjaelije	N	tannhelsesekretær

baenieskïemtjelasse	N	tannsykdom

baeniesåjhtoe	N	tannhelsetjeneste

baenievaarjelimmie	N	tannvern

baersieldimmiejaepie	N	fødselsår

baersieldimmienummere	N	fødselsnummer

bahkenhïngse	N	greplyng

bajhke-bovrege	N	kjøttflue

baltastæjjavaajese	N	spøkelseshistorie

barkijepolitihke	N	personalpolitikk

barkijetjïehtjele	N	personalrom

barkijh	N	personale

barkoeaejkie	N	arbeidstid

barkoebiejjie	N	arbeidsdag

barkoeboelhke	N	arbeidsperiode

barkoebyjrese	N	arbeidsmiljø

barkoedåehkielïhtsege	N	arbeidsgruppemedlem

barkoedïeneste	N	arbeidsfortjeneste

barkoefaalije	N	arbeidsgiver

barkoefaamoe	N	arbeidsstyrke
barkoefaamoe	N	arbeidskraft

barkoegoerehtse	N	jobbintervju

barkoegïele	N	arbeidsspråk

barkoejaepie	N	arbeidsår

barkoejieleme	N	arbeidsliv
barkoejieleme	N	yrkesliv

barkoekonferanse	N	arbeidskonferanse

barkoeluhpie	N	arbeidstillatelse

barkoeohtsije	N	arbeidssøker

barkoeprogramme	N	arbeidsprogram

barkoereaktoe	N	arbeidsrett

barkoes	N	arbeidskrevende

barkoeseminaare	N	arbeidsseminar

barkoesijjieevtiedimmie	N	arbeidsplassutvikling

barkoetjaaleldahke	N	arbeidsdokument

barkoetjåanghkoe	N	arbeidsmøte

barkoetsiehkie	N	arbeidsforhold
barkoetsiehkie	N	arbeidssituasjon

barkoetïjje	N	arbeidstid

barkohtsmaaksoe	N	arbeidsledighetstrygd

batterije	N	batteri

bealhtoenmuerjie	N	tranbær

bealloeladtetje	N	blåstrupe

beapmoebovre	N	matbutikk

beapmoedorjese	N	matprodukt

beapmoefeete	N	matfat

beapmoeguelie	N	matfisk

beapmoeietnie	N	fostermor

beapmoelihtie	N	matfat

bearkoeåasa	N	kjøttpris

beetneh-vadtese	N	pengegave

beetneh-åesie	N	pengebeløp

beetnehkurse	N	kronekurs

beetnehtjåadtjoehtæjja	N	kassør

beetnehvoesse	N	pengesekk

bensinstasjovne	N	bensinstasjon

betaversjovne	N	betaversjon

biblijografije	N	bibliografi

biblijoteekaare	N	bibliotekar

biejjiebeetnegh	N	dagpenger

biejjiejarnge	N	dagsenter

biejjielåhkoe	N	kalender

biejjiereagka	N	solring

biejjiesysteeme	N	solsystem

biejjietjoevke	N	dagslys

biejjieöörnege	N	dagsorden

bieliejaepie	N	halvår

bieliejaepieboelhke	N	halvårsenhet

bielietæjmoe	N	halvtime

bieljie-njuenie-tjeapohke	N	øre-nese-hals

bieljiegietjie	N	ørespiss
bieljiegietjie	N	øreflipp

biografije	N	biografi

biologije	N	biologi

bissemebearkoe	N	stekkjøtt

blogge	N	blogg

boelveperspektijve	N	generasjonsperspektiv

boernes	N	foster

boetskes-gåetie	N	do
boetskes-gåetie	N	WC

bokstaave	N	bokstav

botanihke	N	botanikk

bovregïele	N	butikkspråk

bovrejarnge	N	butikksenter

bovtselåhkoe	N	reintall

bovtselåhkoenjoelkedasse	N	reintallsregel

bovvelimmie	N	massakre

budsjehtedåarjoe	N	budsjettstøtte

budsjehtetjåanghkoe	N	budsjettmøte

bueleme	N	brann

buertiejuelkie	N	bordbein

buertiesaevege	N	bordflagg

bulldovsere	N	bulldoser

bussefaaleldahke	N	busstilbud

byjjenimmesnuepie	N	oppvekstvilkår

byjjenimmie	N	oppvekst

byjjenimmie-åejvie	N	oppvekstsjef

byjjeselaake	N	offentlighetslov

byjjesfaamoe	N	myndighet

byjjespaehperh	N	offentlige_papirer

byjjestjaatsege	N	offentlig_dokument

byjreseaajhtoe	N	miljøtrussel

byjreseaamhtese	N	miljøsak

byjresebarkije	N	miljøarbeider

byjresebarkoe	N	miljøarbeid

byjresedaajroe	N	miljøkunnskap

byjresedajve	N	miljøområde

byjresedotkeme	N	miljøforskning

byjresedåarjoe	N	miljøtilskudd

byjreseektiebarkoe	N	miljøsamarbeid

byjreseevtiedimmie	N	miljøutvikling

byjresegyhtjelasse	N	miljøspørsmål

byjresejarnge	N	miljøsenter

byjreseperspektijve	N	miljøperspektiv

byjresepolitihke	N	miljøpolitikk

byjreseprogramme	N	miljøprogram

byjresereakta	N	miljørett

byjresereereme	N	miljøforvaltning

byjreseråajvarimmie	N	miljøtiltak

byjreseteknologije	N	miljøteknologi

byjresevaarjelimmie	N	miljøvern

byjresevaarjelimmiebarkoe	N	miljøvernarbeid

byjresevaarjelimmieektiebarkoe	N	miljøvernsamarbeid

byjresevaarjelimmiegoevtese	N	miljøvernavdeling

byjresevaarjelimmielaake	N	miljøvernlov

byjresevaarjelimmiepolitihke	N	miljøvernpolitikk

byjresevierhtie	N	miljøressurs

byjreseövtiedimmie	N	miljøutvikling

byjreskedåehkie	N	miljøteam

byjresketjoepere	N	miljøproblem

byögkelesvoete	N	offentlighet

byötskese	N	klipp

båaloeraejkie	N	knapphull

båantakultuvre	N	bondekultur

båantasiebrie	N	bondelag

båarka	N	borg

båastoeh-påastemïerhke	N	returporto

båatsoeburrieaamhtese	N	reindriftssak

båatsoeburriebyjrese	N	reindriftsmiljø

båatsoeburriedotkeme	N	reindriftsforskning

båatsoeburriedåehkie	N	reindriftsgruppe

båatsoeburrieekonomije	N	reindriftsøkonomi

båatsoeburrieektiebarkoe	N	reindriftssamarbeid

båatsoeburriefuelhkie	N	reindriftsfamilie

båatsoeburriegyhtjelasse	N	reindriftsspørsmål

båatsoeburrieklaasse	N	reindriftsklasse

båatsoeburrielearohke	N	reindriftselev

båatsoeburrienoerh	N	reindriftsungdom

båatsoeburriepolitihke	N	reindriftspolitikk

båatsoeburrieseminaare	N	reindriftseminar

båatsoeburriestatistihke	N	reindriftstatistikk

båatsoeburrieööhpehtimmie	N	reindriftsutdanning
båatsoeburrieööhpehtimmie	N	reindriftsundervisning

båatsoefaage	N	reindriftsfag

båatsoelaakeaamhtese	N	reindriftslovsak

båatsoelaante	N	reindriftsland

båatsoelatjkoe	N	reindriftsavtale
båatsoelatjkoe	N	reinbeiteavtale

båatsoeorganisasjovne	N	reindriftsorganisasjon

båatsoereaktah	N	reindriftsrett

båatsoereereme	N	reindriftsforvaltning

båatsoesaemiemaana	N	reindriftssameunge

båatsoesysteeme	N	reindriftssystem

båatsoeterminologije	N	reindriftsterminologi

båatsoetjïelte	N	reindriftskommune

båatsoevuekie	N	reindriftsskikk

båeriesbaernie	N	ungkar

bååstedepaantje	N	returpakning

bïegkefaamoevierhkie	N	vindkraftverk

bïegkevierhtie	N	vindressurs

bïekerenmuerjie	N	tranbær
bïekerenmuerjie	N	blokkebær
bïekerenmuerjie	N	skinntryte
bïekerenmuerjie	N	mikkelsbær

bïerjeaarhte	N	bergart

bïevnesbaanghke	N	infobank

bïevnese-åasa	N	annonsekostnad

bïevnesebarkoe	N	informasjonsarbeid
bïevnesebarkoe	N	opplysningsarbeid

bïevnesedirektööre	N	informasjonsdirektør

bïevnesedïrrege	N	informasjonsverktøy

bïevnesefaaleldahke	N	informasjonstilbud

bïevnesegaaltije	N	informasjonskilde

bïevnesegaavnedimmie	N	informasjonstreff

bïevnesegïehtelimmie	N	opplysningsvirksomhet

bïevnesejarnge	N	informasjonssenter

bïevnesekonsulente	N	informasjonskonsulent

bïevnesekontovre	N	informasjonskontor

bïevnesemaahtoe	N	informasjonskompetanse

bïevneseorgaane	N	informasjonsorgan

bïevneseplaerie	N	informasjonsblad

bïevnesepolitihke	N	informasjonspolitikk

bïevneseprosjekte	N	informasjonsprosjekt

bïevneseråajvarimmie	N	informasjonstiltak

bïevneseseabradahke	N	informasjonssamfunn

bïevnesestrategije	N	informasjonsstrategi

bïevnesesuerkie	N	opplysningssektor

bïevnesesysteeme	N	informasjonssystem

bïevneseteknihke	N	informasjonsteknikk

bïevneseteknologije	N	informasjonsteknologi

bïevnesetjaalege	N	informasjonsskriv
bïevnesetjaalege	N	opplysningsskrift

bïevnesetjåanghkoe	N	informasjonsmøte

bïevnesevåarome	N	informasjonsgrunnlag

bïevneseåejvie	N	informasjonsleder

bïevneseåvtehke	N	informasjonssjef

bïevneseöörnege	N	informasjonsordning

bïhkedimmiebarkoe	N	veiledningsarbeid

bïhkedimmiedïedte	N	veiledningsansvar

bïhkedimmiefaaleldahke	N	veiledningstilbud

bïhkedimmiejarnge	N	veiledningssenter

bïhkedimmiekurse	N	veiledningskurs

bïhkedsdåemiedimmie	N	veiledningsrolle

bïjleraajroe	N	bilkolonne

bïjlevuejije	N	bilist

bööreme	N	invitasjon

böösetje	N	gutt

collasje	N	collage

daajroevåarome	N	kunnskapsgrunnlag

daaroedehteme	N	fornorsking
daaroedehteme	N	fornorskning

daaroedehtemebarkoe	N	fornorskingsarbeid
daaroedehtemebarkoe	N	fornorskningsarbeid

daaroedehtemehistovrije	N	fornorskingshistorie

daaroedehtemepolitihke	N	fornorskingspolitikk
daaroedehtemepolitihke	N	fornorskningspolitikk

daaroenööhpehtimmie	N	norskopplæring

daaroeööhpehtimmie	N	norskundervisning

daatabarkoe	N	datajobb

daatadåvvome	N	datareperasjon

daatagïetedalleme	N	databehandling

daatagïetedimmie	N	databehandling

daatalingvistihke	N	datalingvistikk

daatamasjijne	N	data

daataseedteme	N	dataoverføring

daataspeale	N	dataspill

daatovre	N	datamaskin

daelhkiegïehtjedimmie	N	værovervåkning

daelhkieåelie	N	værbeskyttelse

daeliemehkie	N	dalbunn

daelvieskuvle	N	vinterskole

daelviestååkedimmie	N	vinterlek

daelvietjïelte	N	vinterkommune

daevertjåagkaldahke	N	gjenstandssamling

dahkoesoejkesje	N	handlingsplan

dajvekontovre	N	lokalkontor

dajvenkaarhte	N	landskapskart

dajvenommeprosjekte	N	stedsnavnprosjekt

dajvestruktuvre	N	kretsstruktur

dajveståvroe	N	områdestyre

dajvevaarjelimmie	N	områdevern

dajveöörnege	N	områdeordning

darjomeprogramme	N	handlingsprogram

darjomesoejkesje	N	handlingsplan

deahpadimmie	N	fakta
deahpadimmie	N	hendelse

deatjalommes	N	blinding

deerjeldahke	N	forurensing

demografije	N	demografi

demokratijeevtiedimmie	N	demokratiutvikling

demonstrasjovne	N	demonstrasjon

departementedaltese	N	departementsnivå

departementegoevtese	N	departementsavdeling

departementeraerie	N	departementsråd

designe	N	design

dielhtienjuenie	N	isbrefront

dieselmotovre	N	dieselmotor

digkiedimmieaamhtese	N	diskusjonsemne

digkiedimmiebielie	N	drøftingsdel

digkiedimmietjåanghkoe	N	debattmøte

digkiedæjja	N	debattant

digkiereaktadåapmere	N	tingrettsdommer

digkiereaktoe	N	tingrett

dihkienkraesie	N	lusegras

dimensjovne	N	dimensjon

diplomatije	N	diplomati

diplomatijelosje	N	diplomatlosje

direktijve	N	direktiv

direktoraate	N	direktorat

diskose	N	diskos

dispensasjovne	N	dispensasjon

ditniebåaloe	N	tinnknapp

doekemeåejvie	N	salgssjef

doemesjæjja	N	dommer

doerehke	N	marikåpe

dokumentasjovne	N	dokumentasjon

dokumentasjovnedïrrege	N	dokumentasjonsverktøy

dokumente	N	dokument

dokumentelæstoe	N	dokumentliste

domhpelearoe	N	maskinlære

dotkeme	N	forskning

dotkemeaamhtese	N	forskningstema
dotkemeaamhtese	N	forskningssak

dotkemebarkoe	N	forskningsarbeid

dotkemebyjrese	N	forskningsmiljø

dotkemebïevnese	N	forskningsmelding

dotkemedarjome	N	forskningsaktivitet

dotkemedirektööre	N	forskningsdirektør

dotkemedïedte	N	forskningsansvar

dotkemeektiebarkoe	N	forskningssamarbeid

dotkemegoevtese	N	forskningsavdeling

dotkemegyhtjelasse	N	forskningsspørsmål

dotkemegïele	N	forskningsspråk

dotkemehistovrije	N	forskningshistorie

dotkemeinstituhte	N	forskningsinstitutt

dotkemejarnge	N	forskningssenter

dotkememaahtoe	N	forskningskompetanse

dotkemeohtseme	N	forskningssøknad

dotkemepolitihke	N	forskningspolitikk

dotkemeråajvarimmie	N	forskningstiltak

dotkemesoejkesje	N	forskningsplan

dotkemestasjovne	N	forskningsstasjon

dotkemeståvroe	N	forskningsstyre

dotkemesuerkie	N	forskningsfelt

dotkemesysteeme	N	forskningssystem

dotkemeveartene	N	forskningsverden

dotkemevierhtie	N	forskningsmiddel

dotkemevuekie	N	forskningstradisjon

dotkemeåejvie	N	forskningsleder

dotkemeïedtje	N	forskningsinteresse

dotkije	N	forsker

dovhke-burhvie	N	begerlav

draamaööhpehtimmie	N	dramaundervisning

duekiedaajroe	N	bakgrunnskunnskap

dyölehke	N	dørstokk

dåallere	N	dollar

dåapmere	N	dommer

dåapmoestovlelaake	N	domstollov

dåapmoestovlesysteeme	N	domstolssystem

dåaramojhtese	N	krigsminne

dåarjoeaamhtese	N	tilskuddssak

dåarjoeaejkie	N	stønadsperiode

dåarjoedåehkie	N	støttegruppe

dåarjoeohtsije	N	tilskuddssøker

dåarjoeorgaane	N	tilskuddsorgan

dåarjoeprievie	N	tilskuddsbrev

dåarjoeprosente	N	tilskuddsprosent

dåarjoepåaste	N	tilskuddspost

dåarjoereereme	N	tilskuddsforvaltning

dåarjoeståvroe	N	tilskuddsstyre

dåarjoesuerkie	N	tilskuddsområde

dåarjoesysteeme	N	støttesystem

dåarjoevierhtie	N	tilskuddsressurs

dåarjoeöörnege	N	støtteordning
dåarjoeöörnege	N	tilskuddsordning

dåarjoje	N	tilhenger

dåastojeöörnege	N	mottaksordning

dåehkie-dïedte	N	gruppepress

dåehkiesoptsestimmie	N	gruppesamtale

dåehkieståvroe	N	gruppestyre

dåehkietjaelije	N	gruppesekretær

dåehkietjåanghkoe	N	gruppemøte

dåehkievierhtie	N	gruppemiddel

dåehkieåvtehke	N	gruppeleder

dåvvome	N	restaurering

dååjrehtse	N	opplevelse

dååkteredaajroe	N	legevitenskap

dïedtedajve	N	ansvarsområde

dïedteguedtije	N	ansvarlig

dïedtelgimmie	N	diskriminering

dïedtesuerkie	N	ansvarsområde

dïenesje	N	tjeneste

dïenesjimmie	N	inntektsgrunnlag

dïeske	N	transportmiddel

eahpele	N	eple

eatnemeaerpie	N	verdensarvliste

eatnemeaerpiesijjie	N	verdensarvsted

eatnemebielie	N	verdensdel

eatnemebyjreske	N	naturmiljø

eatnemefaage	N	naturfag

eatnemegoerpe	N	naturkatastrofe

eatnemehistovrije	N	landskapshistorie

eatnemejarnge	N	verdenssenter

eatnememaahtoe	N	naturkunnskap

eatnememojhtese	N	naturminne

eatnemenmuerjie	N	jordbær

eatnemenvaarjelimmiedajve	N	landskapsvernområde

eatnemenvierhtie	N	naturverdi

eatnemeseabradahke	N	verdenssamfunn

eatnemevaarjelimmie	N	naturvern
eatnemevaarjelimmie	N	landskapsvern

eatnemevaarjelimmielaake	N	naturvernlov

eatnemevierhtie	N	naturressurs
eatnemevierhtie	N	jordressurs

eejehtimmiereakta	N	ferierettighet

eejehtimmiesviejsjie	N	ferievane

eejehtimmietjognh	N	fritidsutstyr

eejehtsaske	N	feriemåned

eejhteges	N	forelder

eekeaamhtese	N	eiendomssak

eekegyhtjelasse	N	eiendomsspørsmål

eekepolitihke	N	eiendomspolitikk

eekeraaja	N	eiendomsgrense

eekereakta	N	eiendomsrett

eekereereme	N	eiendomsforvaltning

eekeåasa	N	eiendomspris

ekonomijenjoelkedasse	N	økonomireglement

ekonomijesoejkesje	N	økonomiplan

ekonomijesuerkie	N	økonomiområde

eksaamenebiejjie	N	eksamensdag

eksaameneboelhke	N	eksamensperiode

eksemplaare	N	eksemplar

ektiebarkoeaktööre	N	samarbeidsaktør

ektiebarkoedajve	N	samarbeidsområde

ektiebarkoedåehkie	N	samarbeidsgruppe
ektiebarkoedåehkie	N	samarbeidsutvalg

ektiebarkoegyhtjelasse	N	samarbeidsspørsmål

ektiebarkoegïele	N	samarbeidsspråk

ektiebarkoekonferanse	N	samarbeidskonferanse

ektiebarkoelaante	N	samarbeidsland

ektiebarkoemaahtoe	N	samarbeidskompetanse

ektiebarkoenååhtedimmie	N	samarbeidsavtale

ektiebarkoeorgaane	N	samarbeidsorgan

ektiebarkoeprosjekte	N	samarbeidsprosjekt

ektiebarkoeråajvarimmie	N	samarbeidstiltak

ektiebarkoesoejkesje	N	samarbeidsplan

ektiebarkoetjåanghkoe	N	samarbeidsmøte

ektiebarkoeöörnege	N	samarbeidsordning

ektiedimmieperspektijve	N	inkluderingsperspektiv

el-faamoe	N	elektrisitet

elliestïjje	N	heltid

elliesvoeteperspektijve	N	helhetsperspektiv

elliesvïhnesjimmie	N	standpunktvurdering
elliesvïhnesjimmie	N	standpunktkarakter

energijedepartemente	N	energidepartement

energijedirektoraate	N	energidirektorat

energijedirektööre	N	energidirektør

energijeektiebarkoe	N	energisamarbeid

energijegaaltije	N	energikilde

energijepolitihke	N	energipolitikk

energijestrategije	N	energistrategi

energijesuerkie	N	energisektor

energijesysteeme	N	energisystem

energijesïelte	N	energiselskap

energijevierhtie	N	energiressurs

englaantengïele	N	engelsk

etaate	N	etat

etihke	N	etikk

etihkemoenehtse	N	etikkutvalg

etnisiteete	N	etnisitet

etnografije	N	etnografi

euro	N	euro

evtiedimmieaamhtese	N	utviklingssak

evtiedimmieaktööre	N	utviklingsaktør

evtiedimmiebarkije	N	utviklingsarbeider

evtiedimmiebarkoe	N	utviklingsarbeid

evtiedimmiebeetnegh	N	utviklingspenger

evtiedimmiebyjrese	N	utviklingsmiljø

evtiedimmiedåarjoe	N	utviklingstilskudd

evtiedimmiedåehkie	N	utviklingsgruppe

evtiedimmieektiebarkoe	N	utviklingssamarbeid

evtiedimmiefaaleldahke	N	utviklingstilbud

evtiedimmiegoevtese	N	utviklingsavdeling

evtiedimmiekurse	N	utviklingskurs

evtiedimmiemaahtoe	N	utviklingskompetanse

evtiedimmienalternatijve	N	utviklingsalternativ

evtiedimmieperspektijve	N	utviklingsperspektiv

evtiedimmiepolitihke	N	utviklingspolitikk

evtiedimmieprogramme	N	utviklingsprogram

evtiedimmieprosjekte	N	utviklingsprosjekt

evtiedimmieråajvarimmie	N	utviklingstiltak

evtiedimmiesysteeme	N	utviklingssystem

evtiedimmiesïelte	N	utviklingsselskap

evtiedimmietjïelte	N	utviklingskommune

evtiedimmieuvtelasse	N	utviklingsforslag

evtiedimmievierhtie	N	utviklingsmiddel
evtiedimmievierhtie	N	utviklingsressurs

evtiedimmieåejvie	N	utviklingsleder

evtiehtasse	N	forslag

faagealmetje	N	fagfolk

faagebaakoe	N	fagord
faagebaakoe	N	faguttrykk

faagebyjrese	N	fagmiljø

faagedajve	N	fagområde

faagedåehkie	N	fagutvalg

faageevtiedimmieprosjekte	N	fagutviklingsprosjekt

faagegærjagåetie	N	fagbibliotek

faagegïele	N	fagspråk

faagekonsulente	N	fagkonsulent

faagelitteratuvre	N	faglitteratur

faagemaahtoe	N	fagkunnskap

faagemoenehtse	N	fagkomité

faageorganisasjovne	N	fagorganisasjon

faageprievie	N	fagbrev

faageprievieööhpehtimmie	N	fagbrevopplæring

faageprievieöörnege	N	fagbrevordning

faagesiebrie	N	fagforening

faageskuvle	N	fagskole

faageskuvleståvroe	N	fagskolestyre

faageterme	N	fagterm

faagetermedåehkie	N	fagtermgruppe

faageterminologije	N	fagterminologi

faageterminologijedåehkie	N	fagterminologigruppe

faageööhpehtimmie	N	fagopplæring

faaleldahkekonferanse	N	tilbudskonferanse

faamoegæmhpome	N	maktkamp

faamoejarnge	N	kraftsenter

faangkeleejre	N	fangeleir

faktore	N	faktor

fealadimmiebeetnegh	N	reisepenger

fealadimmiebudsjehte	N	reisebudsjett

fealadimmiepolitihke	N	reisepolitikk

feelemedåarjoe	N	reisestøtte

feelemedåarjoeöörnege	N	reisestøtteordning

feelemesïelte	N	reiseselskap

feelemevuekie	N	reisemåte

festivaale	N	festival

festivaaledåarjoe	N	festivalstøtte

festivaalegærjagåetie	N	festivalbibliotek

fijle	N	fil

filmebarkoe	N	filmarbeid

filosofije	N	filosofi

finansdepartemente	N	finansdepartement

finanseministere	N	finansminister

finansesuerkie	N	finanssektor

fonetihke	N	fonetikk

fraanskegïele	N	fransk_språk

franskegïele	N	fransk

frïjjevoete	N	frihet

fuelhkiedåehkie	N	familiegruppe

fuelhkiefealadimmie	N	familietur

fuelhkielïhtsege	N	familiemedlem

fuelhkiemaanajgïerte	N	familiebarnehage

fuelhkiepolitihke	N	familiepolitikk

funksjovne	N	funksjon

fylhkebaeniedåaktere	N	fylkestannlege

fylhkedaltese	N	fylkesnivå

fylhkedelegasjovne	N	fylkesdelegasjon

fylhkedigkienveeljeme	N	fylkestingsvalg

fylhkedirektööre	N	fylkesdirektør

fylhkedåaktere	N	fylkeslege

fylhkedåehkie	N	fylkesutvalg

fylhkegærjagåetie	N	fylkesbibliotek

fylhkekonservaatore	N	fylkeskonservator

fylhkemoenehtse	N	fylkesutvalg

fylhkenveeljemeståvroe	N	fylkesvalgstyre

fylhkenålma	N	fylkesmann

fylhkepolijtikere	N	fylkespolitiker

fylhkepolitihke	N	fylkespolitikk

fylhkeraastege	N	fylkesgrense

fylhkesaevege	N	fylkesflagg

fylhkesoejkesjebarkoe	N	fylkesplanarbeid

fylhkeståvroe	N	fylkesstyre

fylhkeståvroelïhtsege	N	fylkesstyremedlem

fylhkesïelte	N	fylkesselskap

fylhketjåanghkoe	N	fylkesmøte

fylhkeåejvie	N	fylkesleder

fysiologije	N	fysiologi

fïerpene	N	tepperot

fïerpese	N	tepperot

gaahtjemefaamoe	N	konkurransekraft

gaahtjemelaake	N	konkurranselov

gaahtjemenjoelkedasse	N	konkurranseregel

gaahtjemepolitihke	N	konkurransepolitikk

gaahtjemereakta	N	konkurranserettighet

gaahtjemereaktoe	N	konkurranserett

gaahtjemetjaatsege	N	konkurransedokument

gaahtjemevåarome	N	konkurransegrunnlag

gaahtjije	N	konkurrent

gaajhkesieeke	N	allemannseie

gaaltijeåtnoe	N	kildebruk

gaarsje	N	kondisjon

gaarsjestadijumme	N	idrettsstadion

gaasse	N	gass

gaatene-skaavhte	N	gatehjørne

gaatenviermie	N	gatenett

gaavnehtæjja	N	oppfinner

gaertjiedimmie	N	innskrenking

gaptansissie	N	koftearm

garsefaamoe	N	fossekraft

gaskebiejjhgoerve	N	middagspølse

gaskebiejjienfeete	N	middagstallerken

gaskefaage	N	mellomfag

gaskemedtie	N	gjennomsnitt

gaskemedtiefuelhkie	N	gjennomsnittsfamilie

gaskemedtievierhtie	N	gjennomsnittsverdi

gaskesadteme	N	kommunikasjon
gaskesadteme	N	dialog

gaskesadtemedirektööre	N	kommunikasjonsdirektør

gaskesadtemedïrrege	N	kommunikasjonsverktøy

gaskesadtemegïehtelimmie	N	kommunikasjonsvirksomhet

gaskesadtememaahtoe	N	kommunikasjonsferdighet

gaskeviermiesæjroe	N	internettside

gaskeviermieåtnoe	N	internettbruk

geajnaviermie	N	veinett

geajnoesoejkesje	N	veiplan

geajnoeviermie	N	veinett

geavta	N	lengde

gejhkiegueliennjoelkedasse	N	tørrfiskregel

gellievoete	N	mangfold

geografije	N	geografi

gerniegaertene	N	korngård

gernjere	N	albue

giehpiedimmie	N	reduksjon

gierese	N	sklie

gierkietaavla	N	steintavle

giesiehahtjoe	N	sommerhytte

giesiekurse	N	sommerkurs

giesieskuvle	N	sommerskole

giesiestååkegaevnie	N	sommerleker

giesietjåanghkoe	N	sommersamling

giesietjïelte	N	sommerkommune

gihtjemevæhta	N	spørsmålstegn

girtiefealadimmie	N	flyreise

girtiefeelije	N	flypassasjer

girtiestasjovne	N	flystasjon

girtiesïelte	N	flyselskap

goerkese	N	oppfatning

goevtesebudsjehte	N	avdelingsbudsjett

goevtesedaltese	N	avdelingsnivå

goevtesedirektööre	N	avdelingsdirektør

goevteseåejvie	N	avdelingsleder

goevteseåvtehke	N	avdelingsleder

goltelæjjah	N	publikum

govkijeraajroe	N	fakkeltog

govlehtimmie	N	høring

govsegaertene	N	kvegfarm

graade	N	grad

grammofovne	N	grammofon

gruvagohpege	N	gruvegang

guejmievoete	N	partnerskap

guektiengïelehvierhtie	N	tospråklighetsmidler

guektiengïelendåarjoe	N	tospråklighetstilskudd

guektiengïelevoetevierhtie	N	tospråklighetsmiddel

gueliehealsoe	N	fiskehelse

guelieindustrije	N	fiskeindustri

guelienindustrije	N	fiskeindustri

guelieskïemtjelasse	N	fiskesykdom

guelievierhtie	N	fiskeressurs

guhkiestjaalehgaahtjedimmie	N	stilkonkurranse

gunkies-skïhpe	N	kongeskip

guvvieapparaate	N	kamera

guvviemontaasje	N	bildemontasje

guvvieraajese	N	bildesetning

guvvietjeahpoe	N	billedkunst

gåaromekurse	N	sømkurs

gåassoehtæjjalaante	N	vertsland

gåassoehtæjjatjïelte	N	vertskommune

gåatomekreeke	N	beitedyr

gåatomelatjkoe	N	reinbeiteavtale

gåatomereakta	N	reinbeiterett
gåatomereakta	N	beiterett

gåatomesysteeme	N	beitesystem

gåatomevierhtie	N	beiteressurs

gåetiebaanghke	N	husbank

gåetieviehkie	N	hushjelp

gånkafuelhkie	N	kongefamilie

gånkangåetie	N	kongehus

gærhkoeaamhtese	N	kirkesak

gærhkoebudsjehte	N	kirkebudsjett

gærhkoegaertene	N	kirkegård

gærhkoegærja	N	kirkebok

gærhkoehistovrije	N	kirkehistorie

gærhkoejieleme	N	kirkeliv

gærhkoelaake	N	kirkelov

gærhkoelïhtsege	N	kirkemedlem

gærhkoemusihke	N	kirkemusikk

gærhkoepolitihke	N	kirkepolitikk

gærhkoetjåanghkoe	N	kirkemøte

gærhkoeveeljeme	N	kirkevalg

gærjabovre	N	bokhandel

gærjabussefaaleldahke	N	bokbusstilbud

gærjabussegïehtelimmie	N	bokbussvirksomhet

gærjagåetiebarkije	N	bibliotekar

gærjagåetiedajve	N	bibliotekområde

gærjagåetiefaaleldahke	N	bibliotektilbud

gærjagåetiegoevtese	N	bibliotekavdeling

gærjagåetiegyhtjelasse	N	bibliotekspørsmål

gærjagåetieinstitusjovne	N	biblioteksinstitusjon

gærjagåetiekonferanse	N	bibliotekkonferanse

gærjagåetiekurse	N	bibliotekkurs

gærjagåetiestatistihke	N	bibliotekstatistikk

gærjagåetiesuerkie	N	biblioteksektor

gærjagåetiesysteeme	N	biblioteksystem

gærjahsaernie	N	bokanmeldelse

gærjalæstoe	N	bokliste

gærjamïerhke	N	bokmerke

gærjatjåanghkoe	N	boksamling

gïebremegoerve	N	kjöttrulle

gïehtelimmesdåarjoe	N	driftstilskudd

gïehtelimmiedajve	N	virksomhetsområde

gïehtelimmieraejie	N	virksomhetsgrense

gïehtelimmiesuerkie	N	virksomhetsområde

gïehtjedimmiedirektööre	N	kontrolldirektør

gïehtjedimmiedåehkie	N	kontrollutvalg

gïehtjedimmiesysteeme	N	kontrollsystem

gïehtjedimmievierhtie	N	kontrollmiddel

gïeken-joknge	N	åkerbær

gïekenmuerjie	N	tranebær

gïeleaamhtesekurse	N	språktemakurs

gïelealmetjh	N	språkfolk

gïelealternatijve	N	språkalternativ

gïelebaalhkese	N	språkpris

gïelebarkije	N	språkarbeider

gïelebiesiemaanajgïerte	N	språkreirbarnehage

gïelebyjrese	N	språkmiljø

gïeledaltese	N	språknivå

gïeledigkiedimmie	N	språkdebatt

gïeledotkije	N	språkforsker

gïeleduekie	N	språkbakgrunn

gïeledåarjoe	N	språkstøtte

gïeledåehkie	N	språkgruppe

gïeledïrrege	N	språkverktøy

gïeleektiebarkoe	N	språksamarbeid

gïeleevtiedimmie	N	språklig_utvikling
gïeleevtiedimmie	N	språkutvikling

gïeleevtiedimmiebarkoe	N	språkutviklingsarbeid

gïeleevtiedimmieprosjekte	N	språkutviklingsprosjekt

gïeleevtiedimmievierhtie	N	språkutviklingsmiddel

gïelefaage	N	språkfag

gïelefaaleldahke	N	språktilbud

gïelegoevtese	N	språkavdeling

gïeleguedtije	N	språkbærer

gïelegyhtjelasse	N	språkspørsmål

gïelehistovrije	N	språkhistorie

gïelejoekehtse	N	språkforskjell

gïelekapihtele	N	språkkapittel

gïelekonferanse	N	språkkonferanse

gïelekonsulente	N	språkkonsulent

gïelekurse	N	språkkurs

gïelelaavkoe	N	språkbad

gïeleohtseme	N	språksøknad

gïeleorgaane	N	språkorgan

gïeleprogramme	N	språkprogram

gïeleprosjekteohtseme	N	språkprosjektsøknad

gïeleraajoe	N	språkgrense

gïeleraerie	N	språkråd

gïelereakta	N	stemmerett
gïelereakta	N	språkrettighet

gïelereereme	N	språkforvaltning

gïeleråajvarimmie	N	språktiltak

gïeleseabradahke	N	språksamfunn

gïeleseksjovne	N	språkseksjon

gïeleseminaare	N	språkseminar

gïelesertiestimmie	N	språkoverføring

gïelesijjie	N	språkarena

gïelesoejkesje	N	språkplan

gïeleståvroe	N	språkstyre

gïeleteknologije	N	språkteknologi

gïeleterme	N	språkterm

gïeleterminologije	N	språkterminologi

gïeletjoeje	N	språklyd

gïeletjåanghkoe	N	språksamling

gïeleutnije	N	språkbruker

gïeleveeljeme	N	språkvalg

gïelevierhtie	N	språkressurs
gïelevierhtie	N	språkmiddel

gïeleåvteguvvie	N	språkforbilde

gïeleövtiedimmievierhtie	N	språkutviklingsmiddel

gïeleööhpehtimmiedïrrege	N	språkopplæringsverktøy

gïeleööhpehtimmiefaaleldahke	N	språkopplæringstilbud

gïeleööhpehtimmievierhtie	N	språkopplæringsmiddel

gïeleöövtiedimmieprogramme	N	språkutviklingsprogram

gïerestallemesijjie	N	alpinanlegg

gïetedallemesijjie	N	behandlingssted

gïetedallemetæjmoe	N	behandlingstime

gïeteruevtie	N	håndjern

gïjregööleme	N	vårfiske

göölemedajve	N	fiskeområde

göölemedirektoraate	N	fiskeridirektorat

göölemelatjkoe	N	fiskeriavtale

göölemeluhpie	N	fisketillatelse

göölemenænnoestimmie	N	fiskeribestemmelse

göölemepolitihke	N	fiskeripolitikk

göölemereakta	N	fiskerettighet

göölemereereme	N	fiskeriforvaltning

göölemeseabradahke	N	fiskerisamfunn

göölemesiebrie	N	fiskeforening

göölemesijjie	N	fiskeplass

göölemeståvroe	N	fiskeristyre

göölemevierhtie	N	fiskeressurs

göölemevïnhtse	N	fiskebåt

haalle	N	hall

haavrejoptse	N	havresuppe

haegriekrovnekraavhtse	N	havregrøt

hahtjoedajve	N	hytteområde

hahtjoetseegkeme	N	hyttebygging

healsoebarkoe	N	helsearbeid

healsoebeetnegh	N	helsepenger

healsoedajve	N	helseområde

healsoedotkeme	N	helseforskning

healsoeektiebarkoe	N	helsesamarbeid

healsoefaaleldahke	N	helsetilbud

healsoegyhtjelasse	N	helsespørsmål

healsoejarnge	N	helsesenter

healsoejoekehtse	N	helseforskjell

healsoekapihtele	N	helsekapittel

healsoekonferanse	N	helsekonferanse

healsoelearoe	N	helselære

healsoepolitihke	N	helsepolitikk

healsoereakta	N	helserett

healsoeråajvarimmie	N	helsetiltak

healsoesoejkesje	N	helseplan

healsoesuerkie	N	helsesektor

healsoesysteeme	N	helsesystem

healsoevaarjelimmie	N	helsevern

heannadimmie	N	hendelse

heerjehtæjja	N	trener

heevehtslitteratuvre	N	skjønnlitteratur

historihke	N	historikk

historihkere	N	historiker

histovrijebyjrese	N	historiemiljø

homofïjle	N	homofil
homofïjle	N	homofili

honnööre	N	honnør

honoraare	N	honorar

hotellefaage	N	hotellfag

hotelleåejvie	N	hotellsjef

håajje	N	gjeng

håalemelæstoe	N	taleliste

håalemereaktoe	N	talerett

håalomestovle	N	talerstol

håjnoesmaana	N	skrikerunge

håksoebarkoe	N	omsorgsarbeid

håånnegegernieh	N	honnikorn

identiteetedomtese	N	identitetsfølelse

identiteetefaktore	N	identitetsfaktor

ideologije	N	ideologi

iehkedsbeapmoe	N	kveldsmat

iehkedsbiejjiesaadtege	N	ettermiddagssending

iehkedssaadtege	N	kveldssending

ietniengïelelohkehtæjja	N	morsmålslærer

ikte-mearan	N	rekkefølge

iktedimmie	N	sammendrag

illedahke	N	resultat

illustrasjovne	N	illustrasjon

indikaatore	N	indikator

industrije	N	industri

industrijebarkije	N	industriarbeider

industrijedajve	N	industriområde

industrijeektiebarkoe	N	industrisamarbeid

industrijelaante	N	industriland

industrijepolitihke	N	industripolitikk

industrijesijjie	N	industristed

industrijestaare	N	industriby

industrijesuerkie	N	industrisektor

industrijesïelte	N	industriselskap

industrijeövtiedimmie	N	industriutvikling

infrastruktuvre	N	infrastruktur

ingeniööre	N	ingeniør

innovasjovne	N	innovasjon

installasjovne	N	installasjon

instituhte	N	institutt

institusjovnedåarjoe	N	institusjonsstøtte

institusjovneevtiedimmie	N	institusjonsutvikling

instruksjovne	N	instruksjon

instrumente	N	instrument

internaatebarkoe	N	internatarbeid

internaatebyjrese	N	internatmiljø

internaatefaaleldahke	N	internattilbud

internaatejieleme	N	internatliv

internaatelohkehtæjja	N	internatlærer

internaatenlapte	N	internatloft

internaatenlearohke	N	internatelev

internaatenskuvle	N	internatskole

internaatesijjie	N	internatplass

internehtesæjroe	N	internettside

islaame	N	islam

isolasjovne	N	isolasjon

jaahkoeööhpehtimmie	N	trosopplæring

jaepiebaalhka	N	årslønn

jaepiebudsjehte	N	årsbudsjett

jaepiekonferanse	N	årskonferanse

jaepiekurse	N	årskurs

jaepielåhkoe	N	årstall

jaepiesoejkesje	N	årsplan

jaevrievierhtie	N	vannressurslov

jalloejoekehtse	N	høydeforskjell

jarngedaltese	N	senternivå

jealajimmie	N	revitalisering
jealajimmie	N	vitalisering

jeanoenbetnie	N	elvebunn

jemhkeldelapte	N	mørkeloft

jielemesbïevnese	N	næringsoppgave

jielieguvviebarkoe	N	filmarbeid

jieliemassedåehkie	N	næringsgruppe

jienebelåhkoengïele	N	majoritetsspråk

jienebelåhkoereerenasse	N	flertallsregjering

jienebelåhkoeståvroe	N	flertallsstyre

jienebelåhkoeuvtelasse	N	flertallsforslag

jienebelåhkoeveeljeme	N	flertallsvalg

joekedimmie	N	fordeling

joekedimmiegyhtjelasse	N	fordelingsspørsmål

joekehtsgïetedimmie	N	forskjellsbehandling

jollegåetie	N	høyblokk

journalistihke	N	journalistikk

jovnesåhkoekraesie	N	mjødurt

juerie	N	tvil

juhtijesaemie	N	flyttsame

juhtijeskuvle	N	omgangsskole

jyönetjeguaktah	N	morbror-_og_søsterbarn

jåhtajehteme	N	tvangsforflytning

jåvleaske	N	desember

jïekngekrovhte	N	jettegryte

jïjjeravne	N	nattravn

jïjtjedorjeme	N	hjemmelaget

jïjtjeguvvie	N	selvbilde

jïjtjereeremeåårdnege	N	selvstyreordning

jïllemesreakta	N	høyesterett

jïlleskuvlebyjrese	N	høyskolemiljø

jïlleskuvledaltese	N	høyskolenivå

jïlleskuvlelaake	N	høyskolelov

jïlleskuvlesuerkie	N	høyskolesektor

jïlleskuvlesysteeme	N	høyskolesystem

jïlleskuvleööhpehtimmie	N	høyskoleutdanning

kaanjele	N	øyenstikker

kaanjere	N	øyenstikker

kaarhtedorjese	N	kartprodukt

kaarhteeprogramme	N	kartprogram

kaarhteplaerie	N	kartblad

kaarhtereakta	N	kartrettighet

kaarhtesysteeme	N	kartsystem

kaarhtevåarome	N	kartgrunnlag

kaasuse	N	kasus

kabeelegåhkoe	N	kabellengde

kalkulaatore	N	kalkulator

kalorije	N	kalori

kanaale	N	kanal

kapasiteete	N	kapasitet

kinove	N	kino

klaasseguvvie	N	klassebilde

klaasselæstoe	N	klasseliste

klaassetjïehtjele	N	klasserom

klaerielearoe	N	fargelære

klijma	N	klima

klimaahte	N	klima

klååkemeorgaane	N	klageorgan

koalisjovne	N	koalisjon

kollektijve	N	kollektiv

kombinasjovne	N	kombinasjon

kompensasjovne	N	kompensasjon

komposisjovne	N	komposisjon

kondisjovne	N	kondisjon

konferansetæjmoe	N	konferansetime

konservaatore	N	konservator

konstruksjovne	N	konstruksjon

konsulentesïelte	N	konsulentselskap

konsultasjovneaamhtese	N	konsultasjonssak

konsultasjovnelatjkoe	N	konsultasjonsavtale

konsultasjovnereaktoe	N	konsultasjonsrett

konsultasjovnetjåanghkoe	N	konsultasjonsmøte

konsultasjovnevåarome	N	konsultasjonsgrunnlag

kontinuiteete	N	kontinuitet

konto	N	konto

kontovresijjie	N	kontorsted

konvensjovnetekste	N	konvensjonstekst

koordinaatore	N	koordinator

korridovre	N	korridor

kraannanhaakene	N	grannegjerde

kraannanlaante	N	naboland

kraannanmaana	N	nabobarn

kraannasaalmetjh	N	nabofolk

kreekedåaktere	N	dyrlege
kreekedåaktere	N	veterinær

kreekedåakterejïlleskuvle	N	veterinærhøyskole

krirriedåehkie	N	partigruppe

krirrieorganisasjovne	N	partiorganisasjon

kroeptesijjie	N	gravplass

kronihke	N	kronikk

kruanesaath	N	grønnsaker

krïevenasse	N	krav

kultuvreaamhtese	N	kultursak

kultuvreaktööre	N	kulturaktør

kultuvrealmetjh	N	kulturfolk

kultuvrebaalhkese	N	kulturpris

kultuvrebarkoe	N	kulturarbeid

kultuvrebudsjehte	N	kulturbudsjett

kultuvrebusse	N	kulturbuss

kultuvrebyjrese	N	kulturmiljø

kultuvredaajroe	N	kulturviten

kultuvredajve	N	kulturområde

kultuvredepartemente	N	kulturdepartement

kultuvredokumentasjovneprosjekte	N	kulturdokumentasjonsprosjekt

kultuvredåarjoe	N	kulturstøtte

kultuvreektiebarkoe	N	kultursamarbeid

kultuvreevtiedimmie	N	kulturutvikling

kultuvrefaaleldahke	N	kulturtilbud

kultuvrefaktore	N	kulturfaktor

kultuvrefestivaale	N	kulturfestival

kultuvregoerkese	N	kulturforståelse

kultuvreguedtije	N	kulturbærer

kultuvregyhtjelasse	N	kulturspørsmål

kultuvregåetie	N	kulturhus

kultuvregïehtelimmie	N	kulturvirksomhet

kultuvrehistovrije	N	kulturhistorie

kultuvreinstitusjovne	N	kulturinstitusjon

kultuvrejiehtege	N	kulturuttrykk

kultuvrejieleme	N	kulturliv

kultuvrekonferanse	N	kulturkonferanse

kultuvrekonsulente	N	kulturkonsulent

kultuvrekurse	N	kulturkurs

kultuvrelaake	N	kulturlov

kultuvrelatjkoe	N	kulturavtale

kultuvremojhtese	N	kulturminne

kultuvremojhtesekonferanse	N	kulturminnekonferanse

kultuvremojhteselaake	N	kulturminnelov

kultuvremojhtesepolitihke	N	kulturminnepolitikk

kultuvremojhtesesoejkesje	N	kulturminneplan

kultuvremojhtesevaarjelimmie	N	kulturminnevern

kultuvrenasjovne	N	kulturnasjon

kultuvrensuerkie	N	kulturfelt

kultuvreperspektijve	N	kulturperspektiv

kultuvrepolitihke	N	kulturpolitikk

kultuvreprogramme	N	kulturprogram

kultuvreprosjekte	N	kulturprosjekt

kultuvresiebrie	N	kulturforening

kultuvreskuvle	N	kulturskole

kultuvresoejkesje	N	kulturplan

kultuvresuerkie	N	kultursektor
kultuvresuerkie	N	kulturområde

kultuvreterme	N	kulturterm

kultuvretjåanghkoe	N	kulturmøte

kultuvretjåanghkoesijjie	N	kulturmøteplass

kultuvrevaarjelimmieaamhtese	N	kulturvernsak

kultuvrevaarjelimmiegoevtese	N	kulturvernavdeling

kultuvrevierhtie	N	kulturmiddel

kultuvreöörnege	N	kulturordning

kursefaaleldahke	N	kurstilbud

kursegoevtese	N	kursavdeling

kursejarnge	N	kurssenter

kurseplaane	N	kursplan

kurseråajvarimmie	N	kurstiltak

kursesijjie	N	kurssted

kurseåasa	N	kurspris

kurseåejvie	N	kursleder

kuvsjegoevtese	N	kursavdeling

kuvsjenvuekie	N	kursmåte

kuvööse	N	kuvøse

kvaliteete	N	kvalitet

kveene	N	kven

kåahperevierhkie	N	kobberverk

kåanstegoevtese	N	kunstavdeling

laajkoeöörnege	N	gjeldsordning

laaketekste	N	lovtekst

laaketsiehkie	N	hjemmel

laakeuvtelassetjaatsege	N	lovforslagsdokument

laanteburrieaamhtese	N	landbrukssak

laanteburriebyjrese	N	landbruksmiljø

laanteburriedepartemente	N	landbruksdepartement

laanteburriegoevtese	N	landbruksavdeling

laanteburriekonferanse	N	landbrukskonferanse

laanteburrielohkehtæjja	N	landbrukslærer

laanteburrienskuvle	N	jordbruksskole

laanteburrieperspektijve	N	landbruksperspektiv

laanteburrieplaane	N	jordbruksplan

laanteburriepolitihke	N	landbrukspolitikk
laanteburriepolitihke	N	jordbrukspolitikk

laanteburriereereme	N	landbruksadministrasjon

laanteburrieskuvle	N	landbruksskole

laanteburriesoejkesje	N	landbruksplan

laanteburriesuerkie	N	landbrukssektor

laanteburrietjïelte	N	jordbrukskommune

laanteburrieåvtehke	N	jordbrukssjef

laanteburrieööhpehtimmie	N	landbruksundervisning

laanteguvvie	N	landform

laantejuakoe	N	jordskifte

laantendajve	N	landområde

laantenmuerjie	N	jordbær

laantesoejkesjæjja	N	markplanlegger

laavenjostoeguejmie	N	samarbeidspart
laavenjostoeguejmie	N	samarbeidspartner

laavkome-lihtie	N	badekar

laavlometæjmoe	N	sangtime

laejhtemeaamhtese	N	klagesak

laejhtemeöörnege	N	klageordning

laessiebïjle	N	lastebil

lahkoehtimmie	N	gratulasjon

lappologije	N	lappologi

lastehahtjoe	N	løvhytte

latjkoemaahtoe	N	avtalekompetanse

latjkoenboelhke	N	avtaleperiode

leaksoelohkehtimmie	N	lekselesing

leaksoeviehkie	N	leksehjelp

leaksoeviehkiehtæjja	N	leksehjelper

learoefaamoe	N	lærekraft

learoefealadimmie	N	studietur

learoegærjagåetie	N	studiebibliotek

learoejarnge	N	studiesenter

learoekonsulente	N	studiekonsulent

learoeplaaneaamhtese	N	læreplansak

learoeplaanebarkoe	N	læreplanarbeid

learoeplaanedåehkie	N	læreplangruppe

learoesijjie	N	læreplass
learoesijjie	N	lærested
learoesijjie	N	studieplass
learoesijjie	N	studiested
learoesijjie	N	praksisplass

learoesuerkie	N	praksisfelt

learoevierhtiedaatabaase	N	læremiddeldatabase

learoevierhtieektiebarkoe	N	læremiddelsamarbeid

learoevierhtieevtiedimmie	N	læremiddelutvikling

learoevierhtiefaaleldahke	N	læremiddeltilbud

learoevierhtiejarnge	N	læremiddelsenter

learoevierhtiepedagogihke	N	læremiddelpedagogikk

learoevierhtiepolitihke	N	læremiddelpolitikk

learoevierhtieprosjekte	N	læremiddelprosjekt

learoevierhtiesoejkesje	N	læremiddelplan

learoevierhtiesuerkie	N	læremiddelsektor

learoevierhtietjaelije	N	læremiddelforfatter

learoevierhtietsiehkie	N	læremiddelsituasjon

learoevuekie	N	læremåte

learoeåejvie	N	studieleder

learoeööhpehtimmie	N	praksisopplæring

learohkebarkoe	N	elevarbeid

learohkegærjagåetie	N	elevbibliotek

learohkeiehkede	N	elevkveld

learohkelåhkoe	N	elevtall

learohkelæstoe	N	elevliste

learohkemaahtoe	N	elevkunnskap

learohkeraerie	N	elevråd

learohkesijjie	N	elevplass

learohkesoptsestimmie	N	elevsamtale

learohketjåanghkoe	N	elevsamling

learohkeöörnege	N	lærlingordning

lientsie	N	politimester

liktememierie	N	meglingsfrist

lingvistihke	N	lingvistikk

linjaale	N	linjal

lissieaamhtese	N	tilleggssak

lissieboelhke	N	tilleggsavsnitt

lissiebïgkeme	N	utbygging

lissiedïrregh	N	tilleggsverktøy

lissiegoevtese	N	tilleggsavdeling

lissiegyhtjelasse	N	tilleggsspørsmål

lissielaante	N	tilleggsjord

lissielatjkoe	N	tilleggsavtale

lissielohkehtæjja	N	tilleggslærer

lissieraajese	N	tilleggsetning
lissieraajese	N	tilleggssetning

lissietjaatsege	N	tilleggsdokument

lissietseegkeme	N	utbygging

lissieuvtelasse	N	tilleggsforslag

lissievierhtie	N	tilleggsressurs

litteratuvre-histovrijegærja	N	litteraturhistorieverk

litteratuvrebaalhkese	N	litteraturpris

litteratuvredajve	N	litteraturområde

litteratuvrehistovrije	N	litteraturhistorie

liturgije	N	liturgi

loevenehtedh	N	løsrive

logge	N	logg

logistihke	N	logistikk

lohkehtimmiejarnge	N	læringssenter

lohkehtæjjabïhkedimmie	N	lærerveiledning

lohkehtæjjaeksaamene	N	lærereksamen

lohkehtæjjafaamoe	N	lærerkraft

lohkehtæjjagåetie	N	lærerbolig

lohkehtæjjajïlleskuvle	N	lærerhøyskole

lohkehtæjjamaahtoe	N	lærerkompetanse

lohkehtæjjantæjmoe	N	lærertime

lohkehtæjjaorganisasjovne	N	lærerorganisasjon

lohkehtæjjaskuvle	N	lærerskole

lohkehtæjjaskuvleneksaamene	N	lærerskoleeksamen

lohkehtæjjastudente	N	lærerstudent

lohkehtæjjatsiehkie	N	lærersituasjon

lohkehtæjjavierhtie	N	lærerressurs

lohkehtæjjaööhpehtimmiefaaleldahke	N	lærerutdanningstilbud

lohkemeaamhtese	N	studieemne

lohkemefaaleldahke	N	studietilbud

lohkememaahtoe	N	leseferdighet

lohkemesijjie	N	studiested

lohkemesoejkesje	N	studieplan

lohkemetæjmoe	N	studietime

lohkijedåehkie	N	lesergruppe

lohkijh	N	publikum

lokomotijve	N	lokomotiv

lopmeröönjeme	N	snøbrøyting

lustesaajmoe	N	humor

lyrihke	N	lyrikk

låammabeetnegh	N	lommepenger

låapoehgaamegh	N	tøfler

låhkoebaakoe	N	tallord

låtnemereakta	N	bytterett

lååjkere	N	leilending

læssanimmie	N	økning

læssedsaelmie	N	smaktilsetning

læstoeuvtelasse	N	listeforslag

lïhkebovre	N	nærbutikk

lïhkesdajvepolitihkere	N	lokalpolitiker

lïhtsegeinstitusjovne	N	medlemsinstitusjon

lïhtsegelaante	N	medlemsland

lïhtsegelåhkoe	N	medlemstall

lïhtsegelæstoe	N	medlemsliste

lïhtsegeorganisasjovne	N	medlemsorganisasjon

lïhtsegeplaerie	N	medlemsblad

lïhtsegesiebrie	N	medlemsforening

lïhtsegestaate	N	medlemsstat
lïhtsegestaate	N	medlemstat

lïhtsegetjåanghkoe	N	medlemsmøte

lïtnje	N	altan
lïtnje	N	balkong

löönemebaakoe	N	lånord

maadth-dotkeme	N	grunnforskning

maadthdåarjoe	N	grunntilskudd

maadthfaage	N	grunnfag

maadthfaage-lohkeme	N	grunnfagsstudium

maadthkurse	N	grunnkurs

maadthlaake	N	grunnlov

maadthnjoelkedasse	N	grunnregel

maadthraajese	N	grunnsetning

maadthskuvledaltese	N	grunnskolenivå

maadthskuvlelearohke	N	grunnskoleelev

maadthskuvlelohkehtæjja	N	grunnskolelærer

maadthvierhtie	N	grunnressurs

maadthvåarome	N	grunnleggende

maahtaldahkevierhtie	N	kompetansemiddel

maahtoealmetje	N	kompetanseperson

maahtoebyjrese	N	kunnskapsmiljø
maahtoebyjrese	N	kompetansemiljø

maahtoedaerpiesvoete	N	kompetansebehov

maahtoedaltese	N	kunnskapsnivå
maahtoedaltese	N	kompetansenivå

maahtoeevtiedimmie	N	kompetanseutvikling

maahtoegïele	N	kunnskapsspråk

maahtoejarnge	N	kunnskapssenter
maahtoejarnge	N	kompetansesenter

maahtoelutnjeme	N	kunnskapsløft

maahtoenasjovne	N	kunnskapsnasjon

maahtoepolitihke	N	kunnskapspolitikk
maahtoepolitihke	N	kompetansepolitikk

maahtoesoejkesje	N	kompetanseplan

maahtoesuerkie	N	kunnskapssektor
maahtoesuerkie	N	kompetanseområde

maahtoesysteeme	N	kunnskapssystem

maahtoetseegkeme	N	kunnskapsoppbygging
maahtoetseegkeme	N	kompetanseoppbygging

maahtoeulmie	N	kunnskapsmål
maahtoeulmie	N	kompetansemål

maahtoevierhtie	N	kunnskapsressurs
maahtoevierhtie	N	kompetanseressurs

maahtoeövtiedimmie	N	kunnskapsutvikling
maahtoeövtiedimmie	N	kompetanseutvikling

maajehvååjnese	N	fjernsyn

maajeööhpehtimmie	N	fjernundervisning

maaksoesoejkesje	N	betalingsplan

maanabaeliegåetie	N	barndomshjem

maanagïerteaajhtere	N	barnehageeier

maanagïertedajve	N	barnehageområde

maanagïertedaltese	N	barnehagenivå

maanagïertefaaleldahke	N	barnehagetilbud
maanagïertefaaleldahke	N	barnehagedekning

maanagïertegyhtjelasse	N	barnehagespørsmål

maanagïertekonferanse	N	barnehagekonferanse

maanagïertekonsulente	N	barnehagekonsulent

maanagïertemaana	N	barnehagebarn

maanagïertesijjie	N	barnehageplass

maanagïertesoejkesje	N	barnehageplan

maanagïertesuerkie	N	barnehagesektor

maanahïejme	N	barnehjem

maanajgïerteaamhtese	N	barnehagesak

maanajgïerteektiebarkoe	N	barnehagesamarbeid

maanajgïertegoevtese	N	barnehageavdeling

maanajgïerteplaerie	N	barnehagetidsskrift

maanajgïertepolitihke	N	barnehagepolitikk

maanajskuvle	N	barneskole

maanajvaarjelimmie	N	barnevern

maanajvaarjelimmielaake	N	barnevernlov

maanalåtnome	N	barnebytte

maanavaarjelimmiebarkoe	N	barnevernsarbeid

maanavaarjelimmieinstitusjovne	N	barnevernsinstitusjon

maanavaarjelimmiekonferanse	N	barnevernkonferanse

maanavaarjelimmienaamhtese	N	barnevernssak

maanavaarjelimmienfaaleldahke	N	barnevernstilbud

maanavaarjelimmienkonferanse	N	barnevernskonferanse

maanavaarjelimmiepolitihke	N	barnevernpolitikk

maanavaarjelimmiesuerkie	N	barnevernssektor

maanavaarjelimmiesysteeme	N	barnevernsystem

maeksemeskåarhte	N	betalingskort

majesteete	N	majestet

manifestasjovne	N	manifestasjon

manuaale	N	manual

mappesysteeme	N	mappesystem

margarijne	N	margarin

marijne	N	marine

matematihke	N	matematikk

materijaale	N	materiale

mearoebetnie	N	havbunn

mearoebïegke	N	havvind

mearoedajve	N	havområde

mearoeguelie	N	saltvannsfisk

mearoelaahpehts	N	havavsetning

mearoerapmere	N	sjørøver

mearoereaktoe	N	havrett

medikamente	N	medikament

meedije	N	media
meedije	N	medium

meedijepolitihke	N	mediapolitikk
meedijepolitihke	N	mediepolitikk

meierije	N	meieri

mieriedimmie	N	vedtak

mieriesertiestimmie	N	rammeoverføring

mierietsiehkie	N	rammebetingelse
mierietsiehkie	N	rammevilkår

mineraale	N	mineral

mineraalesïelte	N	mineralselskap

mineraalevierhtie	N	mineralressurs

ministeere	N	minister

minngiebeapmoe	N	dessert

minngienomme	N	etternavn

misjovne	N	misjon

misjovnesiebrie	N	misjonselskap

mobïjletelefovne	N	mobiltelefon

modelle	N	modell

moenehtselïhtsege	N	utvalgsmedlem

moenehtsenbarkoe	N	utvalgsarbeid

moeregalte	N	trestokk

mojhtesebeetnege	N	minnemynt

mojhtesemïerhke	N	minnesmerke

mojhteseståante	N	minnestund

mojhtesetjåanghkoe	N	minnesamling

mojhtessaegkie	N	minnepinne

momente	N	moment

monitovre	N	skjerm

monografije	N	monografi

montaasje	N	montasje

moraale	N	moral

motorihke	N	motorikk

motovrevuajahtahke	N	motorkjøretøy

mubpielaevie	N	tremenning

mubpiengïeleööhpehtimmie	N	andrespråksopplæring

musihkebyjrese	N	musikkmiljø

musihkefestivaale	N	musikkfestival

musihkeråajvarimmie	N	musikktiltak

musihkeskuvle	N	musikkskole

musihketæjmoe	N	musikktime

musihkeövtiedimmie	N	musikkutvikling

muslijme	N	muslim

mytologije	N	mytologi

måahtadimmie	N	forsoning

måedtieåtnoehaalle	N	flerbrukshall

måekie-dajve	N	nedbørfelt

måskoes-muadta	N	lukket-pesk

måvhkah	N	bukser

mååksese	N	betaling

mïelehkodtje	N	favoritt

mïerhkebiejjie	N	merkedag

mïerhkevaarjoeh	N	merkeklær

mïrrestallemedepartemente	N	likestillingsdepartement

mïrrestallemedåehkie	N	likestillingsutvalg

mïrrestallemegyhtjelasse	N	likestillingsspørsmål

mïrrestallemekonsulente	N	likestillingskonsulent

mïrrestallemelaake	N	likestillingslov

mïrrestallememoenehtse	N	likestillingsutvalg

mïrrestallemeperspektijve	N	likestillingsperspektiv

mïrrestallemepolitihke	N	likestillingspolitikk

mïrrestallemeprosjekte	N	likestillingsprosjekt

mïrrestallemesoejkesje	N	likestillingsplan

naestieguvvie	N	stjernebilde

nehte-gïele	N	nett-språk

nehtesæjroe	N	nettsted
nehtesæjroe	N	nettside
nehtesæjroe	N	hjemmeside

nehtetjåanghkoe	N	nettmøte

nejpiesvætnoe	N	knivbelte

noerebaeliegåetie	N	ungdomshjem

noerebyjrese	N	ungdomsmiljø

noeregåetie	N	ungdomshus

noerehïejme	N	ungdomshjem

noerekonferanse	N	ungdomskonferanse

noeremoenehtse	N	ungdomsutvalg

noerepolijtikere	N	ungdomspolitiker

noerepolitihke	N	ungdomspolitikk

noereprogramme	N	ungdomsprogram

noereviermie	N	ungdomsnettverk

noerhtedajve	N	nordområde

noerhteluvlie	N	nordøst

noeribarkoe	N	ungdomsarbeid

noeridajve	N	ungdomsområde

noeriektiebarkoe	N	ungdomssamarbeid

noerifestivaale	N	ungdomsfestival

noerigyhtjelasse	N	ungdomsspørsmål

noerilitteratuvre	N	ungdomslitteratur

noeriorganisasjovne	N	ungdomsorganisasjon

noeriplaerie	N	ungdomsblad

noeriråajvarimmie	N	ungdomstiltak

noerisoejkesje	N	ungdomsplan

noerivaarjelimmie	N	ungdomsvern

nominasjovne	N	nominasjon

nominasjovnetjåanghkoe	N	nominasjonsmøte

nommekonsulente	N	navnekonsulent

notaate	N	notat

nr	N	nr

nugattije	N	nugatti

nyjsenæjjabiejjie	N	kvinnedag

nåerviebearkoe	N	selkjøtt

nååke	N	ærfugl

nååkegånka	N	praktærfugl

nænnoestimmiedaltese	N	beslutningsnivå

nænnoestimmiereakta	N	beslutningsmyndighet

observatorijumme	N	observatorium

ohtsemeboelhke	N	søknadsperiode

ohtsemejarnge	N	søknadssenter

ohtsemelåhkoe	N	søknadstall

ohtsemetjaatsege	N	søknadsdokument

ohtsijesïelte	N	søkerselskap

ohtsijetjïelte	N	søkerkommune

okkupasjovne	N	okkupasjon

oksensåalka	N	dørstokk

operasjovne	N	operasjon

organisasjovneaamhtese	N	organisasjonssak

organisasjovnebarkoe	N	organisasjonsarbeid

organisasjovnedaltese	N	organisasjonsnivå

organisasjovnedåarjoe	N	organisasjonstilskudd

organisasjovnejieleme	N	organisasjonsliv

organisasjovnenommere	N	organisasjonsnummer

organisasjovneråajvarimmie	N	organisasjonstiltak

organisasjovnestruktuvre	N	organisasjonsstruktur

organisasjovneövtiedimmie	N	organisasjonsutvikling

ornamentihke	N	ornamentikk

orrejaepiehåaleme	N	nyttårstale

orrejaepienbiejjie	N	nyttårsdag

orrejaepieniehkede	N	nyttårskveld

orrestehteme	N	oppdatering
orrestehteme	N	modernisering

ossjelammes	N	tanke

ossjelmes	N	tanke

paehperebarkoe	N	papirarbeid

paehperepåaste	N	papirpost

paehperepåssa	N	papirpose

paehperevåarhkoe	N	papirarkiv

parlamente	N	parlament

partijedåarjoe	N	partistøtte

passajoptse	N	posesuppe

passijve	N	passiv

patente	N	patent

pearavoesse	N	potetsekk

peehkemetuvre	N	pakketur

pensjoniste	N	pensjonist

pensjovne	N	pensjon

pensjovneöörnege	N	pensjonsordning

permisjovne	N	permisjon

pilovteprosjekte	N	pilotprosjekt

plaadtje	N	gutt

plaadtjetje	N	gutt

plaerieredaksjovne	N	avisredaksjon

plaeriesæjroe	N	avisside

pleenumetjåanghkoe	N	plenumsmøte
pleenumetjåanghkoe	N	plenumssamling

pleenumeåejvie	N	plenumsleder

pliktegåetie	N	tukthus

polijtikeredaltese	N	politikernivå

politijedepartemente	N	politidepartement

politijedirektoraate	N	politidirektorat

politijedirektööre	N	politidirektør

politijegoevtese	N	politiavdeling

politijekonferanse	N	politikonferanse

politijeööhpehtimmie	N	politiutdanning

posisjovnedåehkie	N	posisjonsgruppe

presidente	N	president

presidentetjåanghkoe	N	presidentmøte

pressebïevnese	N	pressemelding

pressedåarjehöörnege	N	pressestøtteordning

pressedåarjoe	N	pressestøtte

pressefaalenasse	N	pressetilbud

pressegoevtese	N	presseavdeling

pressehistovrije	N	pressehistorie

pressejarnge	N	pressesenter

pressekonferanse	N	pressekonferanse

presselosje	N	presselosje

pressepolitihke	N	pressepolitikk

pressetelefovne	N	pressetelefon

pressetjåanghkoe	N	pressemøte

prievieskuvle	N	brevskole

prijoriteete	N	prioritet

prinsihpe	N	prinsipp

produsente	N	produsent

professore	N	professor

profijle	N	profil

programmeboelhke	N	programperiode

programmedirektööre	N	programdirektør

programmedåehkie	N	programgruppe

programmeståvroe	N	programstyre

programmesuerkie	N	programområde

programmeåejvie	N	programleder

propaganda	N	propaganda

prosjektebarkoe	N	prosjektarbeid

prosjekteboelhke	N	prosjektperiode

prosjektedajve	N	prosjektområde

prosjektedåarjoe	N	prosjektstøtte

prosjektedåehkie	N	prosjektgruppe

prosjektedïedte	N	prosjektansvar

prosjekteektiebarkoe	N	prosjektsamarbeid

prosjekteevtiedimmie	N	prosjektutvikling

prosjektekonsulente	N	prosjektkonsulent

prosjektenomme	N	prosjektnavn

prosjektenummere	N	prosjektnummer

prosjekteohtseme	N	prosjektsøknad

prosjekteohtsije	N	prosjektsøker

prosjektesoejkesje	N	prosjektplan

prosjektetjïelte	N	prosjektkommune

prosjekteuvtelasse	N	prosjektforslag

prosjektevierhtie	N	prosjektmiddel

prosjekteåejvie	N	prosjektleder

prosjekteövtiedimmie	N	prosjektutvikling

provrehïeje	N	bryllup

provresh	N	brudepar

provreshïeje	N	bryllup

provsa	N	prosa

pruvreguvvie	N	bryllupsbilde

pruvrehïeje	N	bryllup

pruvrevadtese	N	bryllupsgave

pruvrevuekie	N	bryllupsskikk

pryövenasse	N	prøveuttak
pryövenasse	N	forsøk
pryövenasse	N	undersøkelse

pråvhkoegïele	N	bruksspråk

pråvhkoereakta	N	sedvanerettighet

pråvhkoevuekie	N	bruksmåte

prïestetjïelte	N	prestegjeld

psykologije	N	psykologi

psykologijeööhpehtimmie	N	psykologiundervisning

påasteborhtje	N	postboks
påasteborhtje	N	postkasse

påastekontovre	N	postkontor

påastekåarhte	N	postkort

påastelæstoe	N	postliste

påastemïerhke	N	porto

påastesijjie	N	poststed

påastevïnhtse	N	postbåt

pååssajoptse	N	posesuppe

raajagyhtjelasse	N	grensespørsmål

raajasjïehtedimmie	N	grenseavtale

raajastasjovne	N	grensestasjon

raajatjïelte	N	grensekommune

raajesebægkoe	N	setningskonstruksjon

raajeselearoe	N	setningslære

raastedajve	N	grenseområde

raasteektiebarkoe	N	grensesamarbeid

radijoveboelhketje	N	radioinnslag

radijovefaaleldahke	N	radiotilbud

radijovesaadtege	N	radiosending

radijovestasjovne	N	radiostasjon

radio-boelhketje	N	radioinnslag

radiofaaleldahke	N	radiotilbud

radiosaadtege	N	radiosending

radiostasjovne	N	radiostasjon

radioåejvie	N	radiosjef

raeffiebarkoe	N	fredsarbeid

raeriegåetie	N	rådhus

raerielïhtsege	N	rådsmedlem

raeriestimmiereaktoe	N	forslagsrett

raeriestæjja	N	rådgiver

raerievedtijesïelte	N	konsulentselskap

raerieålma	N	rådmann

rantandahkoe	N	voldshandling

ratifikasjovne	N	ratifikasjon

reakadehteme-aejkie	N	fødselstidspunkt

reakadehtemebeetnege	N	fødselspenge

reakedsjaepie	N	fødselsår

reaktabarkoe	N	rettighetsarbeid

reaktadaltese	N	rettighetsnivå

reaktaguvvie	N	rettsbilde

reaktagyhtjelasse	N	rettsspørsmål
reaktagyhtjelasse	N	rettighetsspørsmål

reaktanaamhtese	N	rettighetssak

reaktanjoelkedasse	N	rettsregel
reaktanjoelkedasse	N	rettighetsregel

reaktaperspektijve	N	rettighetsperspektiv

reaktaraaja	N	rettighetsgrense

reaktasuerkie	N	rettsområde

reaktatjirkeme	N	rettssikkerhet

reaktatjïelkeme	N	rettsavklaring

reaktavaarjelimmie	N	rettsvern

reaktavåarome	N	rettsgrunnlag

reaktaövtiedimmie	N	rettsutvikling

reaktoegaaltije	N	rettskilde

reaktoegoevtese	N	rettsavdeling

reaktoeraajese	N	rettssetning

reaktoeseabradahke	N	rettssamfunn

reaktoeterminologije	N	rettsterminologi

reaktoetjaeleme	N	rettskriving

reaktoetjaelemedïrrege	N	rettskrivingsverktøy

reaktoeöörnege	N	rettsorden

realemaahtoe	N	realkompetanse

redaktööre	N	redaktør

reektesgærja	N	faktabok

reeremeaamhtese	N	forvaltningssak

reeremebarkoe	N	forvaltningsarbeid

reeremedaltese	N	forvaltningsnivå

reeremedåarjoe	N	administrasjonsstøtte

reeremedïedte	N	forvaltningsansvar

reeremegoevtese	N	administrasjonsavdeling

reeremegyhtjelasse	N	forvaltningsspørsmål

reeremegærjagåetie	N	forvaltningsbibliotek

reeremegïehtjedimmie	N	forvaltningskontroll

reeremegïele	N	administrasjonsspråk
reeremegïele	N	forvaltningsspråk

reeremekontovre	N	administrasjonskontor
reeremekontovre	N	forvaltningskontor

reeremelaake	N	forvaltningslov

reerememaahtoe	N	forvaltningskunnskap

reeremenjoelkedasse	N	forvaltningsregel

reeremeorgaane	N	forvaltningsorgan

reeremepolitihke	N	forvaltningspolitikk

reeremeraaja	N	forvaltningsgrense

reeremeraerie	N	forvaltningsråd

reeremereaktoe	N	forvaltningsrett

reeremeregijovne	N	forvaltningsregion

reeremesoejkesje	N	forvaltningsplan

reeremeståvroe	N	forvaltningsstyre

reeremesysteeme	N	forvaltningssystem

reeremeterme	N	forvaltningsterm

reeremeterminologije	N	forvaltningsterminologi

reeremetjïelte	N	forvaltningskommune

reeremevuekie	N	forvaltningsskikk

reeremeöörnege	N	forvaltningsordning

reerenassebarkoe	N	regjeringsarbeid

reerenasseboelhke	N	regjeringsperiode

reerenassebæjhkoehtimmie	N	regjeringserklæring

reerenassedaltese	N	regjeringsnivå

reerenasseektiebarkoe	N	regjeringssamarbeid

reerenassekonferanse	N	regjeringskonferanse

reerenassenlïhtsege	N	regjeringsmedlem

reerenasseraerie	N	regjeringsråd

reerenassesysteeme	N	regjeringssystem

reformasjovne	N	reformasjon

refusjovne	N	refusjon

regijovnedaltese	N	regionnivå

regijovnejarnge	N	regionsentrum

regijovnekontovre	N	regionkontor

regijovnepolitihke	N	regionalpolitikk

regijovneraerie	N	regionrådssamarbeid

regijovneteatere	N	regionteater

regionaldepartemente	N	regionaldepartement

regulatijve	N	regulativ

reklaame	N	reklame

reklaamefilme	N	reklamefilm

reklaamelatjkoe	N	reklameavtale

rektovre	N	rektor

rektovretjåanghkoe	N	rektormøte

religijovnehistovrije	N	religionshistorie

religijovnetæjmoe	N	religionstime

rentedåarjoe	N	rentestøtte

representante	N	representant

resolusjovne	N	resolusjon

restriksjovne	N	restriksjon

retorihke	N	retorikk

revisovre	N	revisor

riektiedåehkie	N	rettsgruppe

riektiegïele	N	rettsspråk

riektiestaate	N	rettsstat

rijhkenåvtehke	N	stattholder

rijsenkrovnekraavhtse	N	risengrynsgrøt

ritneme	N	invasjon

rituaale	N	ritual

rocke	N	rock

roehkenassemaskijne	N	dampmaskin

roehkenasseskïhpe	N	dampskip

romaane	N	roman

ruevtiekonstruksjovne	N	jernkonstruksjon

ruevtiemaalme	N	jernmalm

ruevtievierhkie	N	jernverk

ruvvesketjaetsie	N	smeltvann

ryöjnesjæjjaviehkie	N	gjeterhjelp

ryöjredimmiedåehkie	N	beredskapsgruppe

ryökneme	N	beregning

ryöknememaahtoe	N	regneferdighet

råajvarimmiemaahtoe	N	tiltakskompetanse

råajvarimmieplaane	N	tiltaksplan

råajvarimmievierhtie	N	tiltaksmiddel

råaptoehpaantje	N	returpakning

råvsa	N	rosa

rïektesvoeteguvvie	N	sannhetsbilde

rïjhkedigkie	N	landsting

rïjhkegeajnoe	N	riksvei

rïjhkegånka	N	rikskonge

rïjhkegïele	N	riksspråk

rïjhkekonferanse	N	landskonferanse

rïjhkenehte	N	riksnett

rïjhkepolijtikere	N	rikspolitiker

rïjhkepolitihke	N	rikspolitikk

rïjhkereakta	N	riksrett
rïjhkereakta	N	landrettighet

rïjhkereaktanaamhtese	N	riksrettssak

rïjhkeseabradahke	N	rikssamfunn

rïjhkeståvroe	N	landsstyre

rïjhketeatere	N	riksteater

rïjhketjåanghkoe	N	riksmøte
rïjhketjåanghkoe	N	landsmøte

rïjhkeveeljemeståvroe	N	riksvalgstyre

rïjhkevåarhkoe	N	riksarkiv

saadtergemaajeh	N	ørkenlandskap

saakevierhkie	N	sagbruk

saavredimmie	N	gymnastikk

saavreme	N	trening

saelhtiebearkoe	N	saltkjøtt

saemiedigkieboelhke	N	sametingsperiode

saemiedigkiebïevnese	N	sametingsmelding

saemiedigkienbudsjehte	N	sametingsbudsjett

saemiedigkiendåehkie	N	sametingsgruppe

saemiedigkienlæstoe	N	sametingsliste

saemiedigkienlïhtsege	N	sametingsmedlem

saemiedigkiensoejkesje	N	sametingsplan

saemiedigkiensysteeme	N	sametingssystem

saemiedigkientjaatsege	N	sametingsdokument

saemiedigkieveeljemelåhkoe	N	sametingsvalgmanntall

saemiekonvensjovne	N	samekonvensjon

saemienfaaleldahke	N	samisktilbud

saemiengïelelohkehtæjja	N	samisklærer

saemiengïelemaahtoe	N	samiskkompetanse
saemiengïelemaahtoe	N	samiskkunnskap

saemiengïelesoejkesje	N	samiskplan

saemienkonferanse	N	samekonferanse

saemienkultuvremoenehtse	N	samekulturutvalg

saemienkurse	N	samiskkurs

saemienpruvre	N	samebryllup

saemienskuvlelohkehtæjja	N	sameskolelærer

saemientæjmoe	N	samisktime

saemienåålmege	N	samefolk

saemiepolitihke	N	samepolitikk

saemiesiebrie	N	sameforening

saemievïrre	N	sameblod

saerniefaaleldahke	N	nyhetstilbud

saernieplaerie	N	nyhetsavis

saerniesaadtege	N	nyhetssending

saerniestimmiemeedije	N	underholdingsmedium

saetniesdaajroe	N	faktum

saevegeaamhtese	N	flaggsak

saevegegaahtjeme	N	flaggkonkurranse

saevegelaake	N	flagglov

saevegenjoelkedasse	N	flaggreglement

salkehtimmie	N	utredning

sanksjovne	N	sanksjon

savanne	N	savanne

seabradahke	N	samfunn

seabradahkeaktööre	N	samfunnsaktør

seabradahkedaalhkesh	N	samfunnsmedisin

seabradahkedajve	N	samfunnsområde

seabradahkedïedte	N	samfunnsansvar

seabradahkeevtiedimmie	N	samfunnsutvikling

seabradahkefaamoe	N	samfunnsmakt

seabradahkegyhtjelasse	N	samfunnsspørsmål

seabradahkemaahtoe	N	samfunnskunnskap

seabradahkengåetie	N	samfunnshus

seabradahkeperspektijve	N	samfunnsperspektiv

seabradahkestruktuvre	N	samfunnsstruktur

seabradahkesuerkie	N	samfunnssektor

seabradahkesysteeme	N	samfunnssystem

seabradahkevierhtie	N	samfunnsressurs

seabredahkeaamhtese	N	samfunnstema

seabredhgoevtese	N	samfunnsavdeling

seabredhgåetie	N	samfunnshus

seammavierhtege	N	likestilling

seammavierhtegeaamhtese	N	likestillingssak

seammavierhtegebarkoe	N	likestillingsarbeid

seammavierhtegejarnge	N	likestillingssenter

seammavierhtegekonferanse	N	likestillingskonferanse

seammavierhtegevierhtie	N	likestillingsmiddel

seammavyörhtegsorganisasjovne	N	likestillingsorganisasjon

seammavyörtegedåehkie	N	likestillingsutvalg

seammavyörtegemoenehtse	N	likestillingsutvalg

seammavyörtegsvoete	N	likeverd
seammavyörtegsvoete	N	likeverdighet

seammavyörtegsvoeteperspektijve	N	likeverdsperspektiv

seksjovneåejvie	N	seksjonsleder

sektore	N	sektor

sekunde	N	sekund

semesteraamhtese	N	semesteremne

seminaare	N	seminar

sentraale	N	sentral

servicekontovre	N	servicekontor

sesjovne	N	sesjon

sietiesbeapmoe	N	dessert

signaale	N	signal

sijjieevtiedimmie	N	stedsutvikling

sijjiennomme	N	stedsnavn

sijjienommeaamhtese	N	stedsnavnsak

sijjienommedåehkie	N	stedsnavnutvalg

sijjienommeevtiedimmie	N	stedsnavnsutvikling

sijjienommekonsulente	N	stedsnavnskonsulent

sijjienommeprosjekte	N	stedsnavnprosjekt

sijjienommeövtiedimmie	N	stedsnavnsutvikling

sivilisasjovne	N	sivilisasjon

sjalle	N	galing

sjangere	N	sjanger

sjeakoje	N	rengjøringsassistent

sjeltieraerie	N	byråd

sjuevnedstïjje	N	mørketid

sjuevnjedsaajmoe	N	mørketsrike

sjuvvesje	N	budskap

sjædtoe-dilhkesh	N	plantegift

sjædtoedaalhkesh	N	naturmedisin

sjædtoelearoe	N	plantelære

sjædtoennomme	N	plantenavn

sjædtoeseabradahke	N	plantesamfunn

sjædtoevaarjelimmie	N	plantevernmiddel

sjïehtedimmieboelhke	N	avtaleperiode

sjïekedæjja	N	rengjøringsassistent

sjïelesijjie	N	offerplass

sjïerekurse	N	spesialkurs

sjïeremaahtoe	N	spesialkompetanse

sjïerepedagogihke	N	spesialpedagogikk

sjïereskuvle	N	spesialskole

sjïeretjïehtjele	N	spesialrom

sjïereööhpehtimmie	N	spesialundervisning

skaamoedomtese	N	skamfølelse

skorresje	N	kunstgjødsel
skorresje	N	gjødsel

skovhtestimmieveasoe	N	transportnæring

skovhtevïnhtse	N	skyssbåt

skulptuvre	N	skulptur

skuvleaajhtere	N	skoleeier

skuvleaamhtese	N	skolesak

skuvleaarke	N	skolehverdag

skuvlealmetjh	N	skolefolk

skuvlebarkoe	N	skolearbeid

skuvlebeetnege	N	skolepenge

skuvlebiejjie	N	skoledag

skuvleboelhke	N	skoleperiode

skuvlebusse	N	skolebuss

skuvlebyjrese	N	skolemiljø

skuvlebyjresedåehkie	N	skolemiljøutvalg

skuvledaalhkesh	N	skolemedisin

skuvledajve	N	skolekrets

skuvledaltese	N	skolenivå

skuvledirektööre	N	skoledirektør

skuvleektiebarkoe	N	skolesamarbeid

skuvleevtiedimmie	N	skoleutvikling

skuvleevtiedimmiebarkoe	N	skoleutviklingsarbeid

skuvlefaage	N	skolefag

skuvlefaaleldahke	N	skoletilbud

skuvlefealadimmie	N	skoletur

skuvlegyhtjelasse	N	skolespørsmål

skuvlegåetie	N	skolehus

skuvlegærjagåetie	N	skolebibliotek

skuvlegïele	N	skolespråk

skuvlehistovrije	N	skolehistorie

skuvleklaasse	N	skoleklasse

skuvlekommisjovne	N	skolekommisjon

skuvlekonferanse	N	skolekonferanse

skuvlemetjïehtjele	N	skyllerom

skuvlemielhkie	N	skolemelk

skuvlensjåljoe	N	skolegård

skuvlenveelle	N	skolegård

skuvlenåvtehke	N	skolesjef

skuvlepolitihke	N	skolepolitikk

skuvleraerie	N	skoleråd

skuvleseabradahke	N	skolesamfunn

skuvlesijjie	N	skolested

skuvleskovhte	N	skoleskyss

skuvlesoejkesje	N	skoleplan

skuvlestruktuvre	N	skolestruktur

skuvleståvroe	N	skolestyre

skuvlesuerkie	N	skolesektor

skuvlesysteeme	N	skolesystem

skuvletjåenieh	N	skolesaker

skuvletæjmoe	N	skoletime

skuvlevoesse	N	skolesekk

skuvlevåarhkoe	N	skolearkiv

skuvleövtiedimmie	N	skoleutvikling

skuvleööhpehtimmie	N	skoleundervisning

skuvleöörnege	N	skoleordning

skyllije-maana	N	konfirmant

skåajjedajve	N	skogområde
skåajjedajve	N	skogsområde

skåajjevaarjelimmie	N	skogvern

skåajjevierhtie	N	skogressurs

skåltoedomtese	N	skyldfølelse

skåvloereakta	N	skolemyndighet

skïebtjehïejme	N	sykehjem

skïemtjeguvvie	N	sykdomsbilde

skïemtjegåetiefaaleldahke	N	sykehustilbud

skïemtjehïejme	N	sykehjem

skïemtjesåjhtereklaasse	N	sykepleierklasse

skïemtjije	N	pasient

skïhpebigkemevierhkie	N	skipsverft

skïhpevalkese	N	skipsfart

slaepie	N	slep

slïektehistovrije	N	slektshistorie

slïektereakta	N	slektsrett

snæhkerebarkoe	N	snekkerarbeid

snæhkerekuvsje	N	snekkerkurs

soejkesjeaamhtese	N	plansak

soejkesjebarkoe	N	planarbeid

soejkesjedajve	N	planområde

soejkesjedåehkie	N	plangruppe

soejkesjedïedte	N	planansvar

soejkesjedïrregh	N	planverktøy

soejkesjeektiebarkoe	N	plansamarbeid

soejkesjekontovre	N	plankontor

soejkesjemoenehtse	N	planutvalg

soejkesjeprogramme	N	planprogram

soejkesjereereme	N	planadministrasjon

soejkesjestrategije	N	planstrategi

soejkesjesysteeme	N	plansystem

soejkesjetjaatsege	N	plandokument

soejkesjeuvtelasse	N	planforslag

soejkesjevåarome	N	plangrunnlag

soemengïele	N	finsk

solidariteete	N	solidaritet

soptsestimmiereakta	N	ytringsfrihet

soptsesvuekie	N	fortellermåte

sosijaaleaamhtese	N	sosialsak

sosijaaleantropologije	N	sosialantropologi

sosijaalebarkije	N	sosialarbeider

sosijaaledepartemente	N	sosialdepartement

sosijaaledåarjoe	N	sosialtilskudd

sosijaaleekonomije	N	sosialøkonomi

sosijaalefaaleldahke	N	sosialtilbud

sosijaalegyhtjelasse	N	sosialspørsmål

sosijaaleinstitusjovne	N	sosialinstitusjon

sosijaalekonferanse	N	sosialkonferanse

sosijaalepolitihke	N	sosialpolitikk

sosijaaleprosjekte	N	sosialprosjekt

sosijaaleråajvarimmie	N	sosialtiltak

sosijaaleseminaare	N	sosialseminar

sosijaalesoejkesje	N	sosialplan

sosijaaleståvroe	N	sosialstyre

sosijaalesuerkie	N	sosialsektor

sosijaalesysteeme	N	sosialsystem

sosijaaleviehkie	N	sosialhjelp

sosijaalevierhtie	N	sosialmiddel

sosijaaleööhpehtimmie	N	sosialutdanning

sosiologije	N	sosiologi

spaajhtevïnhtse	N	hurtigbåt

spaanskegïele	N	spansk_språk

spanskegïele	N	spansk

spïeleautomaate	N	spillautomat

staareraerie	N	byråd

staareraerieåejvie	N	byrådsleder

staarereaktoe	N	byrett

staaresoejkesjæjja	N	byplanlegger

staareståvroe	N	bystyre

staaretjïelte	N	bykommune

staarhvoe	N	havn

staatebudsjehte	N	statsbudsjett

staatedåarjoe	N	statstilskudd

staategærhkoe	N	statskirke

staatelaajkoe	N	statsgjeld

staateministere	N	statsminister

staaten-årroedahke	N	statsborgerskap

staaten-årroje	N	statsborger

staatentjaelije	N	statssekretær

staatentjaelijedåehkie	N	statssekretærutvalg

staateraerie	N	statsråd

staatereereme	N	statsforvaltning

staatesaevege	N	statsflagg

staateseabradahke	N	statssamfunn

staateskåajje	N	statskog

staatetjaelije	N	statsekretær

staatevierhtie	N	statsmiddel

staatevåarhkoe	N	statsarkiv

staateåejvie	N	statsoverhode

staatuse	N	status

staatusetjåanghkoe	N	statusmøte

staavele	N	stavelse

staavragööleme	N	stangfiske

starnefaaleldahke	N	helsetilbud

starneråajvarimmie	N	helseforetak

statistihke	N	statistikk

stereove	N	stereo

stipeende	N	stipend

stipendeöörnege	N	stipendordning

stoerredigkieboelhke	N	stortingsperiode

stoerredigkiendåehkie	N	stortingsgruppe

stoerredigkiepresidente	N	stortingspresident

stoerredigkiesaadthalmetje	N	stortingsrepresentant

stoerredigkietjirkije	N	stortingsrepresentant

stoerredigkieveeljeme	N	stortingsvalg

stoerrefaage	N	storfag

stoerrefuelhkie	N	storfamilie

stoerrenejpie	N	storkniv

stoerreseabradahke	N	storsamfunn

stoerreskuvle	N	storskole

strategijebarkoe	N	strategiarbeid

strategijedåehkie	N	strategigruppe

strategijesoejkesje	N	strategiplan

strategijesoejkesjebarkoe	N	strategiplanarbeid

strategijetjaatsege	N	strategidokument

strategijeveeljeme	N	strategivalg

stratjkomemehtie	N	sprøytemiddel

struktuvre	N	struktur

studentehearra	N	studentprest

studentelåhkoe	N	studenttall

studentemaaksoe	N	studentbetaling

studentemaanajgiertie	N	studentbarnehage

studenteneksaamene	N	studenteksamen

studentesiebrie	N	studentforening

studentevåarome	N	studentgrunnlag

studijemaahtoe	N	studiekompetanse

studijesiebrie	N	studieforbund

studijovve	N	studio

studio	N	studio

stuvdijepoenge	N	studiepoeng

stuvremetjaatsege	N	styringsdokument

ståvroebarkoe	N	styrearbeid

ståvroelïhtsege	N	styremedlem

ståvroeseminaare	N	styreseminar

ståvroetjåanghkoe	N	styremøte

ståvroetjïehtjele	N	styrerom

ståvroeåejvie	N	styreleder

ståvroeåvtehke	N	styreformann

ståvroeöörnege	N	styreordning

stååkegïele	N	lekespråk

svirremïerhke	N	brennmerke

sygkele	N	sykkel

syjjehtimmielearoe	N	bøyningslære

symbovle	N	symbol

symmetrije	N	symmetri

systematihke	N	systematikk

såangoehïeje	N	forlovelsesfest

såarhte	N	slag
såarhte	N	type
såarhte	N	kategori

såjhtoeaamhtese	N	omsorgssak

såjhtoealmetje	N	omsorgsperson

såjhtoebeetnegh	N	omsorgspenger

såjhtoedotkeme	N	omsorgsforskning

såjhtoefaaleldahke	N	omsorgstilbud

såjhtoepolitihke	N	omsorgspolitikk

såjhtoeprosjekte	N	omsorgsprosjekt

såjhtoesijjie	N	omsorgsplass

såjhtoesoejkesje	N	omsorgsplan

såjhtoesuerkie	N	omsorgssektor

såjhtoetsiehkie	N	omsorgssituasjon

sååkesjhvierhkie	N	sagbruk

sæjroelåhkoe	N	sidetall

sïektjedimmie	N	etteretning

sïektjeme	N	etteretning

sïelkedahke	N	havn

sïevestahke	N	linjal

taksije	N	drosje

tariffelatjkoe	N	tariffoppgjør

tastatuvre	N	tastatur

teaaterefaaleldahke	N	teatertilbud

teaatereåvtehke	N	teatersjef

teknologije	N	teknologi

teknologijedåehkie	N	teknologigruppe

teknologijejarnge	N	teknologisenter

tekstebægkoe	N	tekstbygging

tekstemaahtoe	N	tekstkompetanse

tekstetjaelije	N	tekstforfatter

teksteuvtelasse	N	tekstforslag

telefovnetjåanghkoe	N	telefonmøte

telegraafe	N	telegraf

telegraafeviermie	N	telegrafnett

temperatuvre	N	temperatur

teorije	N	teori

terme	N	term

termedåehkie	N	termgruppe

terminaale	N	terminal

terminologijebarkoe	N	terminologiarbeid

terminologijedåehkie	N	terminologigruppe

terminologijeektiebarkoe	N	terminologisamarbeid

terminologijeevtiedimmie	N	terminologiutvikling

terminologijelæstoe	N	terminologiliste

terroriste	N	terrorist

tjaalehsijjie	N	adresse

tjaatsestimmie-nomme	N	dokumentvisning

tjaelemebarkoevuekie	N	skrivestrategi

tjaelemegyhtjelasse	N	rettskrivningsspørsmål

tjaelemegïele	N	skriftspråk

tjaelemessijjie	N	adresse

tjaelijedåarjoe	N	forfatterstøtte

tjaelijesiebrie	N	forfatterforening

tjaetsiedajve	N	vannområde

tjaetsiefaamoe	N	vannkraft

tjaetsiefaamoevierhtie	N	vannkraftressurs

tjaetsielaake	N	vannlov

tjahkeskuvle	N	fjellskole

tjaktjekonferanse	N	høstkonferanse

tjaktjekurse	N	høstkurs

tjaktjetjåanghkoe	N	høstmøte

tjiehpiedæjja	N	kunstner

tjiehpije	N	ekspert

tjilkeme	N	avklaring

tjoejefilme	N	lydfil

tjoejehtsfilme	N	stumfilm

tjoevkeguvvie	N	foto

tjyökeåvtehke	N	kjøkkensjef

tjåadtjoehtæjja	N	ansvarlig

tjåanghkoeaejkie	N	møtetidspunkt

tjåanghkoedaatoe	N	møtedato

tjåanghkoegïehtelimmie	N	møtevirksomhet

tjåanghkoegïele	N	møtespråk

tjåanghkoereakta	N	møterett

tjåanghkoesijjie	N	samlingssted
tjåanghkoesijjie	N	samlingspunkt
tjåanghkoesijjie	N	møtested
tjåanghkoesijjie	N	møteplass

tjåanghkoesoejkesje	N	møteplan

tjåanghkoeåejvie	N	møteleder

tjåarvohtse	N	rop
tjåarvohtse	N	skrik

tjïeltebudsjehte	N	kommunebudsjett

tjïeltedaltese	N	kommunenivå

tjïelteekonomije	N	kommuneøkonomi

tjïeltegåetie	N	kommunehus

tjïeltejarnge	N	kommunesenter

tjïeltekonferanse	N	kommunekonferanse

tjïeltenomme	N	kommunenavn

tjïelteproposisjovne	N	kommuneproposisjon

tjïelteraastege	N	kommunegrense

tjïeltereereme	N	kommuneadministrasjon

tjïelteseabradahke	N	kommunesamfunn

tjïelteseminaare	N	kommuneseminar

tjïeltesoejkesje	N	kommuneplan

tjïelteståvroe	N	kommunestyre

tjïelteståvroeveeljeme	N	kommunestyrevalg

tjïeltesuerkie	N	kommunesektor

tjïelteveeljeme	N	kommunevalg

tjïelteveeljemeboelhke	N	kommunevalgperiode

tjïrregruva	N	kullgruve

tjöökebuertie	N	kjøkkenbord

transaksjovne	N	transaksjon

trïhke	N	trikk

tsavtshvierhtie	N	middel

tseagkode	N	loddrett

tseegkije	N	grunnlegger

tsegkietnie	N	jordmor

tsibpeldimmeskåarhte	N	rasjoneringskort

tsihtsehthmuerjie	N	bringebær

turistehæhtjoe	N	turisthytte

tv-programme	N	tv-program

tæjmoelohkehtæjja	N	timelærer

tæjmoeplaane	N	timeplan

tæjmoesoejkesje	N	timeplan

tæjmoevierhtie	N	timeressurs

ulmielåhkoe	N	måltall

unijovne	N	union

unijovnemïerhke	N	unionsmerke

universiteete	N	universitet

universiteetegærjagåetie	N	universitetsbibliotek

universiteeteklinihke	N	universitetsklinikk

universiteeteståvroe	N	universitetsstyre

unnebelåhkoeaamhtese	N	minoritetssak

unnebelåhkoeduekie	N	minoritetsbakgrunn

unnebelåhkoedåehkie	N	minoritetsgruppe

unnebelåhkoegyhtjelasse	N	minoritetsspørsmål

unnebelåhkoekultuvre	N	minoritetskultur

unnebelåhkoelïhtsege	N	minoritetsmedlem

unnebelåhkoemusihke	N	minoritetsmusikk

unnebelåhkoengïele	N	minoritetsspråk

unnebelåhkoeperspektijve	N	minoritetsperspektiv

unnebelåhkoereakta	N	minoritetsrett

unnebelåhkoeuvtelasse	N	mindretallsforslag

unnebelåhkoeïedtje	N	minoritetsinteresse

unnemesfaktore	N	minimumsfaktor

vaajmoegïele	N	hjertespråk

vaajmoemaajsoe	N	hjertebör

vaaksjome	N	tilsyn

vaaksjomeorgaane	N	tilsynsorgan

vaanejaahkoe	N	mistanke

vaanesovme	N	mistanke

vaarhuge	N	snøugle

vaarjelimmie	N	beskyttelse

vaarjelimmietjahta	N	naturreservat

vaarjoeh	N	klær

vadtes	N	gave

vaeriedajve	N	fjellområde

vaerienkaarhte	N	fjellkart

valkese	N	trafikk

varijaante	N	variant

veahka	N	kvote

veareldevæhta	N	værtegn

veasomebyjrese	N	bomiljø

veeljemebarkoe	N	valgarbeid

veeljemeboelhke	N	valgperiode

veeljemedigkie	N	valgting

veeljemedåehkie	N	valggruppe

veeljemejïjje	N	valgnatt

veeljemekåarhte	N	valgkort

veeljemelåhkoe	N	valgmanntall
veeljemelåhkoe	N	manntall

veeljemelåhkoelæstoe	N	manntallsliste

veeljemelæstoe	N	valgliste

veeljemenilleldahke	N	valgresultat

veeljemenjoelkedasse	N	valgregel

veeljemenænnoestimmie	N	valgbestemmelse

veeljemesijjie	N	stemmelokale

veeljemeståvroe	N	valgstyre

veeljemesysteeme	N	valgsystem

veeljemetjåanghkoe	N	valgmøte

veeljemeöörnege	N	valgordning

veeljije	N	velger

veesmedahke	N	sammendrag

versjovne	N	versjon

videove	N	video

vierhtiealmetje	N	ressursperson

vierhtiebaanghke	N	ressursbank

vierhtiebyjrese	N	ressursmiljø

vierhtiedajve	N	ressursområde

vierhtiedimmievåarome	N	vurderingsgrunnlag

vierhtiedåehkie	N	ressursgruppe

vierhtiegyhtjelasse	N	ressursspørsmål

vierhtiegïehtjedimmie	N	ressurskontroll

vierhtielåhkoe	N	ressurstall

vierhtiepolitihke	N	ressurspolitikk

vierhtiereakta	N	ressursrettighet

vierhtiereeremeöörnege	N	ressursforvaltningsordning

vierhtieskuvle	N	ressursskole

vierhtiesoejkesje	N	ressursplan

vierhtievaarjelimmie	N	ressursvern

vierhtieåtnoe	N	ressursbruk

vierhtieïedtje	N	ressursinteresse

viermiebarkoe	N	nettverksarbeid

viermielohkije	N	nettleser

viertiestimmie	N	sammenligning

vihtiesleahpa	N	kvittering

vijremekåarhte	N	jaktkort

vijremeåejvie	N	jaktleder

vijriedimmie	N	utbygging

vijriesålma	N	jaktmann

visjovne	N	visjon

vitnie	N	vinner

voedtegh	N	komagbånd

voejedimmesgaedtie	N	badestrand

voejedimmessavka	N	svømmehall

voejedimssavka	N	svømmehall

voenengåetie	N	grendehus

voeneskuvle	N	grendeskole

voengekontovre	N	lokalkontor

voengemaahtoe	N	lokalkunnskap

voengepolitihkere	N	lokalpolitiker

voengesiebrie	N	lokalforening

voengeskuvle	N	nærmiljøskole

voeresigåetie	N	aldershjem

voerkelimmie	N	bevisstgjøring

voerkesvoete	N	bevissthet

voerngesdajve	N	kjerneområde

voese	N	etterbyrd

voesteskonsulente	N	førstekonsulent

voestesreakta	N	førsterett

voestessæjroe	N	førsteside

vollytjengkere	N	volleyball

volumprosente	N	volumprosent

vuajahtahke	N	kjøretøy

vuartasjæjjah	N	publikum

vuartoe	N	forventning

vuasahtalleme	N	utstilling

vuastalimmesdåehkie	N	motstandsgruppe

vuastavoejesnaejrie	N	ostesmørbrød

vuesiehtimmesdåahka	N	utstillingsdukke

vuestehke	N	motstander

vuestiebïegke	N	motvind

vyörtege	N	likestilling

våarhkoebarkoe	N	arkivarbeid

våarhkoekontovre	N	arkivkontor

våarhkoeprosjekte	N	lagerprosjekt
våarhkoeprosjekte	N	arkivprosjekt
våarhkoeprosjekte	N	forvaringsprosjekt

våarhkoesoejkesje	N	arkivplan

våarhkoesysteeme	N	arkivsystem

våarhkoetjoevtenje	N	arkivnøkkel

våarometjaatsege	N	grunnlagsdokument

våhkoegietjie	N	helg

våhkoelaehpije	N	helg

våågne	N	vogn

vååjmese	N	dyrehjerte

væhna	N	vitne

vïhnesjimmie	N	testamente
vïhnesjimmie	N	attest

vïhtesjimmie	N	attest

vïrreprosente	N	blodprosent

vïtnedimmiesavka	N	gymnastikksal

weblohkije	N	nettleser

zoologije	N	zoologi

åanghke	N	kulp

åarjehke	N	søring

åasadaltese	N	prisnivå

åasagïehtjedimmie	N	priskontroll

åasaövtiedimmie	N	prisutvikling

åejvieaajkoe	N	hovedhensikt

åejvieaamhtese	N	hovedtema
åejvieaamhtese	N	hovedsak

åejviebarkoe	N	hovedarbeid

åejviebarkoedajve	N	hovedarbeidsområde

åejviedajve	N	hovedområde

åejviedåehkie	N	hovedutvalg

åejviedåemiedimmie	N	lederrolle

åejviedïedte	N	lederansvar
åejviedïedte	N	hovedansvar

åejviefaage	N	hovedfag

åejviefaagedaltese	N	hovedfagsnivå

åejviefaaleldahke	N	hovedtilbud

åejviefokuse	N	hovedfokus

åejviegaaltije	N	hovedkilde

åejviegyhtjelasse	N	hovedspørsmål

åejviehaesteme	N	hovedutfordring

åejviekandidaate	N	hovedkandidat

åejviekonklusjovne	N	hovedkonklusjon

åejviekontovre	N	hovedkontor

åejvielaavenjasse	N	hovedoppgave

åejvielatjkoe	N	hovedavtale

åejvielåhkoe	N	hovedtall

åejvienjoelkedasse	N	hovedregel

åejvienomme	N	hovednavn

åejvieperspektijve	N	hovedperspektiv

åejvieprosjekte	N	hovedprosjekt

åejvieraajese	N	hovedsetning

åejviesisvege	N	hovedinnhold

åejviesmaarege	N	hoveddialekt

åejviesoejkesje	N	hovedplan

åejviestaare	N	hovedstad

åejviestrategije	N	hovedstrategi

åejvieuvtelasse	N	hovedforslag

åejvieövtiedimmie	N	lederutvikling

åeliealmetje	N	formynder

åestije	N	kunde

åljadirektoraate	N	oljedirektorat

åljaræjhkoesvoete	N	oljerikdom

åljasïelte	N	oljeselskap

åljavierhtie	N	oljeressurser

ålkoerïjhke	N	utlandet
ålkoerïjhke	N	utland

ålkoerïjhkeministeere	N	utenriksminister

ålmehjïlleskuvle	N	folkehøyskole

årromedajve	N	bosetningsområde

årromedåarjoe	N	bostøtte

årrometjïelte	N	bostedskommune

åssjelmes	N	tanke
åssjelmes	N	hensikt

åtnoedajve	N	bruksområde

åtnoegïele	N	bruksspråk

åtnoenjoelkedasse	N	bruksregel

åtnoereakta	N	bruksrettighet
åtnoereakta	N	bruksrett

åtnoesoejkesje	N	bruksplan

åtnoevuekie	N	bruksmåte

åtnoeöörnege	N	bruksordning

åvtebaakoe	N	forord

åvtebarkoe	N	forarbeid

åvteguvvie	N	ideal
åvteguvvie	N	forbilde

åvtehistovrije	N	forhistorie

åvtekurse	N	forkurs

åvtelh-maalese	N	forrett

åvtemaahtoe	N	forkunnskap

åvtenomme	N	fornavn

åvteprosjekte	N	forprosjekt

åvtesæjroe	N	forside

åålmehbiejjie	N	folkedag

æbla	N	eple

æblagaahkoe	N	eplekake

æpla	N	eple

æplagaahkoe	N	eplekake

övtiedimmieaamhtese	N	utviklingssak

övtiedimmiebarkije	N	utviklingsarbeider

övtiedimmiebeetnegh	N	utviklingspenger

övtiedimmiebyjrese	N	utviklingsmiljø

övtiedimmiedajve	N	utviklingsområde

övtiedimmiedåehkie	N	utviklingsgruppe

övtiedimmiedïrrege	N	utviklingsverktøy

övtiedimmieektiebarkoe	N	utviklingssamarbeid

övtiedimmiefaaleldahke	N	utviklingstilbud

övtiedimmiejarnge	N	utviklingssenter

övtiedimmiekurse	N	utviklingskurs

övtiedimmielaante	N	utviklingsland

övtiedimmiemaahtoe	N	utviklingskompetanse

övtiedimmienuepie	N	utviklingsmulighet

övtiedimmieorganisasjovne	N	utviklingsorganisasjon

övtiedimmieperspektijve	N	utviklingsperspektiv

övtiedimmiesoejkesje	N	utviklingsplan

övtiedimmiestrategije	N	utviklingsstrategi

övtiedimmiesysteeme	N	utviklingssystem

övtiedimmiesïelte	N	utviklingsselskap

övtiedimmiesïeve	N	utviklingslinje

övtiedimmietjïelte	N	utviklingskommune

övtiedimmieuvtelasse	N	utviklingsforslag

övtiedimmievierhtie	N	utviklingsmiddel
övtiedimmievierhtie	N	utviklingsressurs

övtiedimmieåejvie	N	utviklingsleder

ööhpehtimmieaamhtese	N	opplæringssak
ööhpehtimmieaamhtese	N	utdanningssak

ööhpehtimmieaamhtse	N	undervisningstema

ööhpehtimmieaejkiemierie	N	undervisningstidspunkt

ööhpehtimmieboelhke	N	utdanningsperiode

ööhpehtimmiebyjrese	N	utdanningsmiljø

ööhpehtimmiedaarpoe	N	opplæringsbehov

ööhpehtimmiedaltese	N	utdanningsnivå

ööhpehtimmiedirektööre	N	utdanningsdirektør

ööhpehtimmiedåarjoe	N	utdanningsstønad

ööhpehtimmieektiebarkoe	N	utdanningssamarbeid

ööhpehtimmiefaage	N	undervisningsfag

ööhpehtimmiefaaleldahke	N	opplæringstilbud
ööhpehtimmiefaaleldahke	N	undervisningstilbud
ööhpehtimmiefaaleldahke	N	utdanningstilbud

ööhpehtimmiefealadimmie	N	ekskursjon

ööhpehtimmiefilosofije	N	opplæringsfilosofi

ööhpehtimmiegyhtjelasse	N	opplæringsspørsmål
ööhpehtimmiegyhtjelasse	N	utdanningsspørsmål

ööhpehtimmiegïele	N	undervisningsspråk

ööhpehtimmieinstitusjovne	N	undervisningsinstitusjon
ööhpehtimmieinstitusjovne	N	utdanningsinstitusjon

ööhpehtimmiejarnge	N	utdanningssentrum
ööhpehtimmiejarnge	N	utdanningssenter

ööhpehtimmiekonferanse	N	opplæringskonferanse

ööhpehtimmiemaahtoe	N	undervisningskompetanse

ööhpehtimmienedte	N	læringsnett

ööhpehtimmienupie	N	utdanningsmulighet

ööhpehtimmieorganisasjovne	N	opplæringsorganisasjon

ööhpehtimmiepolitihke	N	opplæringspolitikk
ööhpehtimmiepolitihke	N	utdanningspolitikk

ööhpehtimmieprogramme	N	utdanningsprogram

ööhpehtimmieprosjekte	N	opplæringsprosjekt

ööhpehtimmiereakta	N	opplæringsrettighet
ööhpehtimmiereakta	N	opplæringsrett
ööhpehtimmiereakta	N	utdanningsrettighet

ööhpehtimmiereereme	N	utdanningsadministrasjon

ööhpehtimmieregijovne	N	utdanningsregion

ööhpehtimmieråajvarimmie	N	opplæringstiltak
ööhpehtimmieråajvarimmie	N	undervisningstiltak

ööhpehtimmieseabradahke	N	utdanningssamfunn

ööhpehtimmieseminaare	N	utdanningsseminar

ööhpehtimmiesuerkie	N	utdanningsområde

ööhpehtimmiesysteeme	N	opplæringssystem

ööhpehtimmiesïeve	N	utdanningslinje

ööhpehtimmietjaelije	N	utdanningssekretær

ööhpehtimmietsiehkie	N	opplæringssituasjon
ööhpehtimmietsiehkie	N	undervisningssituasjon

ööhpehtimmietæjmoe	N	undervisningstime

ööhpehtimmieveeljeme	N	utdanningsvalg

ööhpehtimmievuekie	N	opplæringsform
ööhpehtimmievuekie	N	undervisningsmåte

ööhpehtimmieåejvie	N	undervisningsleder

ööhpehtimmieåvtehke	N	opplæringssjef

ööhpehtæjjafaamoe	N	lærerkraft

öörneme	N	arrangement

