"gøøkten-giertien"	"s"	"totall"
"åebpeme"	"s"	"søster du min"	"(tiltale)"
"Aejlies Voejkene"	"s"	"Den hellige Ånd"
"Elmie, Elmierihke"	"s"	"Himmelen, Himmelriket"
"Elmien Aehtjie"	"s"	"Himmelske Far"
"Gehenna"	"s"	"helvete"
"Hatsves-ietnie"	"s"	"Den onde kvinnen"
"Jupmele"	"s"	"Gud"
"Lutniestæjja"	"s"	"Frelseren"
"Njaevies ietnie"	"s"	"Den gode kvinnen"
"Rosse"	"s"	"Kjølen"	"(fjellryggen mellom Norge/Sverige)"
"Rovhte"	"s"	"dødsgudinnen"
"Rovhtege"	"s"	"kjerringa til Staaloe"
"aahka"	"s"	"Bestemor , gammel dame, uavhengig av slektskap"
"aajhtoe"	"s"	"trussel"
"aajja"	"s"	"bestefar, gammel mann, uavhengig av slektskap"
"aajkoe"	"s"	"hensikt"
"aajkoe-laevie"	"s"	"tremenning"
"aajkohke"	"s"	"søskenbarn"
"aajmoe"	"s"	"sinnsstemning, lune, ånd, sinn, den annen verden"	"(bl. a. dødsriket), den store ånd"
"aajnehke"	"s"	"(tre), enebarn, simle som skiller seg ut fra de andre"	"eneste"	"(barn), enslig"	"(f. eks. er kollet)"
"aajroe"	"s"	"åre, spor etter reinflokk"
"aaksjoe"	"s"	"øks"
"aalkoe"	"s"	"begynnelse"
"aallije"	"s"	"heller, hule i berget, boplass i bergheller/hule"
"aalloe"	"s"	"rein som går for seg sjøl"
"aalmehke"	"s"	"helt fremmed rein"
"aalohke"	"s"	"støvel"
"aamhtese"	"s"	"møtesak, emne, mål, tema, samtaleemne"
"aamhteseprovsa"	"s"	"sakprosa"
"aamhtesh"	"s"	"materiale"
"aanjah"	"s"	"sener på framsida av reinfot"
"aanoe"	"s"	"tigger"
"aanoje"	"s"	"tigger"
"aantoe-sijjie"	"s"	"slakteplass"	"(tilknyttet boplassen for slakting til husbehov)"
"aarege"	"s"	"bergur"
"aarehke-aaltoe"	"s"	"tidligfødende simle"
"aarh-skuvle"	"s"	"førskole"
"aarhtse"	"s"	"ørn"
"aarmoe, aarmohkevoete"	"s"	"barmhjertighet"	"- s"	"(mestie dam gaajhke dutnjien aarmohkevoetem vuesehte?-hva kommer det av at alt viser deg barmhjertighet?)"
"aarpije"	"s"	"enke, enkemann"
"aassjoe"	"s"	"hat"
"aassjoestimmie"	"s"	"(adj)"	"forakt, det å forakte"	"(subst), foraktet, som blir foraktet"
"aate"	"s"	"tema, sak"	"(gierve aate-vanskelig tema/sak)"
"aavoe"	"s"	"glede"
"aavroe"	"s"	"ur, steinur"
"abpese"	"s"	"genser"
"abpetaale"	"s"	"heltall"
"aeblehts-voete"	"s"	"latskap, dovenskap"
"aegkie"	"s"	"dun"
"aehpie"	"s"	"problem, knipe, vanskelig, tvungen situasjon"	"(aahpan sjïdtimh-vi kom  i knipe/fikk problemer)"	"(aehpesne  lin-de var i knipe/i en vanskelig situasjon/hadde problemer)"	"(aehpesne -"	"(er) i knipe/har problem)"
"aehtjie"	"s"	"far"
"aejkie, baelie, tijje"	"s"	"tid"
"aejlege"	"s"	"søndag"
"aejlies maalestahke"	"s"	"hellig måltid, nattverd"
"aelhkie"	"adj"	"lettvint"
"aerede"	"s"	"morgen"
"aeredsbiejjie"	"s"	"formiddag"
"aeriebistie"	"s"	"fra før"
"aerkebiejjien vaarjoeh"	"s"	"klær"	"(daroe-klær)"
"aernie"	"s"	"ildsted, åre, arne"
"aerpie"	"s"	"arv, enke"
"aesie"	"s"	"ås"
"aevhkie"	"s"	"fordel, lykke, nytte"
"ahte"	"konj"	"at, over at, fordi, for"	"(ihke aahka ieskien syhkegåatan vualkeme-at aahka nettopp har dratt til sykehuset)"
"akten-giertien"	"s"	"entall"
"alkoevistie"	"s"	"fra begynnelsen"
"almetje"	"s"	"menneske"
"almetjh, goltelæjjah, lohkijh, vuartasjæjjah"	"s"	"publikum"
"alnadahke"	"s"	"utsiktspunkt, høydedrag"	"(med fri utsikt i alle retninger)"
"altese"	"s"	"skotunge"
"aske"	"s"	"måne, måned"
"askedibie"	"s"	"måneskinn"
"askediepie"	"s"	"måneskinn"
"asketruerie"	"s"	"menstruasjon"
"astoe"	"s"	"tid"	"(god tid til noe)"
"baahhasvoete"	"s"	"ondskap, djevelskap"
"baahke"	"s"	"haug"
"baahkes-laante"	"s"	"varmsommerland"
"baahtsege"	"s"	"kongle, hjerte"
"baajkoe"	"s"	"sprengkulde"
"baakoe"	"s"	"bokstav, ord"
"baakoe-nuhtjeme"	"s"	"uttrykk"
"baakoedåehkie"	"s"	"ordklasse"
"baakoeguvvie"	"s"	"ordbilde"
"baakoelåhkoe"	"s"	"ordforråd"
"baakoeraajroe"	"s"	"rim og regler"
"baakoeveeljeme"	"s"	"ordvalg"
"baalhka"	"s"	"lønn, snor, tverrtre , hengeanordning"
"baalhkalissie"	"s"	"lønnspålegg"
"baalka"	"s"	"sti"
"baalt-bielie"	"s"	"parallell"
"baaltege"	"s"	"medmenneske, neste, den som er ved siden av"	"parallell"
"baalteåejvie"	"s"	"nestformann"
"baarhkohkh"	"s"	"sommersko uten hår"
"baarhkohkh, baarhkogh"	"s"	"kommager"
"baaroe"	"s"	"bølge"
"baataræjja"	"s"	"flyktning"
"badtja, bådtja"	"s"	"smurning"
"badtjere"	"s"	"lege, doktor"
"baelie"	"s"	"gang, bestemt tid, leilighet, høve, tilstedeværelse"	"(dej beeli"	"(baeliej) - i de tider, før i tiden),"	"(daan baelien-nå for tiden),"	"(daehtie baeleste - fra nå av),"	"(don baelien - den gangen),"	"(duhtie baeleste - fra den tiden),"	"(akten baelien - en gang i tiden),"	"(maana-baelien – barndomstiden),"	"(mov noere baelien - i min ungdom),"	"(maana-baeleste - fra barnsbein av),"	"(ih maanaj baelien åadtjoeh nimhtie jiehtedh -   du må ikke si slikt i barnas påhør),"	"(voeresi baelien tjoeverh faepeles årrodh-  når eldre er tilstede må du være forekommende)"
"baenie"	"s"	"tann"
"bajjesimmie"	"s"	"påståelighet, envishet"
"balve"	"s"	"sky"
"barhve, daarhve"	"s"	"kadaver"
"barkeme, darjome"	"s"	"aktivitet"
"barkoe"	"s"	"arbeid"
"barkoe-duehkie"	"s"	"seminar,arbeidsgruppe"
"barkoe-dåehkie"	"s"	"arbeidsgruppe, seminar"
"barkoe-jiehtese"	"s"	"terminologi"
"barkoe-jåakoe"	"s"	"arbeidsfordeling"
"barkoe-mehkie"	"s"	"arbeidsleir"
"barkoe-vuekie"	"s"	"arbeidsform"
"barroe"	"s"	"krøllet, kruset"
"barsje"	"s"	"fjellbrem, strekningen langs kanten av fjellet"	"(vaerien darte)"
"barta"	"s"	"saks, felle, gleks"
"bastege"	"s"	"klemme"	"(bastegisnie lea-han er kommet i klemma)"
"batse"	"s"	"fjær"
"battjka"	"s"	"svans"
"bealjetjh"	"s"	"ører"	"(noen få)"	"mynt    - s."
"bealketje"	"s"	"tommelfinger"
"bealloe"	"s"	"bjelle"
"bealloe-råantjoe"	"s"	"bjøllokse"
"beallohke"	"s"	"bjøllerein"
"beapmoe-voesse"	"s"	"matsekk"
"bearjadahke"	"s"	"fredag"
"bearkoe"	"s"	"kjøtt"
"beelhkestæjja"	"s"	"utkaster"
"beetsetje"	"s"	"furuskog"
"beetsetje"	"s"	"skogholt med furu, furumo"
"beetsuve"	"s"	"rest, det som er til overs, det som er/blir igjen"
"belnie"	"s"	"tue"
"berteme"	"s"	"forlag, stabel"
"bertije"	"s"	"utgiver, forlegger"
"biegke"	"s"	"vind"
"biegke, jiele"	"s"	"luft"
"biegke-raejkie"	"s"	"med vinden"	"(-n)"	"(-m)"
"biehtedæjja"	"s"	"snyter, foræder, sviker, bedrager"
"biehteme"	"s"	"svik, bedrag, forræderi, utroskap"
"biejjh-guakoe"	"s"	"solskinn, solsteik"
"biejjie"	"s"	"dag, sol"
"biejjiegærja"	"s"	"dagbok"
"biekere"	"s"	"flo"
"biekere"	"s"	"molteland"
"bielie"	"s"	"halvdel", langs"	"(johke bealam vøølki-han dro langs elva)"	"side"	"(til den andre siden-don bealan)"
"bielie-gaektsie"	"s"	"halv åtte"	"(klokkeslett)"
"bielie-gievlie"	"s"	"sirkel halv-"
"bielie-mubpie, bielie nubpie"	"s"	"halvannen, en og en halv"
"bieljie"	"s"	"øre"
"bieljie-gietjie"	"s"	"ørespiss"
"bieljiesgattere"	"s"	"reinhodets bakerste del"	"(bit m. øre)"
"bienje"	"s"	"hund"
"biesie"	"s"	"reir"
"biesse"	"s"	"binne"
"biessie"	"s"	"never"
"biessie-govkije"	"s"	"neverfakkel"
"bietsie"	"s"	"furu"
"bievestahke"	"s"	"svette"
"bievle"	"s"	"barmark, barflekk"
"bievnese"	"s"	"meddelelse, informasjon"
"bihkedasse, boejhkehts, boejhkehtasse"	"s"	"lærdom, forklaring, formaning"
"bihkedimmie"	"s"	"instruksjon"
"bihkehtsgærja"	"s"	"oppslagsbok, oppslagsverk"
"bijjelistie"	"adv"	"ovenfra, fra ovenfor"
"bijjiebaakoe, bijjie-tjaalege"	"s"	"overskrift"
"bijle"	"s"	"bil"
"birhke"	"s"	"reinflokk"	"(liten)"
"birsje"	"s"	"fiskespord"
"bisseme"	"s"	"grillspyd"
"bissh-gietjie"	"s"	"steikepinne"
"bissie-biejjie"	"s"	"helligdag"
"boelhke"	"s"	"periode, del, avsnitt"	"(boelhke lea askeste måbpan-perioden skal vare fra den ene måned til den andre)"
"boelhke-sieve"	"s"	"tidslinje"
"boelhkeplaerie"	"s"	"tidsskrift"
"boelte"	"s"	"bjørkeskog, lauvskogsområde"
"boelte"	"s"	"løvskog"
"boelve"	"s"	"(framkneet)"	"slektledd, generasjon, kne"	"- s."	"(saemien-boelve-samisk slektledd, generasjon)"
"boelve"	"s"	"kne"
"boenge"	"s"	"barm"
"boere"	"s"	"fangarm"
"boerege"	"s"	"flue"
"bolle"	"s"	"menneskekropp"
"bovhtjehtimmie"	"s"	"griskhet"	"(det å forsyne seg utilbørlig), havesyke"
"bovhtjehtimmie"	"s"	"havesyke, det å forsyne seg utilbørlig"
"bovre"	"s"	"butikk"
"bovtsi luvnie"	"s"	"reinskogen i-"
"brijrie"	"s"	"(bratt skogvokst)"	"helling, skråning"	"(gijrege jis doj brijri mietie munnies-ledtieh ohtsedidh jih munnieh tjøøngkedh-og om våren var det å lete opp fugler som ruger og samle egg)"
"brijrie"	"s"	"skogvokst helling"
"brorke"	"s"	"jerpe"
"brøøke"	"s"	"brøk"
"brøøkesieve"	"s"	"brøkstrek"
"buajhkedh III die"	"s"	"innse, forstå lære seg"	"(manne dïsse buajkam-så forstår jeg det)"
"buejtie"	"s"	"fett, talg"
"buejtie-tjøøtsehge"	"s"	"kjøttmeis"
"buekteme"	"s"	"markedsføring, framføring"
"buerie barkoe"	"s"	"positivt arbeide"
"buerie biejjie"	"s"	"god dag"
"buerie"	"adj"	"god, bra"
"buerie"	"s"	"behov, interesse, tarv"	"(dihte gujht geehtesti jitjse bueriem- han ivaretok sine egne interesser)"
"buerie"	"s"	"bra"
"buerie"	"s"	"interesse, tarv, behov"	"(dihte gujht geehtesti jitjse bueriem-han ivaretok sine egne interesser)"
"buerie"	"s"	"tarv, behov, interesse"	"(dihte gujht geehtesti jitjse bueriem-han ivaretok sine egne interesser)"
"bueriesaernie"	"s"	"nyhet god-"
"bueriesjugniehtasse"	"s"	"velsignelse"
"bueriesjugniehtæjja"	"s"	"velsigner, en som velsigner"
"buerkiestimmie"	"s"	"foredrag"
"buerkiestimmie, tjielkestimmie"	"s"	"forklaring, rettledning"
"buerkiestimmie, tjielkestimmie"	"s"	"rettledning, forklaring"
"buertie"	"s"	"bord"
"buhtjeme-lihtie"	"s"	"mjølkekjørle"
"buhtjije"	"s"	"mjølker"
"bulle, bolle"	"s"	"kropp"	"(av menneske el. dyr)"
"burhtje"	"s"	"boks"
"burhvie"	"s"	"lav, mose"
"burhvieh"	"s"	"reinlav"
"buvrie"	"s"	"bur"
"buvrie"	"s"	"stabbur"
"buvveme"	"s"	"mord, drap"
"byjhkesjimmie"	"s"	"bekjennelse, tilståelse"
"byjhkesjimmie"	"s"	"tilståelse, bekjennelse"
"byjjehtimmie"	"s"	"opplysning"	"(andre opplysninger-jeatjah byjjehtimmieh)"
"byjjes tsiehkie"	"s"	"formell situasjon"
"byjjes"		"offentlig"	"byjjesh laakefaamohke, mij laakem vadta"	"s"	"lovgivningsmyndighet"
"byjrese"	"s"	"miljø"
"byøssege"	"s"	"vidjebånd"
"båanta"	"s"	"riking"
"båasarimmie"	"s"	"oppstyr, uro"
"båasarimmie"	"s"	"uro, oppstyr"
"båasarimmie, bååhperdimmie, vuastalimmie"	"s"	"reaksjon"
"båassjoe"	"s"	"kåta plassen innerst i-"
"båassjoe-raejkie"	"s"	"hull, åpning midt imot døra i ei kåte"
"båastoeh-loedte"	"s"	"reintråkk i motsatt retning"
"båatsoe-almetje"	"s"	"reineier , en som arbeider i reinskogen"
"båatsoe-buerie"	"s"	"eier rein"
"båatsoe-burrie"	"s"	"reindrift person som driver med-"
"båejme"	"s"	"fjellvåk"
"båervie-skomhpele"	"s"	"fettklump"
"båevties biejjie"	"s"	"godværsdag, en dag med tørt vær"
"båevties biejjie"	"s"	"tørt vær, en dag med-, godværsdag"
"båvne"	"s"	"forhøyning i terrenget"
"bååhpere"	"s"	"forundring"
"bægkah"	"s"	"kløv, husgeråd, proviant"
"bægkah"	"s"	"oppakning, klær i flyttelasset"
"bæhta"	"s"	"bit, stykke"
"bæjhke"	"s"	"skit, avføring, dårlig, elendig, udugelig"	"(bæjhke bienje-elendig hund)"	"(bæjhke kaarre-udugelig mann)"
"bæjhke-råvve"	"s"	"skrytepave, inkompetent, udugelig person"	"(humoristisk benevnelse på litt for foretaksomme barn og unge)"
"bæjhkoehtimmie"	"s"	"beskjed, erklæring, meddelelse, offentliggjøring"
"bæjhkoehtimmie"	"s"	"erklæring, meddelelse, offentliggjøring, beskjed"
"bæjhkoehtimmie"	"s"	"meddelelse, offentliggjøring, beskjed, erklæring"
"bæjhkoehtimmie"	"s"	"offentliggjøring, beskjed, erklæring, meddelelse"
"bæjngoe-vaarjoeh"	"s"	"yttertøy, ytterklær"
"bïhkedimmie"	"s"	"undervisning, forklaring, veiledning"
"daagkoe"	"adv"	"her, forbi her"
"daajkoe"	"adv"	"her på disse kanter"
"daajroetjiehpie"	"s"	"kunst"
"daajroetjiehpie-guvvie"	"s"	"kunstbilde"
"daalhkesh"	"s"	"medisin, gift"
"daamehke"	"s"	"temmet rein"
"daarhve"	"s"	"punkt, blink, klossmajor, fornuftsstridig person, ”hakkekylling”, tåpe, dåre"
"daarjoe"	"s"	"viten"
"daata"	"s"	"data"
"daata-gaevnie"	"s"	"dataspill"
"daata-viermie"	"s"	"data-nettverk"
"daatabarkoe, daatagiehtelimmie"	"s"	"databehandling"
"daataviermie"	"s"	"internett, datanett"
"dable"	"s"	"brikke"
"daebpielisnie"	"adv"	"nærmere her"
"daebrie"	"s"	"milten"
"daelhkie"	"s"	"(nordl.)"	"føre, vær"	"(nåake daelhkie sjidti-det ble dårlig"	"(ski)føre)"
"daelhkie"	"s"	"(skiføre. etc)"	"føre"	"(når det er fint føre- juktie hijven daelhkie)"
"daelhkie"	"s"	"føre, vær"	"(nordl.)"
"daelie jih daagkoe"	"s"	"her og nå"
"daelie"	"adv"	"nå, nå for tiden"
"daelie"	"s"	"her"	"(her er)"	"- adv."
"daelvie"	"s"	"vinter"
"daelvie-juhteme"	"s"	"vinterflytting"
"daelvie-laante"	"s"	"vinterland"
"daelvie-muadta"	"s"	"vinterpels"
"daevere"	"s"	"gjenstand, pargas, vare, ting"
"daevere, daeverh"	"s"	"gaver"
"daevere, daeverh"	"s"	"greier, pargas"
"daevere, daeverh"	"s"	"varer"
"dahkoe"	"adv"	"dit"
"dahpe"	"s"	"slire"
"dajve"	"s"	"område, trakt"
"dajve"	"s"	"trakt, område"
"dajve-ektievoete"	"s"	"lokalsamfunn"
"daktere"	"s"	"datter"
"dalketjh"	"s"	"utstyr"
"dallatjinie"	"s"	"med én gang"
"daltese"	"s"	"nivå, klasse"	"(daltesem jilliedidh-høyne nivået)"	"(1.daltese-1.klasse)"
"dalvese"	"s"	"høyde"	"(terreng),  topp, fjelltopp"
"dalvese"	"s"	"kam mot horisonten"
"damtese"	"s"	"bekjentskap"
"darhve"	"s"	"blink, punkt, uvitende tosk"
"darhve?"	"s"	"uvitende tosk, punkt, blink"
"darjoe"	"s"	"virksomhet"
"darjome"	"s"	"(s)"	"gjøremål"	"- s."
"darjome, dorjetalleme"	"s"	"gjerning"
"darjome-baakoe, veerbe, vierbe"	"s"	"verb"
"darjomes"	"s"	"program, gjøremål"
"darte, viedtere"	"s"	"mel, elvemel, skråningen ned mot elva"	"(johken darte)"
"davvoje, dåvvoje"	"s"	"reparatør, helbreder, lege"
"davvome"	"s"	"kurering"
"deahpadimmieh"	"s"	"fakta, hendelse"	"(pl)"
"dearhka"	"s"	"tvare"
"dearkoe"	"adj"	"skvetten, lettskremt"
"deava"	"s"	"bakke, haug"
"deava"	"s"	"haug, bakke"
"deavere"	"s"	"bagasje"	"(snø)"	"kram"	"(deavere lopme-kram snø som nesten fester/klabber til skiene)"
"debpelen dahkoe"	"s"	"måfå på-, på slump,  på sett og vis"
"debpielisnie"	"s"	"kanten på den der-"
"debpielistie"	"s"	"derfra, fra den kanten"
"deere"	"s"	"hanhund"
"deerpegh"	"s"	"nødvendige ting"
"dejkoe"	"adv"	"der omkring"
"dejnie"	"s"	"med den, det"
"dellie"	"s"	"da"	"(dellie ih numhtie sæjloeh-da blir du ikke så sliten)"	"( dellie tijre båata-da kommer det melding)"
"dennie gaskesne"	"s"	"tidspunkt på det-, der og da"	"(og det skjedde i de dager-dennie gaskesne)"
"dennie mieresne"	"s"	"måten"	"(på den -), i mellomtiden"
"derhvie"	"s"	"torv"
"derhvie-gåetie"	"s"	"gamme torv-"
"derhvie-laanoe"	"s"	"torvhytte , lang vannrett stokk dekt med skråstilte stranger med ris og torv oppå"
"dervie"	"s"	"tjære"
"desimalevæhta"	"s"	"desimaltegn"
"desimaltaale"	"s"	"desimaltall"
"dessjie"	"s"	"verdiløs ting"
"diagramme"	"s"	"diagram"
"dibreldihkie"	"s"	"tilknyttet"	"(gaske-vearman dibreldihkie-tilknyttet internett)"
"die"	"adv"	"da, så"
"diedte"	"s"	"påvirkning, ansvar"
"diejvese"	"s"	"uttrykk, ordtak, punkt"
"diekie"	"adv"	"hit"
"dielhtie"	"s"	"isbre"
"dielhtie"	"s"	"isbre, stor snøbre som ligger utover sommeren"
"dielhtie"	"s"	"snøbre"	"(stor-) som ligger utover sommeren, isbre"
"diftånge-målsoeme"	"s"	"diftongendring"
"digkiedidh guktie"	"s"	"diskutere kriterier"
"digkiedimmie"	"s"	"diskusjon"
"digkiedimmie-lahtese"	"s"	"debattinnlegg"
"dijnehkh"	"s"	"sukker, farin"
"dijre, stilleme"	"s"	"beskjed"
"dijre-guedtije"	"s"	"budbærer"
"dilhkuvh"	"s"	"gift, forgiftet åte"
"dirrege"	"s"	"redskap"
"doedte-beetnegh"	"s"	"tilskudd, støtte"	"(økonomisk)"
"doedtere"	"s"	"høyfjell"
"doedtevierhtieh"	"s"	"tilskuddsmidler, støttemidler"
"doedtije"	"s"	"støttespiller, medspiller, tilskuddsyter, støtte"
"doejkoe"	"adv"	"der omkring"
"doekoe"	"adv"	"dit, bortover"
"doekoe"	"s"	"bortover"	"(bortover/utover landet-laantem doekoe)"
"doekoe"	"s"	"utover"	"- adv."	"(utover ettermiddagen-iehkeds-biejjie doekoe)"	"(utover vinteren-daelvie doekoe)"
"doene raejkie, doene-haevtie"	"s"	"fan"	"(banning)"
"doene, doenehke"	"s"	"djevelen, ond ånd, den onde"
"doene,doenehke, doenh-aajmoe, doen'-aajmoe"	"s"	"ond ånd, den onde, djevelen"
"doenehke"	"s"	"hinmannen"
"doengese"	"s"	"lapp"
"doerkh"	"s"	"ris på jordgolvet"
"dogkoe"	"adv"	"der borte"
"dohk-diekie"	"s"	"fram og tilbake, hit og dit"	"(tjelmieh vååjnoeh dohkh diekie juhtieh)"
"dohk-diekie"	"s"	"hit og dit, fram og tilbake"
"dohkh diekie"	"adv"	"hit og dit"
"dohkh diekie"	"s"	"hit og dit, fram og tilbake"	"(tjelmieh vååjnoeh-dohkh diekie juhtieh)"
"dohkoe"	"adv"	"dit, dit bort"
"dojkoe"	"adv"	"der omkring"
"domtese"	"s"	"følelse, opplevelse"
"dorjehtimmie"	"s"	"formidling"
"dorjese, produkte"	"s"	"produkt"
"dovhke"	"s"	"reinbjelle rund"
"dreblie"	"s"	"punkt, prikk"
"dreblie-diagramme"	"s"	"punktdiagram"
"drøøhnege"	"s"	"dronning"
"duahpa"	"s"	"dusk"
"dubpelen dohkoe"	"adv"	"dit bortover"
"dubpielisnie"	"adv"	"Bortenfor , lenger bort"
"duehkie"	"s"	"gruppe, utvalg"
"duehkie"	"s"	"utvalg, gruppe"
"duekie"	"s"	"bak"	"rommet bak   - adv."	"(duakan"	"til bak,     illativ"	")"
"duelie,"	"s"	"(har du),  se der, vær så god"	"der"	"duvlie"	"(duvlie mov tjidtjien tjelmieh-se der er min mors øyne)"
"dueljie"	"s"	"reinskinn"
"dulvie"	"s"	"flom"
"durrie"	"s"	"fjelldal"
"durrie"	"s"	"skar"
"dusijne"	"s"	"dusin"
"duvlie"	"s"	"(har du), vær så god"	"se der, der"	"(duvlie mov tjidtjien tjelmieh)"
"duvlie"	"s"	"se der"
"duvvehke"	"s"	"storlom"
"dygne"	"s"	"døgn"
"dåajvoe"	"s"	"forventning, håp"
"dåajvoe"	"s"	"håp, forventning"
"dåara, dåaroe"	"s"	"krig"
"dåarge"	"s"	"dorg"
"dåaroe-niere"	"s"	"kriger, soldat"
"dåaroe-åejvie"	"s"	"krigsleder, offiser"
"dåaroe-åejvie"	"s"	"offiser, krigsleder"
"dåarsta"	"s"	"torsdag"
"dåastoje"	"s"	"filter"	"luftfilter/støvfilter-mueviedåastoje)"		"adressat, mottaker"
"dåehkie"	"s"	"flokk, kompani"
"dåehkie, tjiertese"	"s"	"gruppe"
"dåelhpie"	"s"	"tjuefemøring"
"dåemiedimmie"	"s"	"rolle"
"dåeries-moere"	"s"	"forhindring"
"dåeriesmoere"	"s"	"vanskelighet, forhindring, hindring, problem, problemstilling"
"dåeriesvoete"	"s"	"problemstilling"
"dålle"	"s"	"ild, bål"
"dååbpese"	"s"	"underlag for kløv"
"dååjrehtimmie"	"s"	"erfaring"	"(brei/bred erfaring-nannoes dååjrehtimmie)"
"dååpmehke"	"s"	"ørret"
"dæjmetje jaepeste, dæjmetjistie"	"s"	"fra i fjor"
"dæjsta"	"s"	"tirsdag"
"dïelme, haaven dïelm"	"s"	"dønning"
"dïjmeme-bearkoe"	"s"	"ferdigkokt mørt kjøtt"
"eajhnah"	"s"	"ide, innfall, lune"
"ealjohts, ealjoeh; komp. ealjoehtåbpoe"	"s"	"giddesløs, likegyldig, sløv, som ikke har arbeidslyst"
"ealjohts, ealjoeh; komp. ealjoehtåbpoe"	"s"	"likegyldig, sløv, giddesløs, uten arbeidslyst"
"ealjohts, ealjoeh; komp. ealjoehtåbpoe"	"s"	"sløv, giddesløs, likegyldig, en som ikke har arbeidslyst"
"earjohks"	"s"	"ødelegger en som"	"(earjohks maana-barn som ødelegger/plukker borti alt mulig)"
"earna"	"s"	"foretak, hensikt, tanke"
"earoe"	"s"	"ære"
"easehts"	"s"	"usyret"	"(brød)"
"eatneme"	"s"	"jorda, distriktet"
"eatnemen moenesjimmie"	"s"	"landskapsbenevnelse"
"ebrie"	"s"	"regn"
"eeblehts-voete"	"s"	"dovenskap, latskap"
"eedtigke"	"s"	"etikk"
"eejehtimmie"	"s"	"tidsfordriv"
"eejhtegetjåahkoe, eejhtegetjåanghkoe"	"s"	"foreldremøte"
"eejhtegh"	"s"	"foreldre"
"eejleskodtje"	"s"	"hellig, en som er"
"eeke"	"s"	"eiendom, eiendel, gods, vare"
"eeke"	"s"	"gods, vare, eiendel"
"eelkie"	"s"	"gift sønn"
"eengkele"	"s"	"engel"
"eensi barkoe"	"s"	"praktisk aktivitet"
"eksponente"	"s"	"eksponent"
"ektesevuekiebarkoe"	"s"	"fellesarbeide"
"ektie-jieleme"	"s"	"partnerskap, det å bo sammen, samboerskap"
"ektiebiejeme baakoeh"	"s"	"sammensatte ord"
"ektiejieleme"	"s"	"samboerskap, partnerskap, det å bo sammen"
"ektiejielije"	"s"	"samboer"
"ektietjåanghkoe"	"s"	"fellessamling"
"ektievoete"	"s"	"ekteskap, enhet"
"ektievoete, dajve"	"s"	"samfunn"
"ektievoete-jieleme"	"s"	"samfunnsliv"
"ektievoete-tsiehkie"	"s"	"samfunnssituasjon"
"ektievuepsie"	"s"	"felles mål"
"elektronigke-påaste, meile"	"s"	"e-post, e-mail"
"ellies dorjese"	"s"	"ferdig produkt"
"elliesvoete"	"s"	"helhet"
"elmedi vøøste mot horisonten +"	"s"	"horisonten"
"elmie tsukngie"	"s"	"(white-out ?)"	"snøen ser helt flat ut"	"(spesiell værtype)"
"elmie"	"s"	"himmel"
"elmie"	"s"	"uvær"
"elmie-rijhke"	"s"	"himmelriket"
"elmie-tjelmie"	"s"	"regndråpe"	"(første)"
"eskie"	"s"	"fang"
"eskie"	"s"	"fang, skjød, jur"
"faage"	"s"	"fag"
"faage-aamhtesh"	"s"	"fagstoff"
"faagejiehtese"	"s"	"faguttrykk"
"faagesuerkie"	"s"	"fagområde"
"faala"	"s"	"hval"
"faamie, faamoe"	"s"	"kraft, styrke, makt"
"faamie, faamoe"	"s"	"makt, styrke, kraft"
"faamie, faamoe"	"s"	"styrke, makt, kraft"
"faamohke"	"s"	"makthaver"
"faaroe"	"s"	"følge"	"(av reisende)"	"- s."
"faaroe"	"s"	"reisefølge"
"faatnoe"	"s"	"kvann"
"faehtie"	"s"	"magesekk"
"faehtie"	"s"	"vom"	"(slakt)"
"faelhkie"	"s"	"forlovelse"	"(nïejte faelhkesne  jenta er forlovet)"
"faelhkieniejte"	"s"	"forlovede"	"(sin forlovede-faelhkie nietemse)"
"faepeles-voete"	"s"	"høflighet, forekommenhet"
"faerhmie"	"s"	"favn"
"faetie"	"s"	"manglende noe-, for lite"	"(munnjien rijsieh faetie sjidtieh-jeg får for lite ris"	"(til kåtegulvet)),"	"(mij lea dov faetene-hva er det i veien med deg)"
"fealadateme"	"s"	"reise, ferdsel, tur"
"fealadæjja"	"s"	"reisende"
"fealaladtje"	"s"	"tater, reisende omstreifer"
"fealloe"	"s"	"fjøl"
"fearvoe"	"s"	"strand"
"fitnele"	"s"	"hunrype"
"foeve"	"s"	"hær"
"framhte"	"s"	"gran som vokser i høyfjellet, buskaktig uten stamme"
"fuehpie"	"s"	"travelhet, hast"
"fuehpieveaskoe"	"s"	"stresskoffert"
"fuelhkie"	"s"	"familie"
"fuelhkie"	"s"	"familie, husstand"
"fuerege,-ie"	"s"	"trollunge, uskikkelig unge, også kjælenavn"
"fuerege,-ie"	"s"	"uskikkelig unge, trollunge, også kjælenavn"
"fuersjie, gertjie, garse"	"s"	"foss"
"fuevsie"	"s"	"(fievsie)"	"fjøs"	"s"	"- s."
"fåantoe"	"s"	"foranledning, skyld, grunn, årsak"
"fåantoe"	"s"	"grunn, årsak, foranledning, skyld"
"fåantoe"	"s"	"skyld, grunn, årsak, foranledning"
"fåantoe"	"s"	"årsak, foranledning, skyld, grunn"
"fåvhta"	"s"	"fogd"
"fæjjoe"	"s"	"feide, fiende, krig"
"fæjjoe"	"s"	"fiende, krig, feide"
"fæjjoe"	"s"	"fiendehæ"
"fæjjoe"	"s"	"krig, feide, fiende"
"gaagkeje"	"s"	"tjener"
"gaahka"	"s"	"øyeeple, pupill"
"gaahkoe"	"s"	"kake, stumpbrød"
"gaahtoe"	"s"	"katt"
"gaajedeajvoe"	"s"	"lydform"
"gaajhtse"	"s"	"geit"
"gaalla, daatema"	"s"	"ektemake"
"gaalloe"	"s"	"panne, skalle"
"gaallohke- gååredeminie"	"s"	"skallesko-sying"
"gaalnatjammes"	"s"	"fullvoksen"	"(rein)"	"- adj."	", ålles sjædtoe"
"gaalne"	"s"	"voksen rein"	"(mer enn ett år gammel), flokk voksne rein uten kalver, lik"
"gaalne, gaelmie"	"s"	"lik"
"gaaloe"	"s"	"regn og tåke, regnvær"
"gaaloe"	"s"	"vadested"
"gaalohkh"	"s"	"skallesko"
"gaaltije"	"s"	"kilde"
"gaamege"	"s"	"sko"
"gaamese"	"s"	"leggskinn, fetling"
"gaarenasse"	"s"	"korp"
"gaarhke"	"s"	"evne, måte, form, strategi"
"gaarvoeh"	"s"	"klær"
"gaase"	"s"	"gås"
"gaasie"	"s"	"løpemagen"
"gaasije"	"s"	"løpemagen"
"gaatna"	"s"	"korsryggen"	"(slakt)"
"gaavnedimmie"	"s"	"møte, stevnemøte"
"gaavnedimmie"	"s"	"stevnemøte, møte"
"gaavnh-uvte"	"s"	"møte med i-, gå imot noen"
"gaavtje"	"s"	"fat"
"gabpe"	"s"	"haug flat-, hump"
"gadtjeldh-barhkoetjaetsie"	"s"	"barklåg kraftløs, utbrukt-"
"gaeblehke-voesse"	"s"	"ryggsekk med lokk"
"gaeblie"	"s"	"sekklokk"
"gaedtie"	"s"	"strand"
"gaejnele"	"s"	"armhule"
"gaejvie"	"s"	"rein som streifer alene omkring, rein som er egenrådig og går sin egen vei"
"gaekeretjåelie/maadthtjåelie, voeresen boejtie"	"s"	"endetarm"	"(ble fylt med kjøtt saltet og røkt/kokt)"
"gaektsie"	"s"	"åtte"	-8	"- tallord"
"gaelmie"	"s"	"grav i"	"(terrenget)"
"gaelmie"	"s"	"grav, gravplass"
"gaelmie"	"s"	"gravplass, grav"
"gaelmie, gaalne"	"s"	"lik"
"gaelpie"	"s"	"(kukalv)"	"kalv"	"(liten kalv-gaalpetje)"
"gaertene"	"s"	"gård"
"gaevhtie"	"s"	"grunn, skyld, årsak"	"(for min skyld- mov gaavhtan)"
"gaevhtie"	"s"	"skyld, årsak, grunn"	"(for min skyld- mov gaavhtan)"
"gaevhtie"	"s"	"årsak, skyld, grunn"	"(for min skyld- mov gaavhtan)"
"gaevnie"	"s"	"leke"
"gaevnie-voesse"	"s"	"pose til sysaker, pose til leker"
"gaevnieh"	"s"	"leketøy, saker, forskjellige ting som en bruker"
"gahke"	"s"	"stammer en som"
"gahkestæjja"	"s"	"stam en som er"
"galhkh"	"s"	"dombjeller"
"galloe"	"s"	"skalle, panne, toppen av framhodet"
"gaptjeldihkie"	"s"	"tildekket, overbredd, lukket"	"(om dør)"
"gaske"	"s"	"mellomrom"
"gaske-nasjovnedimmie"	"s"	"internasjonalisering"
"gaske-viermie"	"s"	"internett"
"gaskebiejjie, gaskebiejjie-beapmoeh"	"s"	"middagsmat"	"(hva er det til middag i dag?- maam daen biejjien gaskebeajjan?)"
"gaskedaltese"	"s"	"mellomtrinn"
"gaskemedtie"	"s"	"gjennomsnitt"
"gaskemedtie-vierhtie"	"s"	"gjennomsnittsverdi"
"gaskese"	"s"	"pakning, mellomlegg"
"gaskestalleme"	"s"	"dialog, samtale"
"gaskevåhkoe"	"s"	"onsdag"
"gasngese"	"s"	"einer"
"gassehaamoe"	"s"	"gassform"
"geahpa"	"s"	"dyrelunge"
"geahpa"	"s"	"lunge -lufttett, kleber lett til noe annet"
"geajnoe"	"s"	"veg"
"geasastahke"	"s"	"seletøy hoveddel i-"
"geasastahkh"	"s"	"seletøy"
"gebrie"	"s"	"hardt føre som bærer snø-isføre"
"gedtie"	"s"	"villrein, vill rein"
"geegke"	"s"	"kagge"
"geehtije"	"s"	"vokter, overvåker"
"geehtije-politije"	"s"	"overvåkningspoliti"
"geelkedh VI-"	"s"	"overrekke, rekke, greie ut"	"(lasso, hår, tråder, garn), rekke fram, tilby, utgreie"
"geelle"	"s"	"ektemann, kall"
"geeremegåetie, roestegåetie"	"s"	"fengsel"
"gejhkehkh  ierhtehkh  snjaltjh"	"s"	"vintersko"
"gejhkie"	"adj"	"tørr"
"gejhkie-bearkoe"	"s"	"tørket kjøtt"
"gellien-giertien"	"s"	"flertall"
"gelmememierie"	"s"	"frysepunkt"
"gevsie"	"s"	"klandresyk person, en som alltid er sint og snakker uhøflig"
"gie"	"pron"	"hvem"
"giebnie"	"s"	"kjele"
"giedteges-gaalkoe"	"s"	"trollkjerring"	"(en slags-)"
"giedtie"	"s"	"gjerde"
"giehtjedimmie"	"s"	"kontroll, overvåkning, test, sjekk, undersøkelse"
"giehtjedimmie"	"s"	"overvåkning, test, sjekk, undersøkelse, kontroll"
"giehtjedimmie"	"s"	"sjekk, undersøkelse, kontroll, overvåkning, test"
"giehtjedimmie"	"s"	"studium, utforskning"
"giehtjedimmie"	"s"	"test, sjekk, undersøkelse, kontroll, overvåkning, granskning"
"giehtjedimmie"	"s"	"undersøkelse, kontroll, overvåkning, test, sjekk"
"giehtjedimmie"	"s"	"utforskning, studium"
"giehtjelimmie"	"s"	"fristelse"
"giejtie"	"s"	"hvem"	"(akk. flt av gie)"
"gieke"	"s"	"gauk"
"gieke"	"s"	"gjøk"
"giele"	"s"	"språk"
"giele"	"s"	"stemme"
"giele-åtnoe"	"s"	"stemmebruk, språkbruk"
"gieledaajroe, gielemaahtoe"	"s"	"språkkunnskap"
"gielemaahtoe"	"s"	"språkkompetanse"
"gielen vuelie"	"s"	"intonasjon"
"gieletsiehkie"	"s"	"språksammenheng, språksituasjon"
"gieletsiehkie"	"s"	"språksituasjon, språksammenheng"
"gielevuelie"	"s"	"språkmelodi"
"gieleåtnoe"	"s"	"språkbruk, stemmebruk"
"gieltegisnie"	"s"	"(å være -)"	"spent"	"(nimhtie dam daelie lægan joekoen gieltegisnie)"
"giemhpestahke"	"s"	"kjepp som man holder kaffekjelen med"
"giemphstahke"	"s"	"skjerdingstaur, kjepp som man holder kaffekjelen over varmen med"
"gierege, giereh"	"s"	"tretopp, toppende"
"gierege, giereh, gierehgietjie"	"s"	"toppende, tretopp"
"gierehtse"	"s"	"pulk"
"gierene"	"s"	"fjellrype"
"gieresvaejvie"	"s"	"kjærlighetssorg"
"gierets-pleahtjoe"	"s"	"akebrett"
"gierhkeme"	"s"	"komse"
"gierhkie"	"s"	"jerv"
"gieries; pred. gearehke; komp. gearahkåbpoe"	"s"	"kjær, elskelig"
"gieriesvoete"	"s"	"kjærlighet"
"gierkie"	"s"	"stein"
"gierte"	"s"	"gjerde"
"gieseme-råantjoe"	"s"	"trekk-rein"
"giesie"	"s"	"sommer"
"giesie-dalhketjh"	"s"	"husgeråd for sommeren"
"giesie-laante"	"s"	"sommerland"
"giete"	"s"	"hand, hånd"
"gietedallemh"	"s"	"behandling"
"gieth-gierehtse"	"s"	"fremste pulk i en raid"
"gietjie"	"s"	"spiss, ende"
"gievh-pluevie, lovves pluevie, sliedtjie-pluevie"	"s"	"blautmyr"
"gievlie"	"s"	"omkrets, ring, sirkel"	"(gievlien tjåadtjoeminie-står i ring)"
"gievlie"	"s"	"ring, omkrets, sirkel"	"(gievlien tjåadtjoeminie-står i ring)"
"gievlie"	"s"	"ring, sirkel"
"gievlie"	"s"	"sirkel, omkrets, ring"	"(gievlien tjåadtjoeminie)"
"gievrie"	"s"	"spåtromme, runebomme"
"gihpetje"	"s"	"fløte, rømme"
"gihtjeme-sjeema"	"s"	"spørreskjema"
"gijre"	"s"	"vår"
"gijre-biejjie"	"s"	"vårdag"
"gijre-daelvie"	"s"	"vårvinter"
"gijre-laante"	"s"	"vårland"
"gijre-råanjese"	"s"	"vårløysing"
"giknjele"	"s"	"tåre"
"giltegh"	"s"	"stasklær"
"girjehke"	"s"	"småplante, hagevekst"
"girse"	"s"	"rør, slange"	"(tjoevkese-girse-elektrikerrør)"	"(tjaesie-girse-vannslange)"
"gobpe"	"s"	"gubbe, mann"
"godtere"	"s"	"klump, kul"
"godterh"	"s"	"kuler, klumper"
"goehksege"	"s"	"nordlys"
"goehpe"	"s"	"mugg"
"goeksege"	"s"	"nordlys"
"goelkh"	"s"	"hår"
"goelmese"	"s"	"skall"	"(f. eks. på potet)"
"goelpe, goelpene"	"s"	"mo"
"goelpene-ståaroe"	"s"	"areal"
"goere"	"s"	"mønster, sjablon"
"goerehtimmie"	"s"	"intervju"
"goerhte, goerhtere"	"s"	"kvarter, 1/4 alen"
"goerke"	"s"	"trane"
"goerkelimmie"	"s"	"forståelse, innblikk"
"goerpe, goerpedimmie"	"s"	"skadevirkning"
"goerpe-dajve"	"s"	"ulykkessted, uhellssted"
"goerpemaaksoe"	"s"	"skadeerstatning"
"goerve"	"s"	"pølse"
"goese"	"s"	"gran"
"goetske"	"s"	"nøtteskrike"
"goeve"	"s"	"damp, frostrøyk"
"goeve"	"s"	"frostrøyk, damp"
"goevtese=sadtetje"	"s"	"pil, pilbue, sentralt punkt"
"gogka,"	"s"	"hvor"	"(om sted)"	"gojkoe"
"gogkoe"	"adv"	"hvor, hvilken veg"
"gohkedæjja"	"s"	"periode, tidsrom"
"gommeskodtje"	"s"	"kvinne gammel"
"gorredh-gïete"	"s"	"keivhendt person"
"gorredimmie"	"s"	"frelse"
"gorsje"	"s"	"slukhals"
"govkije"	"s"	"fakkel"
"govne"	"s"	"aske"
"govse"	"s"	"ku"
"graanna"	"s"	"nabo, granne"
"grafigkeguvvie"	"s"	"grafisk bilde"
"gramme"	"s"	"gram"
"gruppe"	"s"	"dåehkie"
"guapa"	"s"	"strømpe"
"guapa-måvhkah"	"s"	"strømpebukser"
"guedteles"	"s"	"hoved"	"(hovedord-guedtelesbaakoe)"
"guehpere"	"s"	"klauv, klov, negl"
"guektiengielevoete"	"s"	"tospråklighet"
"guelhtie"	"s"	"kaldt vær om sommeren"
"guelhties; pred. guelhtie"	"s"	"(om fjell, vind, år)"	"svært kald"	"(guelhties gïjre  kald  og sen vår)"
"guelie"	"s"	"fisk"
"guelmege"	"s"	"kopi, speilbilde"
"guelmie"	"s"	"(om rein)"	"ansiktsutseende, utseende, fasong"	"(mov guelmesne-er lik meg)"	"(maana aehtjeben guelmesne-barnet ligner faren sin)"
"guelmie"	"s"	"(om rein), ansiktsutseende"	"utseende, fasong"	"(mov guelmesne-er lik meg)"	"(maana aehtjeben guelmesne-barnet ligner faren sin)"
"guelmie"	"s"	"(om rein), ansiktsutseende, utseende"	"fasong"	"(mov guelmesne-er lik meg)"	"(maana aehtjeben guelmesne- barnet ligner faren sin)"
"guelpie"	"s"	"golv"
"guessie"	"s"	"gjest"
"guessien bæhta"	"s"	"selskapsmat"	"(dohte laejpie gujht sjidti goh guessien bæhta)"
"guhkie"	"s"	"(s)"	"lang"	"- adj."
"guhkies vaestiedimmie, guhkiesboelhke, guhkies-tjaalege"	"s"	"stil"	"(skriftlig arbeid)"
"guhkiesbuejtie, guhkiesboejtie"	"s"	"endetarm"	"(reinslakt)"
"guhpie"	"s"	"sprekk mellom snøbre og fjell"
"guhte manneste veaksahkåbpoe"	"s"	"sterkere"	"(som er - enn meg)"
"guhtsedh I, guhtsie"	"v"	"våke"
"gujnelemmie"	"s"	"menstruasjon"
"guksie"	"s"	"ause, kopp"
"guktie"	"adv"	"måte på noen-"
"guktie"	"s"	"hvorledes, hvordan"
"guktie"	"s"	"slik at"
"guktie"	"s"	"slik at, med tanke på"
"guktie"	"s"	"slik at, så"	"(løønesth amma munnjien ohtje dålletjem, mov gåmma lea maanam reakadahteme jih manne tjoeverem dållem biejedh guktie tjædtjetje guaktah eagan gåalolh)"	"(slik at man kan løpe lange strekninger -guktie maahta guhkies madth njåalvodh)"
"guktie"	"s"	"slik at, så, med tanke på"	"(løønesth amma munnjien ohtje dålletjem, mov gåmma lea maanam reakadahteme jih manne tjoeverem dållem biejedh guktie tjædtjetje guaktah eagan gåalolh)"
"guktie"	"s"	"så, slik at"	"(løønesth amma munnjien ohtje dålletjem, mov gåmma lea maanam reakadahteme jih manne tjoeverem dållem biejedh guktie tjædtjetje guaktah eagan gåalolh)"
"guktie"	"s"	"tanke på med-, slik at, for å"
"guktie, gumhtie"	"s"	"hvordan"
"guktie, gumhtie"	"s"	"slik at, hvordan"
"gurhtie"	"s"	"lom"
"gurhtie"	"s"	"lom"	"(smålom)"	"- s."
"gurredh"	"s"	"(kurv av tæger), veve, spinne"	"binde"	"(garn), flette"	"(om edderkopp), strikke"	"(f. eks. strømpe)"
"gusnie"	"adv"	"hvor"
"gutnije"	"s"	"spion, speider"
"guvhkiehtæjja"	"s"	"lokker, en som går foran og-"
"guvhkiehtæjja-vinhtse"	"s"	"båten med den som lokker"	"(reinen)"	"- s."
"guvsie"	"s"	"bedre enn han er, en som tror han er-, som står fram alene, stikker seg ut fra massen"
"guvsie"	"s"	"stikker seg ut fra massen, en som tror han er bedre enn han er, som står fram alene"
"guvsie"	"s"	"står fram alene noen som-, stikker seg ut fra massen, en som tror han er bedre enn han er"
"guvsie"	"s"	"tror han er bedre enn han er en som-"
"guvvie"	"s"	"bilde, tegning"
"guvvie-raajroe"	"s"	"tegneserie"
"gyhtselen-gåetie"	"s"	"sneglehus"
"gyjhteladtje; komp. gyjhtelåbpoe"	"s"	"takknemlig"
"gyjhtjelasse"	"s"	"spørsmål"
"gåahke"	"s"	"koftekrage"
"gåahtah"	"s"	"sukkerbiter"
"gåajhkoehtasse"	"s"	"dråpe"
"gåajhkohts"	"s"	"dråpe"
"gåajvoe"	"s"	"ause, spade"
"gåajvoe"	"s"	"spade, ause"
"gåamalohke"	"s"	"langmagen, tykktarmen"
"gåamalohke, gåamalåhkoe"	"s"	"tykktarmen"	"(slakt), langmagen"
"gåaroes sijje"	"s"	"tomrom"
"gåarvoeh-juelkie, gåarvah-juelkie"	"s"	"hjulbeint, hjulbeint person"
"gåatome"	"s"	"beite"	"(hijven gåatome-godt beite)"
"gåebleme"	"s"	"skare"
"gåehpele"	"s"	"røy"
"gåehtsuvh"	"s"	"barnåler"
"gåellie"	"s"	"(er), hvor er nå"	"hvor"	"(gåellie aaksjoe?-hvor er øksa?)"
"gåeskie"	"s"	"tante 1:mors eldre søster el. kusine 2: mormors eldre søster"	"(båeries gåeskie=aahka)"
"gåetie"	"s"	"gamme, hus, telt"
"gåetie-luhpie"	"s"	"husrom, losji"
"gåevie"	"s"	"bue"
"gåffoe"	"adj/adv"	"dum"
"gåhkoe"	"s"	"lengde, avstand"
"gålhpa, klåbpa"	"s"	"klubbe"	"(festet til hund)"
"gåmma"	"s"	"kone, hustru"
"gåmmeskodtje, båeries gåmma"	"s"	"gammel dame"
"gåmpoe"	"s"	"brunost"
"gånka"	"s"	"konge"
"gåpta"	"s"	"kjole"
"gårroedahke, gårradahke=gijreniestie"	"s"	"reinslakt"	"(som skal brukes til våren)"
"gåvnahtahke"	"s"	"avskjedshilsen"
"gåårkesasse"	"s"	"kunnskap, viten, forståelse"
"gåårtese"	"s"	"oppholdssted for natten"
"gæjhtoe"	"s"	"takk"
"gæjsa"	"s"	"kløvkorg"
"gæmhpome"	"s"	"strev"
"gærhkoe"	"s"	"kirke"
"gærja"	"s"	"bok"
"gærja-saerniestimmie"	"s"	"bokmelding"
"gærroe"	"s"	"bannskap, forbannelse"
"gærroe"	"s"	"forbannelse, bannskap"
"gærroedimmie"	"s"	"banning"
"gïelehtadtje"	"s"	"stum person"
"gïeten-dïeve"	"s"	"håndfull"
"gïeten-lïhtse"	"s"	"håndledd"
"gøølemen-åejjie råantjoe"	"s"	"bukk uten skinn på hornene"
"gøølen-åejjie, gøølemen-åejjie"	"s"	"hannrein gammel-"	"(som ikke lenger feier hornene)"
"gøølije"	"s"	"fisker"
"gøøth-jerkie"	"s"	"leirplass"
"gøøth-sijjie"	"s"	"gammeplass, teltplass"
"haabpa, haabpe"	"s"	"margebeinet i øvre framfot"
"haadtoe"	"s"	"hevn"
"haaje"	"s"	"lukt, odør"
"haajhke"	"s"	"eik, gammel furu"
"haajhke"	"s"	"gammel furu, eik"
"haajhke"	"s"	"tørrfuru på rot"
"haaltje-bielie"	"s"	"dårlige den-,  svake siden"	"(av noe)"
"haaltje-bielie"	"s"	"svake den-, dårlige siden"	"(av noe), svakhet"
"haamoe"	"s"	"form"
"haanoehtimmie"	"s"	"be innstendig"	"(det å -), tigging"
"haanoehtimmie"	"s"	"tigging, det å be inntrengende"
"haaskoe"	"s"	"rusk"	"(dejstie haaskojste-av/på gr.av de der ruskene)"
"haaskoeh"	"s"	"rask"
"haaskoeh"	"s"	"rusk, smuss"
"habpmah"	"s"	"lunge -lufttett, kleber lett til noe annet"
"haelsie"	"s"	"sølvkrage"
"haemie"	"s"	"skikkelse, utseende"	"(dennie haemesne"	"(har) det utseende)"
"haemie"	"s"	"utseende, skikkelse"	"(dennie haemesne-"	"(har) det utseende)"
"haeniedæjja"	"s"	"maser en som"
"haeniehtæjja"	"s"	"håner en som"
"haepkie"	"s"	"hauk"
"haerhpie"	"s"	"plage, smerte"
"haerhpie"	"s"	"smerte, plage"
"haevtie"	"s"	"(stort dypt hull i berg, jord eller landskap)"	"hull"	"(Åaren-haevtie-Aundalen)"
"haevtie"	"s"	"grotte"
"hake"	"s"	"gaajpie"	"(nederst på ansiktet)"
"hammoe"	"s"	"skikkelse"
"hearra"	"s"	"prest"
"hearskoes beapmoeh"	"s"	"nydelig mat"
"heartoeh"	"s"	"mot, kaldblodighet"	"heartoeh bivtedh-fatte mot)"
"heevehtimmie"	"s"	"feiring, jubileum, høytidelighet"
"heevehtimmie"	"s"	"høytidelighet, feiring, jubileum"
"heevehtimmie"	"s"	"jubileum, høytidelighet, feiring"
"heevehts-lidteratuvre"	"s"	"skjønnlitteratur"
"hektogramme"	"s"	"hektogram"
"herrehke"	"s"	"pinne, stikke"
"hiegke"	"s"	"liv"
"hieje"	"s"	"bryllup, gjestebud, selskap, fest"
"hiejmevoene"	"s"	"heimbygd"
"hierkie-skovhte"	"s"	"hesteskyss"
"hijven-laakan moenedimmie"	"s"	"positiv tilbakemelding"
"hingseh"	"s"	"lyng"
"hosbåanta"	"s"	"husbond"
"huhteme"	"s"	"gjøing"
"huhtje"	"s"	"hytte"
"hurrie"	"s"	"orrhane"
"hussege"	"s"	"insekt i vann"
"hyölmesje, hyölmedahke"	"s"	"høydekurve, den nederste del av et fjell"	"(dåeredh dam vaerien hyölmesjem, hyölmedahkem-følg den nederste delen av fjellet"	"(rundt, uten å tape høyde))"
"håalhtje"	"s"	"balje"
"håangke"	"s"	"kulp"
"håannege"	"s"	"honning"
"håeleme"	"s"	"kåseri"
"håevke"	"s"	"haug"
"håhkoe"	"s"	"håp"
"håhkoe"	"s"	"håp, omsorg, ønske, trang"
"håhkoe"	"s"	"omsorg, ønske, trang, håp"
"håhkoe"	"s"	"trang, håp, omsorg, ønske"
"håhkoe"	"s"	"ønske, trang, håp, omsorg"
"håjnoes-maana"	"s"	"skrikerunge"
"hæmmoe"	"s"	"antydning"	"(nïejten hæmmoe-liten jente/bare""antydning"" til jente)"
"hïejhtege, nom. ent. også hïejhth"	"s"	"forkastet noe som er-, oppgitt"
"iedtje"	"s"	"mot, iver"
"iehkede"	"s"	"kveld"
"iehkeds-biejjie"	"s"	"ettermiddag"
"iehkeds-skabroeh"	"s"	"mørkeredsel"
"iehterdahke"	"s"	"side"	"(slakt)"
"iehtseles"	"s"	"elskede"	"(mov iehtseles-min elskede)"
"iehtsiedæjja"	"s"	"elsker, elskerinne"
"ientje"	"s"	"dyrka mark"
"ientje"	"s"	"eng, innmark, dyrkamark"
"ientje"	"s"	"jorde, dyrka mark"
"ierie"	"s"	"ærend"
"ietnie"	"s"	"dyremor"
"ietniengiele-øøhpehtimmie"	"s"	"morsmålsopplæring"
"ihke"	"konj"	"at, over at, fordi, for"	"(ihke aahka ieskien syhkegåatan vualkeme-at aahka nettopp har dratt til sykehuset)"
"ihkie"	"s"	"om enn, skjønt, som helst selv om"	"(selv om jeg ikke ser"	"(det)- ihkie im vuejnieh)"
"ihkie"	"s"	"selv om, skjønt, om enn, som helst"	"(selv om jeg ikke ser"	"(det)- ihkie im vuejnieh)"
"ihkie"	"s"	"skjønt, om enn, som helst selv om"	"(selv om jeg ikke ser"	"(det)- ihkie im vuejnieh)"
"ihkie"	"s"	"som helst, skjønt, om enn, selv om"	"(selv om jeg ikke ser"	"(det)- ihkie im vuejnieh)"
"ihkuve"	"s"	"evig, evighet"	"(ihkuven bijre-om evigheten)"
"ij gåessie"	"s"	"aldri"	"(im gåessie vaejneme-jeg har aldri sett)"
"ij mij gænnah"	"s"	"ikke noe"
"ikte biejeme"	"s"	"komposisjon"
"iktemierie åasah"	"s"	"omkostninger"
"ikth vielie"	"s"	"en gang til"
"jaahkohtsvoete"	"s"	"tvil, trtoløshet [det å være uten tro]"
"jaamehke-aallie, kroepte"	"s"	"grav"
"jaemede"	"s"	"døden"
"jaememe"	"s"	"døden, det å dø"
"jaepie"	"s"	"år"
"jaepie-boelhke"	"s"	"årstid"
"jaepie-raaste"	"s"	"aldersgrense"
"jaepie-tjåanghkoe"	"s"	"årsmøte"
"jaevrie"	"s"	"sjø"
"jalla"	"s"	"dal"	"(flat, åpen)"	"- s."
"jalladahke"	"s"	"forhøyning, høyde"
"jalnga"	"s"	"gate, åpning"
"jassoe, jæssoe"	"s"	"tykkelse"
"javvoe"	"s"	"mjøl"
"jearja"	"s"	"turt"
"jearsoe"	"s"	"tillitsfull, trygg"
"jearsoe"	"s"	"trygg, tillitsfull"
"jeatjahtehteme, varhtoedimmie"	"s"	"forandring"
"jeavardahke"	"s"	"spekalveskinn"
"jeaverdh-miesie"	"s"	"spekalv"
"jeeluve"	"s"	"eiendom i form av reinflokk"
"jeemegassje, jeemege"	"s"	"lik, dødt menneske, dauing"
"jeerehts"	"s"	"avveksling"
"jemhkielisnie"	"s"	"mørket i-"
"jiehtege"	"s"	"setning, utsagn, påstand"
"jiehtege, raajese, baakoe-rajroe"	"s"	"setning"	"(eensi jiehtege-fullstendig setning)"
"jiehtese"	"s"	"ordtak"
"jiekie"	"s"	"onkel=fars eldre bror el. fetter"
"jiele"	"s"	"luft"
"jieleme"	"s"	"liv, det å leve"
"jielieguvvie"	"s"	"film"
"jienehke"	"s"	"størsteparten av flokken"	"(rein)"	"- s."
"jiermehts-dalkesh"	"s"	"rusmiddel"	"(-stoff)"
"jiermehtsvoete"	"s"	"vettløshet,uforstand"
"jiermes-laakan"	"s"	"reflekterende"
"jiermie, åssjalommese"	"s"	"tanke"
"jiermieh, goerkesh flt."	"s"	"forstand"	"(mov ohtje goerkesh- jeg har liten forstand, er så dum)"
"jievege, joevege"	"s"	"madrass, liggeunderlag, noe som er utbredt, duk, båre"
"jievkehth-åerie, snjietjkehth-åerie"	"s"	"pulsåre"
"jih guktie"	"s"	"funksjon"	"(vierhtiej bijre jih guktie)"
"jihkie"	"konj"	"at, over at, fordi, for"	"(ihke aahka ieskien syhkegåatan vualkeme-at aahka nettopp har dratt til sykehuset)"
"jihpe"	"s"	"hubro"
"jijje"	"s"	"natt"
"jijje-gåårtse"	"s"	"svarteste natta"
"jijjede"	"s"	"natt av alle netter"	"(mij amma jijjede lea daate?)"
"jijjegåårtese"	"s"	"midnatt, midt på natten, tiden omkring midnatt"
"jijjelaatje"	"s"	"spøkelse"
"jijjesnjågloe"	"s"	"kattugle"
"jijmie"	"s"	"(en manns el.kvinnes) farbrors el. morbrors kone"	"filletante"
"jijse"	"s"	"snøugle"; "kvit som rim"
"jijsen-goelke"	"s"	"rein med mørkt hårlag og lyse hårspisser, rimgrå rein"
"jijsie"	"s"	"rim"
"jijsie, jyjse, jijseme=jyjseme, jyjseldahke"	"s"	"rim"	"(frostrim)"
"jijtje lierehtimmie"	"s"	"selvstendig læring"
"jijtje-) nealhkoedimmie"	"s"	"faste"	"("
"jijtje-soerme"	"s"	"langfinger"
"jijtjetjirkeme"	"s"	"selvtillit"
"jijts-buerie"	"s"	"egeninteresse"
"jijtsh vuajnoe"	"s"	"egen mening, eget synspunkt"
"jijtsh vuajnoe"	"s"	"eget synspunkt, egen mening"
"jillie-raedtie"	"s"	"vestkanten, vestsida"
"jirreme"	"s"	"marg"	"(i bein)"
"jis...dellie"	"s"	"forutsetning"
"jissie"	"s"	"kjøttsiden på skinn"
"joe"	"adv"	"allerede"
"joekehtasse"	"s"	"part, del, andel"
"joekehth øøhpehtimmie"	"s"	"diffrensiert undervisning"
"joekoen diedte"	"s"	"særlig ansvar"
"jogknoeh"	"s"	"tyttebær"
"johke"	"s"	"elv"
"johkenjaelmie, johke-njaelmie"	"s"	"elvemunning"
"johketje"	"s"	"bekk"
"johte"	"s"	"sykdom"
"johtelohke"	"s"	"flytting"
"johtsele"	"s"	"snegl"
"joksege"	"s"	"skibinding"
"joptse"	"s"	"suppe"
"jortehth giele/- baakoe"	"s"	"hemmelig språk"
"jovvehtahke"	"s"	"skibindingens bakstropp, bukgjord"	"(seletøy)"; "seletøyets bukgjord, bakstropp"	"(skibinding)"		
"juakadimmie"	"s"	"adskillelse, skilsmisse"
"juakadimmie"	"s"	"skilsmisse, adskillelse"
"juakaldihkie"	"s"	"inndelt"
"jueksie"	"adj"	"kjølig"
"juelkie løøkie"	"s"	"beinverk, å ha ondt i foten"
"juelkie løøkie"	"s"	"foten ondt i-, benet verker"
"juelkie"	"s"	"fot"
"juhkoe"	"konj"	"fordi"
"juhkoe, juktie"	"s"	"(par. 80)"	"fordi, over at, fordi"	"(juktie lihkebe båeteme-fordi ….kommet nærmere)"
"juhkoe, juktie"	"s"	"over at, fordi"
"juktie"	"konj"	"at, over at, fordi, for"	"(ihke aahka ieskien syhkegåatan vualkeme-at aahka nettopp har dratt til sykehuset)"
"juktie"	"s"	"da, når, fordi at"
"juktie"	"s"	"fordi at, da, når"
"juktie"	"s"	"når, fordi at, da"
"jyjsege"	"s"	"rim, tynt islag, dugg"
"jyjseldahkesne, jyjseldihkie, jyseldihkie"	"s"	"rimet er-"	"(rimet gress -jyjseldh kraesie)"
"jyøne"	"s"	"onkel=mors bror el. fetter; båeries jyøne-fars el. mors morbror"
"jåamoe"	"s"	"syregress"
"jåarhke"	"s"	"fortsettelse"
"jåhtaldahke, rihrehke"	"s"	"flytteveg"
"jåvle"	"s"	"jul"
"jåvle-jijje"	"s"	"julenatt"
"jååhkesjimmie"	"s"	"anerkjennelse, bekreftelse"
"jååhkesjimmie"	"s"	"bekreftelse, anerkjennelse"
"jælloe"	"s"	"høyde, status"
"jælloe"	"s"	"status, høyde"
"jøenetjh"	"s"	"morbror- og søsterbarn"
"jømmetjh"	"s"	"tvillinger"
"kaabelegåhkoe"	"s"	"kabellengde"
"kaarre"	"s"	"mann, kar"
"keebrehke"	"s"	"kavring"
"keejsere"	"s"	"keiser"
"kjød"	"s"	"åadtjie"	"(åadtjien tjuedtjielimmie-kjødets oppstandelse)"
"klaadte"	"s"	"sammenblanding"	"(sammenblandet flokk)"
"klaahka"	"s"	"stav"
"klaasselaahtese"	"s"	"klassetrinn"
"klaejhpie"	"s"	"pass"	"(i terrenget)"	"- s."
"klaerie"	"s"	"farge, kulør"
"klauver"	"s"	"seahkoeh"
"klodtje"	"s"	"åpning, passasje i terrenget"
"klovse"	"s"	"kvit rein"	"(albino)"	"- s."
"klååhka, tsåahka"	"s"	"klokke"
"koordinaate"	"s"	"koordinat"
"kraaje"	"s"	"lyd/låt av reinhjord som kommer"
"kraavhtse"	"s"	"graut"
"kraavhtse"	"s"	"grøt"
"kraejhpie"	"s"	"uframkommelig"	"(grunnet kupert terreng)"	"(s)"	"om landskap i form av berg og ur    - adj."
"kraesie"	"s"	"gras"
"kraesie-njålhtja"	"s"	"gresshoppe"
"krankoe"	"adj"	"sur"
"kreadta"	"s"	"fløte eller kjøtt i kaffen"
"kreadta"	"s"	"kaffefløte, tilsetning til kaffe"	"(f. eks fløte, kjøtt, ost)"
"krievvie"	"s"	"reinflokken"
"krievvie"	"s"	"reinhjord"
"krirrie"	"s"	"forsamling av mennesker"
"kroenesaate"	"s"	"plen, et lite gressbevokst område i fjellet, grønn flekk i landskapet"
"kroepte"	"s"	"grav"	"(på kirkegård)"
"krovhte"	"s"	"gryte"
"kruanesaate"	"s"	"gressbevokst område i fjellet"	"(et lite-), grønn flekk, plen"
"kruanesaath"	"s"	"grønnsaker"
"kråanke"	"s"	"knutepunkt"
"kråankelaesie"	"s"	"glidelås"
"kråaptjoe-njuenie"	"s"	"kroket snute"
"kråevvie"	"s"	"kurve"
"kråptjoe"	"s"	"krok"
"kråvnoe"	"s"	"brudekrone"
"kultuvre aamhtese"	"s"	"kulturemne"
"kultuvremaahtoe"	"s"	"kulturkunnskap"
"kvaadde"	"s"	"spebarn som ennå ikke er døpt"
"kvadraate"	"s"	"kvadrat"
"kåahpere"	"s"	"kobber"
"kåava"	"s"	"gang"
"laadtege"	"s"	"molte"
"laadth-biekere"	"s"	"moltemyr"
"laahkehts-aaltoe"	"s"	"simle som har sluttet å gi kalven die"
"laahkehts-mielhkie"	"s"	"melken den siste-"	"(som simle gir om høsten)"
"laahkoe"	"s"	"slektskapsbenevnelse"
"laajkoe"	"s"	"skyld, gjeld"
"laampe"	"s"	"lam"
"laanoe-gåetie"	"s"	"barhytte, gåetie dekket av granbar"
"laante"	"s"	"land"
"laante-burrie,båanhta"	"s"	"bonde, landbruker, jordbruker"
"laanteburrie"	"s"	"jordbruker, landbruker, bonde"
"laanteburrie"	"s"	"landbruker, jordbruker, bonde"
"laaresåhkoe"	"s"	"Larsok"	"(10. august)"
"laavenjasse"	"s"	"oppgave, samarbeid"
"laavkoje"	"s"	"(eg: en som bader)"	"døper, en som døper"	"(Jåhha laavkoje-døperen Johannes)"
"laavkome"	"s"	"dåp, bad"
"laavvadahke"	"s"	"lørdag"
"laedtie"	"s"	"ikke-same , nordmann, svenske"
"laejhteme"	"s"	"klage, anklage"
"laejkie nårroe"	"s"	"garnnøste"
"laejkie"	"s"	"garn"	"(strikke-)"
"laejkie"	"s"	"ulltråd, ullgarn"
"laejpie"	"s"	"brød"
"lahkoe, læhkoe"	"s"	"lykke"
"lahtese"	"s"	"innlegg, replikk, benevnelse, tilbakemelding, respons"
"lahtese, lahtestimmie"	"s"	"innlegg, bemerkning, ord"
"lahtese, lahtestimmie"	"s"	"ord, innlegg, bemerkning"
"lahtese,lahtestimmie"	"s"	"bemerkning, ord, innlegg"
"laste"	"s"	"lauv"
"laste"	"s"	"løvblad"
"latjkoe"	"s"	"avtale"	"(dagke latjkoem utnien?-har vi to en avtale?/er vi to enige?)"
"leahta"	"s"	"mønster, struktur"
"leahtah"	"s"	"struktur"	"(strukturen i faget-faagen leahtah)"
"learohke"	"s"	"disippel, elev, lærling"
"learohke-dåehkie"	"s"	"elevgruppe"
"ledtie"	"s"	"fugl"
"ledtjie"	"s"	"mon tro"	"(er-)"
"leerehte"	"s"	"lerret"
"leevege"	"s"	"Bar , granbar"
"lehkie"	"s"	"halvpart av skinn, tøy o.a. delt på tvers"
"leksikovne"	"s"	"leksikon, oppslagsbok"
"lever"	"s"	"librie, mueksie"
"lever"	"s"	"mueksie, librie"
"lidtjie/ledtjie"	"s"	"undres på, mon tro"	"(mon tro hva slags føre det er nå?-magkeres lidtjie daelhkie?)"
"liegkese, eejehdimmie"	"s"	"friminutt"
"lieme"	"s"	"buljong, kraft, blod"
"liemkede"	"s"	"mildt vær"
"lienhtsie"	"s"	"lensmann"
"liepse"	"s"	"fettet rundt magesekken"
"ligke, lijhke, læjhkan, lijhke gujht, seamma-guktie"	"adv"	"likevel"
"lihke, bielie"	"s"	"ved siden av, langs med"	"(dan sotnen lihke-like ved siden av henne)"	"(ved siden av varmen- dålle-bealese)"	"(johke-bealam-langsmed bekken)"
"lihpie"	"s"	"bergheller"
"lihtie"	"s"	"kar, kjørel"
"lihtse"	"s"	"ledd"
"lihtsege"	"s"	"medlem"
"lijhkie-vaarjoeh"	"s"	"undertøy"
"lijkie-miesie"	"s"	"kalv som en eldre simle tar til seg som sin egen"
"lijnie"	"s"	"sjal, tørkle"
"lijnie"	"s"	"skaut, skjerf"
"lijnie"	"s"	"skjerf"
"lissie"	"s"	"avsnitt"	"(tekstavsnitt), tillegg"
"lissie"	"s"	"tillegg, avsnitt"	"(tekstavsnitt)"
"lissie-væhta, plusse-væhta"	"s"	"plusstegn"
"lissiemaaksoe, reente"	"s"	"rente"
"litnie"	"s"	"fjellhylle"
"loedte"	"s"	"vei etter rein i snøen"
"loehke"	"s"	"lokkpulk"
"loejhtsh-tjaeleme"	"s"	"avgangsprøve"
"loekte"	"s"	"vik, bukt"
"loeve"	"s"	"øyelokk"
"loeves-mehkie"	"s"	"arbeidsleir, kibbuz"
"loeves-mehkie"	"s"	"kibbuz, arbeidsleir"
"loeves-miesie"	"s"	"kalv uten mora"
"lohkehtse, teellere"	"s"	"teller"	"(brøk)"
"lohkehtæjja"	"s"	"lese den som får noen til å-"
"lohkehtæjja, skuvle"	"s"	"lærer"
"lohkeme"	"s"	"høytlesning"
"lohkemelahtese"	"s"	"leserinnlegg"
"lohkemevoenge"	"s"	"læringsmiljø"
"lohkemevuekie"	"s"	"lesestrategi"
"lohkemh, lohkemse"	"s"	"lesestoff"
"lohketjimmie"	"s"	"opplæring"
"lopme"	"s"	"snø"
"lopme-aajmoe"	"s"	"snøvær stridt-"
"lopme-fealloe"	"s"	"ski-board"
"luejhteme, loejhtedasse"	"s"	"tilgivelse"
"luejie"	"s"	"daggry"
"luejie"	"s"	"skumring, grålysning"
"luemege"	"s"	"lemen"
"luhkie"	"s"	"ti"	-10	"- tallord"
"luhpie"	"s"	"lov, tillatelse"
"luspie"	"s"	"os der elva renner ut av vatnet-"
"luvhtie"	"s"	"fra"
"luvjie, bierne, beere, boelthke, biesse, boeltaajja, duvrie, biss-aajja, boelt-aajja, gumsie, muadt’aajja"	"s"	"bjørn"
"luvlie"	"adv"	"øst-"
"luvlielisnie"	"adv"	"østafor"
"lyjhkehtse, gieriesvoete"	"s"	"forelskelse"
"låabpoes krievvie"	"s"	"spredt reinflokk"
"låajtoe"	"s"	"sitteplassen på hver side av arnen i gamma"
"låavtege"	"s"	"teltduk"
"låavth-gåetie"	"s"	"teltkåte"
"låedtjie"	"adv"	"vindstille"
"låemtie"	"s"	"(s)"	"tam"	"- adj."
"låhkehtse"	"s"	"tiendedel, desimaltallet 1/10"
"låhkoe, gåata, soptsese"	"s"	"fortelling"
"låhkoe, taale"	"s"	"tall"
"låvnes-biejjie"	"s"	"soloppgang"
"længhkoe"	"s"	"halt"
"løøneme"	"s"	"lån"
"løøvie"	"s"	"te"	"(drikke)"
"løøvje"	"s"	"avkok, te"
"løøvje"	"s"	"te, avkok"
"maadtege"	"s"	"rotenden, nederste del"
"maadtere"	"s"	"gamme eller telt plassen langs veggen i ei-"
"maadth-hammoe"	"s"	"grunnform, grunnstoff"
"maadth-hammoe"	"s"	"grunnstoff, grunnform"
"maadth-hiejme"	"s"	"hovedbosted, urhjem, der familien og de eldre bor, der husfolka overvintrer"
"maadthsijjie"	"s"	"hjemsted"
"maadthskuvle"	"s"	"grunnskole"
"maadtoe"	"s"	"fødested, slekt, utgangspunkt, herkomst"
"maadtoe"	"s"	"herkomst, fødested, slekt, utgangspunkt"
"maadtoe"	"s"	"slekt, fødested"
"maadtoe"	"s"	"slekt, utgangspunkt, herkomst, fødested"
"maadtoe"	"s"	"utgangspunkt, herkomst, fødested, slekt"
"maadtoeladtjh"	"s"	"slektninger"
"maahtoe, daajroe"	"s"	"kunnskap"
"maajh-vååjnese"	"s"	"fjernsyn"
"maajsoe"	"s"	"bør"
"maake"	"s"	"filleonkel"
"maaksoe"	"s"	"betaling"
"maaksoe"	"s"	"betaling, lønn"
"maalja,maeljie"	"s"	"sølvbrosje på halskrage"
"maam"	"s"	"et eller annet, noe"	"(datne maam dåaroen bijre govleme?-har du hørt noe om krigen?)"
"maamkih, maamkh"	"s"	"noe,"	"(ikke) noe"	"- pron."
"maana, ångkene"	"s"	"barn"
"maanasijhte"	"s"	"barnehage"
"maaneme"	"s"	"barn du mitt"	"(tiltale)"
"maarhna, maarhnah"	"s"	"marked"
"maarhte"	"s"	"mår"
"maavnese"	"s"	"mai"
"madte, madtese"	"s"	"tidsrom, tid"
"maehkie"	"s"	"dal innerste delen i en dal som er avgrenset av minst to bratte fjell"
"man guhkie"	"s"	"stykke et-"
"meadtoelassje"	"s"	"ugjerningsmann, forbryter, synder"
"meagroe"	"s"	"hund"	"(skjellsord)"	"- s."
"mearhka"	"s"	"skodde, tåke"
"mearoe, saelhtie"	"s"	"hav"
"mearroe"	"s"	"merr"
"measadahketje"	"s"	"skinn av nyfødt reinkalv"
"measehke"	"s"	"reinkalveskinn"
"medtie"	"s"	"ca., omtrent"
"medtie"	"s"	"cirka, omtrent"	"(dahkoe leah medtie tjijhtje mijlh-det er ca. 7 mil dit)"
"medtie"	"s"	"omtrent, cirka"	"(dahkoe leah medtie tjijhtje mijlh-det er ca. 7 mil dit)"
"meediagiele"	"s"	"mediespråk"
"mejtie"	"pron"	"hva, hvilket, som"
"mejtie"	"s"	"skal tro om, kanskje"	"(skal tro om jeg"	"(kanskje)-mejtie mån)"
"meskie"	"s"	"dal som går over fjellet"
"mestie"	"pronelativ"	"av hva"
"miehtjie"	"s"	"villmark, ødemark"
"miele"	"s"	"sinn, følelse, kjennskap, forståelse, anelse, viten, mening"	"(etter min mening-mov mielen mietie)"	"(etter mitt behag/ slik jeg vil-mov mielesne)"	"(etter min oppfatning- mov mielesne)"
"mielhkie"	"s"	"melk"
"mielke"	"s"	"bringe, bringkoll"
"mielkie"	"s"	"bryst"	"(slakt)"
"miere"	"s"	"omegn"
"mierehke"	"s"	"narr, listig person"	"(mierehke utni hijven dihte- narren syntes det var bra)"
"miereste"	"s"	"(den) tid"	"fra"	"(miereste mearan)"
"mierhke"	"s"	"merke, punkt"	"(konkret)"
"mierie"	"s"	"(ill/iness/elat) [f.eks:dan mearan, dennie mieresne, dehtie miereste]"	"grad til den-, så langt"
"mierie"	"s"	"kant"	"(fra den kanten-dehtie miereste)"
"mierie"	"s"	"punkt"	"(abstr.)"
"mierie"	"s"	"så langt, til den grad"	"(ill/iness/elat)"	"(dan mearan-til den grad)"
"mierie"	"s"	"tidspunkt"	"(hvor langt på dag er det?-mennie mieresne biejjie?)"
"miesehke"	"s"	"simle og kalv"
"miesie"	"s"	"kalv"
"miesie"	"s"	"kalv"	"(reinkalv)"
"mietie-biegke"	"s"	"medvind, unnavind"
"mietske"	"s"	"August , hundedagene"
"mietskeldahke"	"s"	"hundedagene"
"mijle"	"s"	"mil"
"minngie-gåållese, juelkie-nåårese"	"s"	"Bakreim  , for kløv - s.på skibinding"
"minngie-skæhtese"	"s"	"akterenden i en båt"
"minngiebeapmoe"	"s"	"dessert"
"minusevæhta, vaenievæhta"	"s"	"minustegn"
"moehte"	"s"	"snø som faller"	"(snøvær?)"	"- s."
"moenehke"	"s"	"sott, sykdom""styggen sjøl"""	"(den onde)"
"moenemetsiehkie"	"s"	"kriterium"
"moenesje"	"s"	"spøkelse"
"moere"	"s"	"tre, ved"
"moere-tsøølhke"	"s"	"hakkespett"
"moevse"	"s"	"måke"
"mohtege"	"s"	"kraftig snøvær"
"mojhtese"	"s"	"minne, erindring"	"(nåake mojhtesh -dårlige minner)"
"morhte"	"s"	"mold"
"morhtje"	"s"	"pulsåren nærmest hjertet"
"muahra"	"s"	"tante=1:mors yngre søster el.kusine 2: båeries m.-mormors yngre søster, fars moster 3: høflig tiltale til eldre kvinne som en ikke er i slekt med"
"mubpede"	"s"	"den andre"
"mubpie"	"tallord"	"den andre"
"mubpien-giele, nubpien-giele"	"s"	"andrespråk"
"mueksie, librie"	"s"	"lever"	"(slakt)"
"muerjie"	"s"	"bær"
"muerjie-lihtie"	"s"	"bærkopp"
"munnie"	"s"	"egg"
"munnie-giebnie"	"s"	"eggkjele"
"munnies-ledtie"	"s"	"fugl som legger egg"
"murhkije"	"s"	"hærverk en som gjør-, skadevolder, vandalist, ødelegger"	"(en som ødelegger)"
"murrie"	"adv,"	"trivelig"
"måaladimmie guvvie"	"s"	"maleri"
"måanta"	"s"	"mandag"
"måara"	"s"	"bein"
"måare"	"s"	"mor"	"(særlig om) prestekone, gammel kjerring"
"måedtie"	"pron"	"noen, en del"
"måerie"	"s"	"vrede, sinne"
"målsoeme"	"s"	"endring, forandring"
"måvhka"	"s"	"bukse"
"mænngole"	"s"	"elgku"
"mænnja"	"s"	"svigerdatter"
"naaloe-stråmhpa, tåårne-stråmpoe"	"s"	"tornebusk"
"naemie"	"s"	"skinn på geviret"
"naestie"	"s"	"stjerne"
"naestieklaahka, naste-klaahka"	"s"	"kjepp som man roter i ilden/glørne med"
"nahkerh"	"s"	"søvn, tretthet"
"nalhke"	"s"	"støtte"	"(f. eks. hodepute)"
"naste-klaahka"	"s"	"kjepp som man holder kaffekjelen med over varmen"
"neajtoe"	"s"	"dame"
"neapede"	"s"	"manns el. gutts søsters el. kusines sønn el. datter, en manns søsters barnebarn"
"neastetje"	"s"	"slakterein"	"(jih muvhtene duhtie baahkoste ohtje neastetjem)"
"neebnere, moenehtse"	"s"	"nevner"	"(brøk-)"
"negatijve taalh"	"s"	"negative tall"
"nejpie"	"s"	"kniv"
"niejte"	"s"	"jente, ugift datter"
"nieljie"	"tallord"	"fire"
"nielke"	"s"	"sult"
"niere"	"s"	"storkar, nød, soldat"
"nieskeme"	"s"	"bom/planke som en skraper skinn på"
"nieskeme-galte"	"s"	"stokk til å skrape skinn på"
"nieskeme-ruevhtie"	"s"	"skinnskrape"	"(av jern)"	"til å skrape skinn med     - s."
"niestie"	"s"	"niste"
"niestie"	"s"	"slakt, slakterein"
"niesties-voesse"	"s"	"nistesekk"
"nietsege"	"s"	"leggbeinet"
"nihpeldahkesne"	"s"	"kastrert som er"
"nihtjele"	"s"	"kvae"
"nimmere"	"s"	"tynntarmen"
"nirredehteme, aahpeldimmie"	"s"	"hån, spott"
"nirredehteme, aahpeldimmie"	"s"	"spott, hån"
"njaalmeldh giele"	"s"	"muntlig språkbruk"
"njaalmeldh vuesiehtimmie"	"s"	"muntlig framføring"
"njaarege"	"s"	"halskjøtt, halsens sidekjøtt"
"njaelmie"	"s"	"munn"
"njaevie"	"s"	"hannrein stor-, reinhår"	"(de lange under reinens hals)"
"njaevie"	"s"	"reinhår"	"(de lange - under reinens hals), stor hannrein"
"njaltje"	"s"	"hud"
"njidtje"	"s"	"spene"
"njiemehtje-spaenie"	"s"	"svaberg hellende sleipt-"	"(gjerne dekket av løs torv el. fuktig og glatt)"
"njietsege"	"s"	"margebein"	"(nedre bak), menneskets leggbein, buksebein"
"njimhkehtse"	"s"	"lim"
"njoektjeme"	"s"	"tunge"
"njoelkedasse"	"s"	"forordning, regel"
"njoktje"	"s"	"måneden mars"
"njoktje"	"s"	"svane"
"njuana"	"s"	"tange, nes"
"njuenehke"	"s"	"reinflokk, del av reinflokken delen som går foran"
"njuenie"	"s"	"nese"
"njuvvie"	"s"	"strøm"
"njåalvoeme"	"s"	"renn, konkurranse"	"(løp)"
"njåemele"	"s"	"hare"
"njåetsie"	"s"	"breie/slenge over noe å-, cape"
"njåetsie"	"s"	"poncho, plagg"	"(av tøy eller skinn) som man har over skuldrene"
"njæssoe"	"s"	"sterk sol, varme"
"noere-daltese"	"s"	"ungdomstrinnet"
"noerhte"	"s"	"nord"
"noerhtegadtjh"	"s"	"folk nordfra"
"noerhtielistie"	"s"	"fra nordfor"
"nomme"	"s"	"navn"
"norse"	"s"	"margebein beliggende øverst i bog og lår"
"nov, noe, jaavoe"	"s"	"ja"
"novhtehkh"	"s"	"vårsko spesielt sydd for å holde vatnet ute"
"novmene-syjjehtimmie"	"s"	"nomenbøyning"
"nuepie"	"s"	"anledning, sjanse, mulighet"
"nuepie"	"s"	"mulighet, anledning, sjanse"
"nuepie"	"s"	"sjanse, mulighet, anledning"
"nuepie[sjiere nuepie-særskilt tilbud]"	"s"	"tilbud"
"nuhlie"	"s"	"vedstykke endestykke av nesten oppbrent-"
"nuvvie"	"s"	"nagle, spiker"
"nyjsenæjja"	"s"	"kvinne"
"nyøjhkeme-haamoe"	"s"	"nektet form, nektings form"
"nåhkeme"	"s"	"den som  er forsvunnet"
"nåmhpoe"	"s"	"butt, tverr, stump"	"(nåmhpoe skaavhte-stump vinkel)"
"nåmhpoe"	"s"	"stump, butt, tverr"	"(nåmhpoe skaavhte-stump vinkel)"
"nåmhpoe"	"s"	"tverr, stump, butt"	"(nåmhpoe skaavhte-stump vinkel)"
"nårroe"	"s"	"nøste"
"nåårese"	"s"	"hyssing, reim, bakreim på ski"
"ohtseme"	"s"	"søknad"
"ohtsije"	"s"	"søker, en som leter etter noe/sender søknad"
"okse"	"s"	"dør, port"
"oktegimsie"	"s"	"for seg selv"	"(dihte oktegimsie ussjede-han tenker for seg selv)"
"onne-vielle"	"s"	"lillebror"
"onn´åabpa"	"s"	"lillesøster"
"orre-daamehke"	"s"	"nytemming"
"orre-jaepie"	"s"	"nytt år"
"orredaajroe"	"s"	"nyskjerrighet"
"ov, øøvre, dan soe"	"adv"	"aldeles"
"ov-vaantoe"	"s"	"uenig, uenighet"
"ovluvrege-voeten"	"s"	"ulydighet"
"paantje"	"s"	"pakke, bylt, kløv"
"paarebielie"	"s"	"ektefelle"
"paarhte"	"s"	"hjorden del av-"
"paarre"	"s"	"par"
"paarre-bielie"	"s"	"bedre halvdel"
"paassja"	"s"	"påske"
"passere"	"s"	"passer"	"(geometrisk instrument)"
"peara"	"s"	"potet"
"plaerietjaeleme"	"s"	"avisinnlegg"
"plienie"	"s"	"(potet)"	"blad"	"(urter), skall"
"pliere"	"s"	"utseende, likhet"
"pluahta"	"s"	"flåte"
"pluevie"	"s"	"myr"
"plåavhkesimmie"	"s"	"konfrontasjon"
"positijve taalh"	"s"	"positive tall"
"pradtje"	"s"	"kraftanstrengelse"
"prihtjh-giebnie"	"s"	"kaffekjele"
"prisme"	"s"	"prisme"
"prosente/stoerreluhkeste"	"s"	"prosent"
"prosjekte"	"s"	"prosjekt"
"provre-silpe"	"s"	"brudesølv"
"provrese"	"s"	"brud, brudgom"
"provresh"	"s"	"brudepar"
"pråffete"	"s"	"profet"
"prøve, eksamen"	"s"	"voejhkelimmie, voejhkelasse"
"pyjramide"	"s"	"pyramide"
"påaske"	"s"	"påske"
"raadtjoele"	"s"	"tynntarm"
"raaje"	"s"	"grense"
"raajeselihtse"	"s"	"setningsledd"
"raajeseraajoe"	"s"	"setningslære"
"raajesetseegkeme"	"s"	"setningsbygning"
"raajoe"	"s"	"arveskifte, medgift"	"(i form av en reinhjord), grense"
"raajoe"	"s"	"grense, arveskifte, medgift"	"(i form av en reinhjord)"
"raajoe"	"s"	"medgift i form av en reinhjord"
"raajoe"	"s"	"medgift"	"(i form av en reinhjord), grense, arveskifte"
"raajoe-baernie"	"s"	"medgift sønn med-"
"raajoe-giebnie"	"s"	"arvekjele"
"raajrelese"	"s"	"altan, trapp, stige"
"raajroe"	"s"	"raide, tog"
"raajroe-almetjh"	"s"	"folk i flytteraiden"
"raajterasse"	"s"	"trapp, stige, altan"
"raajtere"	"s"	"stige, altan, trapp"
"raame"	"s"	"bratt skråning"
"raame-maadtegh"	"s"	"kløft mellom bar skråning og snømark"
"raante"	"s"	"hjort"
"raarhkoe"	"s"	"reinskilling"
"raaste, raajoe"	"s"	"grense"
"raavnije"	"s"	"rogntre"
"raavra, tjeengkere"	"s"	"ball"
"raavre"	"s"	"røyr, røye"
"radte"	"s"	"(som ødelegger beitet)"	"barfrost, hardt føre"	"(lite snø), skare"
"raedtie"	"s"	"- adv."	"side, kant"	"(på/langs sørsida-åarjel-raedtiem)"
"raedtie"	"s"	"kant"	"(terreng)"	"- s."
"raeffie"	"s"	"fred, ro"
"raejkie"	"s"	"hull"
"raejkie"	"s"	"langs etter"	"(reinene går i rad og rekke langs"	"etter isbreen-dielhtie-raejkie gaavnjerdieh)"
"raejkie"	"s"	"langsetter"	"(hunden kom langsetter reintråkket – bienje sjaedtie-raejkiem bøøti)"	"(geajnoeraejkiej raahkeldidh-reke etter veiene)"
"raejrie"	"s,"	"torden"
"raerie"	"s"	"midler, utvei, råd"
"raerie"	"s"	"råd, midler, utvei"
"raerie"	"s"	"utvei, løsning, råd, midler"
"rasse"	"s"	"yr , småregn"
"ravve"	"s"	"Bak , ende, rumpe"
"reajnoe"	"adv"	"når det er udyr i flokken"
"reajnoe-almetje"	"s"	"reingjeter"
"reajnoemaennie"	"s"	"vokter, gjeter"
"reakedsbiejjie, reakadimmiebiejjie"	"s"	"fødselsdag"
"reakta-aamhtese"	"s"	"rettssak"
"reakta-øørnege"	"s"	"rettssystem"
"reaktaj mietie"	"s"	"rettsoppfatning"
"redtie"	"s"	"kropp"
"redtien giele"	"s"	"kroppsspråk"
"reereme"	"s"	"administrasjon, forvaltning"
"reeremedajve"	"s"	"forvaltningsområde"
"reeseme, haesteme"	"s"	"oppfordring"
"regrie+"	"s"	"fokksnø som er ruglete og hard"
"rehpie"	"s"	"tak"
"rektangele"	"s"	"rektangel"
"repmie"	"s"	"dyrekropp"
"repmie"	"s"	"kropp"	"(abpe repmine-med hele kroppen)"
"riehpene"	"s"	"ljore"
"riehpestimmie håaleme"	"s"	"åpningstale"
"rieksege"	"s"	"lirype"
"rieksege"	"s"	"rype"
"riekte-skaavhte"	"s"	"rett vinkel"
"riektesen mietie"	"s"	"rettsoppfatning etter objektiv"	"(individuell)-"
"riekteshvæhna"	"s"	"sannhetsvitne"
"riepie"	"s"	"rev"
"riesh"	"s"	"blomster"
"rietjmie"	"s"	"snor, snøre"
"rievtege"	"s"	"tordivel"
"rigkie"	"s"	"skjerding, grytekrok"
"roenge"	"s"	"duft, aroma"
"roenge"	"s"	"godlukt"
"roeve"	"s"	"kalv som leter etter simla"
"rohkelasse, råhkelasse"	"s"	"bønn"
"rosse"	"s"	"høyderygg, fjellkam som en ser mot himmelen"
"rosse"	"s"	"ryggstripen på et skinn"
"ruaksja"	"s"	"steik, lår"	"(på slakt)"
"rudtje"	"s"	"rygg"
"rudtjiebaahkoe"	"s"	"ryggen siden av-"
"ruffie"	"s"	"gjenferd, juni"
"ruffie"	"s"	"juni"
"ruffie"	"s"	"spøkelse"
"ruvsjihtjh"	"s"	"tulljente, fehode"	"(hunkjønn)"
"ryøjnesjæjja"	"s"	"gjeter"
"råaksoe"	"s"	"bikkje, tispe"
"råantjoe"	"s"	"kastrert bukk"
"råate"	"s"	"gaupe"
"råavegåetedh"	"s"	"kalven begynner å lete etter simla"
"råavkoe, råavka"	"s"	"skinnfell"
"råhta"	"s"	"granskog"
"råvna"	"s"	"bonde"
"røøhtse"	"s"	"rotte"
"røøvre"	"s"	"børse, gevær"
"røøvre-buerie"	"s"	"gevær-eier"
"saaht gie"	"s"	"hvem som helst"
"saaht guktie"	"s"	"hva....enn, hvordan... som helst"	"(saaht guktie darhkh jeahta-hva man enn sier)"
"saaht guktie"	"s"	"hvordan... som helst, hva....enn"	"(saaht guktie darhkh jeahta-hva man enn sier)"
"saajve"	"s"	"menneske ikke av denne verden , begge kjønn"
"saakoe"	"s"	"sag"
"saalje"	"s"	"selje"
"saedtie"	"s"	"sand"
"saejhtie"	"s"	"spyd"
"saejhtie-klaahka"	"s"	"spydstav"
"saejrie"	"s"	"sår"
"saejtie-klaahka"	"s"	"stav med jernspiss, spyd"
"saelhtie"	"s"	"hav, sjø, salt"
"saelhtie"	"s"	"salt, hav"
"saelhtie"	"s"	"sjø, salt, hav"
"saelja"	"s"	"sølvsmykke"
"saemie"	"s"	"same"
"saemien dajve, saemien ektievuekie"	"s"	"samisk samfunn"
"saernie"	"s"	"nytt, nyhet"
"saerniestimmie"	"s"	"informasjon, meddelelse"
"saerniestimmie"	"s"	"meddelelse, informasjon"
"saerniestimmieteeknologije"	"s"	"informasjonsteknologi"
"sarve-dajve"	"s"	"elgvald"
"seadtoe"	"s"	"fred og ro"
"seahkoe"	"s"	"klauv, klov"
"seahkoe"	"s"	"klov, klauv"
"sealadimmie"	"s"	"død, det å dø"
"sealma"	"s"	"laveste passasje mellom to fjell"
"seamadimmie"	"s"	"forsoning"
"seamma vierhtie"	"s"	"likhet"
"seangkoe"	"s"	"seng"
"seasa"	"s"	"faster, tante , fars søster"
"seasa"	"s"	"tante=faster, fars kusine; båeries seasa-grandtante:fars el.mors faster"
"sermie"	"s"	"kjerr, småskog, kratt"
"sermie"	"s"	"kratt, kjerr, småskog"
"sermie"	"s"	"småskog, kratt, kjerr"
"setnies aamhtesh"	"s"	"faktastoff"
"siejpe"	"s"	"ulv"
"siejpie"	"s"	"hale"
"siejpie-gietjie"	"s"	"haletipp"
"sielske"	"s"	"kamerat, selskap"
"sieptie, siemtje"	"s"	"agn"
"sierkeh"	"s"	"isterkjerr"
"sijjie"	"s"	"plass, sted"
"sijjie"	"s"	"sted, plass"
"sijjie-nomme, dajve-nomme"	"s"	"stedsnavn"
"sijte"	"s"	"sameby"
"sille"	"s"	"skritt"
"silpe"	"s"	"sølv"
"sinsitnie"	"s"	"hverandre"	"(av hverandre-sinsitneste"	"- pron. Elativ"	")"	"(til hverandre-sinsætnan)"
"sirve"	"s"	"sau"
"sissie"	"s"	"erme"	"(sissieh marngestidh-brette opp ermene)"
"sisvege"	"s"	"innholdsfortegnelse, innhold"
"sjaedtieh"	"s"	"spor etter rein der den har gått og beita"
"sjalkememierie"	"s"	"smeltepunkt"
"sjeltie"	"s"	"by, kirkested, stevne, marked, stort arrangement"
"sjeltie"	"s"	"kirkested, stevne, marked, stort arrangement, by"
"sjeltie"	"s"	"marked, stort arrangement, by, kirkested, stevne"
"sjeltie"	"s"	"stevne, marked, stort arrangement, by, kirkested"
"sjeltie"	"s"	"stort arrangement, by, kirkested, stevne, marked"
"sjiehtedimmie"	"s"	"avtale, overenskomst, pakt, ordning, noe som er tilpasset"
"sjiehtedimmie"	"s"	"ordning, noe som er tilpasset, avtale, overenskomst, pakt"
"sjiehtedimmie"	"s"	"overenskomst, pakt, ordning, noe som er tilpasset, avtale"
"sjiehtedimmie"	"s"	"pakt, ordning, noe som er tilpasset, avtale, overenskomst"
"sjiehtedimmie"	"s"	"tilpasset, tilpasset noe som er-, avtale, overenskomst, pakt, ordning"
"sjiele, sjielege"	"s"	"(metall på klær e.l. i komsekalesje), offergave, gave"	"bryllupsgave"	"(gitt av brud og brudgom til svigerforeldre m. fl.), amulett"
"sjiele-gierkie"	"s"	"offerstein"
"sjieledimmie"	"s"	"offerhandling"
"sjijle-håevkie"	"s"	"glohaug"
"sjijlehåevkie"	"s"	"glohauh"	"(ij lin vielie naan moeren jallh åeksien nuhlie aajmene, jallan sjielehåevkie-knapt nok en glohaug)"
"sjisjnie-ståaroe, volume"	"s"	"volum"
"sjovne"	"s"	"tjenestejente"
"sjugniedæjja"	"s"	"skaper"
"sjyjle"	"s"	"glo"
"sjåarhta"	"s"	"skjorte"
"sjålja"	"s"	"småbruk lite"	"(Snejlen-sjålja=navnet på Snejle"	"(Elias Johnsen Mjøsundvann) sitt lille gårdsbruk ved Mjøsundvatnet)"
"sjålja, sjåljoe"	"s"	"gammen det rene stedet bak-, gårdsplass, tun"
"sjålja, sjåljoe"	"s"	"gårdsplass, tun, det rene stedet bak gamma"
"sjålja, sjåljoe"	"s"	"tun, det rene stedet bak gamma, gårdsplass"
"sjædtoe"	"s"	"plante, vekst, vokster"	"(jijnje lij gujht aaj jeatjah sjædtoeh dunnie skåajjesne, mejtie aaj beapmojne nuhtjin)"
"sjædtoe"	"s"	"vekst, vokster, plante"	"(jijnje lij gujht aaj jeatjah sjædtoeh dunnie skåajjesne, mejtie aaj beapmojne nuhtjin)"
"sjædtoe"	"s"	"vokster, plante, vekst"
"sjædtoe"	"s"	"vokster, plante, vekst"	"(jijnje lij gujht aaj jeatjah sjædtoeh dunnie skåajjesne, mejtie aaj beapmojne nuhtjin)"
"skaala-raajtere"	"s"	"skala"
"skaarja"	"s"	"saks"
"skaavhte"	"s"	"kant, hjørne, vinkel"	"(nåmhpoe skaavhte-stump vinkel)"
"skaavtjoe"	"s"	"skjegg"
"skaehtie"	"s"	"skatt"
"skaehtie-fåvhta"	"s"	"skattefogd"
"skaevie"	"s"	"skare på snø [begynnende-]"	"(blir senere til tjarve)"
"skagla"	"s"	"bul"
"skellehke"	"s"	"slant, skilling"
"skiedtje"	"s"	"kjeltring"
"skiemtjelasse"	"s"	"sykdom"
"skihpemijle/saelhtiemijle"	"s"	"sjømil, nautisk mil"
"skirrie"	"s"	"skinnvare"
"skoarte"	"s"	"fjellskorte"
"skoerhtje"	"s"	"hvalp"
"skoerkedæjja"	"s"	"dørene en som går ut og inn i-"
"skohtje"	"s"	"bukt"
"skohtje"	"s"	"vik, snipp, spiss vinkel"
"skopmehke"	"s"	"cape, kappe"
"skopmehke"	"s"	"kappe, cape"
"skovhte"	"s"	"skyss"
"skovlem"	"s"	"skolegang"
"skovtere-vuejeme, doenehke-vuejeme"	"s"	"skoterkjøring"
"skraape, skraapoe"	"s"	"dårlig, elendig, udugelig"	"(skraape bienje-dårlig hund)"	"(skraape bijle-dårlig bil)"	"(skraapoe kaarre-dårlig kar)"
"skraape, skraapoe"	"s"	"elendig, udugelig, dårlig"	"(skraape bienje-dårlig hund)"	"(skraape bijle-dårlig bil)"	"(skraapoe kaarre-dårlig kar)"
"skraape, skraapoe"	"s"	"udugelig, dårlig, elendig"	"(skraape bienje-dårlig hund)"	"(skraape bijle-dårlig bil)"	"(skraapoe kaarre-dårlig kar)"
"skreejrehtimmie, skreejreldahke"	"s"	"inspirasjon"
"skrovre"	"s"	"klede"	"(tøy)"	"- s."
"skråavva"	"s"	"kjeppel"
"skråning, bakkehelling, li"	"s"	"vilhtie"	"(i fjellet)"
"skuehtie"	"s"	"skudd"
"skuehtie-jaepie"	"s"	"skuddår"
"skuehtie-jaepie-biejjie"	"s"	"skuddårsdag"
"skuvle"	"s"	"skole"
"skuvle-vaarjoeh"	"s"	"skoleklær"
"skuvle-viermie"	"s"	"skolenett"	"(data)"
"skylleme, skælloe"	"s"	"konfirmasjon"
"skåajje"	"s"	"skog"
"skåaknge"	"s"	"kvige"
"skåakngetje"	"s"	"kvige liten"	"(elg el. rein)"
"skåerrie"	"s"	"semsket skinn uten hår"
"skåvnjoe"	"s"	"fotpose på en fell"
"skæltja-råavkoe"	"s"	"snauslitt skinnfell"
"skænhkah, skinskie"	"s"	"bukser av skåerrie"
"skærtjoe"	"s"	"skjære, sjur"
"slaarve"	"s"	"løgn"
"slampestidh"	"s"	"slynge, kaste"
"slibnehke"	"s"	"nyfødt kalv"
"sliedte, sliedtetje"	"s"	"spebarn"
"sliedtetje"	"s"	"nyfødt barn"
"sliedtjie"	"s"	"hore, løsaktig kvinne"
"sliekth"	"s"	"slekt"
"slierkevoete"	"s"	"hor, utukt"
"slogne"	"s"	"løgn"
"slognestæjja"	"s"	"løgner, en som lyver"
"slovvestalleme"	"s"	"sluhet, lureri, fanteri"
"slåavoehtimmie fuehpie+"	"s"	"juling risikere-, ris å få"
"slåevede"	"s"	"pryl, juling"
"smaareh-tjierte"	"s"	"dialektgruppe"
"smaarese"	"s"	"dialekt"
"smeele"	"s"	"saus"
"snaaltije, snaeltie"	"s"	"spinnetein"
"snaejrie"	"s"	"skive"	"- s."	"(gaahkoe-snaejrie-brødskive)"
"snavhta, snåvhta, snåvhtoe"	"s"	"skohøybunt"	"(skohøydokke)"
"sneese"	"s"	"snes"
"snjapkije aske=nåhkije aske"	"s"	"avtagende måne"
"snjeara"	"s"	"mus"
"snjurhtje"	"s"	"spiss"
"snjutjke"	"s"	"(sjøfugl, muligens kvinand), lang, smal, spiss kniv"	"fuglenavn"	"(snjutjkine joejkedh- joike som en s.)"
"snjåhtjoe skaavhte"	"s"	"spiss vinkel"
"snuehtie"	"s"	"nygress, første gresspirer om våren, spire, spiretiden om våren"
"snuehtie"	"s"	"spire, spiretiden om våren, nygress, første gresspirer om våren"
"snurke"	"s"	"gris"
"snåhta"	"s"	"orrhøne"
"soehpenje"	"s"	"lasso"
"soejije kråevvie"	"s"	"fallende kurve"
"soelkedehteme"	"s"	"trøsting"
"soene"	"s"	"sene, senetråd"
"soerme"	"s"	"finger"
"soeve"	"s"	"røyk"
"soeve"	"s"	"røyk, skitt"
"sogkese"	"s"	"rabatt"
"sohte"	"s"	"sykdom , forkjølelse"
"soldaate"	"s"	"soldat"
"soldaati guvhkiehdæjja"	"s"	"soldatlos"
"somhpe"	"s"	"kaffegrut"
"somperebieljie"	"s"	"øre med utydelige merker"
"soptesestalleme"	"s"	"samtale, dialog"
"soptsestimmie hammoe"	"s"	"fortellende form"
"soptsestimmie"	"s"	"muntlig framstilling, samtale, tale, utsagn"
"soptsestimmie"	"s"	"samtale, tale, utsagn, muntlig framstilling"
"soptsestimmie"	"s"	"tale, utsagn, muntlig framstilling, samtale"
"soptsestimmie"	"s"	"utsagn, muntlig framstilling, samtale, tale"
"soptsestimmievuekie"	"s"	"fortellertradisjon"
"sosmeletjh, sysngelasjh"	"s"	"innmat"
"sovhte"	"s"	"forkjølelse"
"sovkije"	"s"	"roer"
"sovvene"	"s"	"lon, stilleflytende utvidelse av elv"
"sovvene"	"s"	"stilleflytende utvidelse av elv, lon"
"spaenien-roehtse"	"s"	"sisselrot"
"spaenjie"	"s,"	"svaberg"
"speanjoe"	"s"	"bergflate som heller glatt-"
"speanjoe"	"s"	"svaberg"
"spidtje"	"s"	"nybygg"
"spiele"	"s"	"spill, rollespill"
"sporjehke"	"s"	"fuglenavn, snau"	"(dihte sarve tjåådtje ohtje deava-sporjehken nelnie-på en snauflekk)"
"spåavhroe-åejjie"	"s"	"snauskalle"
"staake baalka"	"s"	"synlig sti godt-"
"staaloe"	"s"	"dum kjempe"
"staeriesvoete"	"s"	"rett, rettferdighet"
"stiegle"	"s"	"markør"
"stilleme"	"s"	"ordre, mandat, påbud"
"stoerre-båantah"	"s"	"rikfolk"
"stoerre-tjuetie"	"s"	"tusen"	-1000	"- tallord"
"stoerredeava"	"s"	"storbakke"
"stroehte"	"s"	"julekveld"
"stråmhpoe"	"s,"	"busk, kjerr"
"stuerebe dåehkie"	"s"	"større gruppe"
"stuhtje"	"s"	"del, stykke"
"ståalhpediagramme"	"s"	"stolpediagram"
"ståamhpe"	"s"	"trestamme"
"stååkedidh baakojgujmie"	"s"	"eksperimentere med ord"
"støøhtje, jolle-juelkie, sarve"	"s"	"elg"
"sualadimmie"	"s"	"tyveri"
"suejnie"	"s"	"høy, skohøy, sennegras"
"suejnie-tjuahpa"	"s"	"sennegress sted hvor man skjærer-"
"suelie"	"s"	"blodvatn"
"suerkie"	"s"	"delområde, sektor, emne, område"
"suerkie"	"s"	"emne, område, delområde, sektor"
"suerkie"	"s"	"område, delområde, sektor, emne"
"suerkie"	"s"	"sektor, emne, område, delområde"
"suvlie"	"s"	"smeltet smør/fett til å ha på maten"
"suvtiehtæjja"	"s"	"fergemann, setter noen over med båt"	"(en som-)"
"suvtije"	"s"	"bysser et barn en som"
"svaale"	"s"	"fjellrev"
"svaalhtja, svaalhtje"	"s"	"kjole av skåerrie"
"svaalhtse"	"s"	"lenke, kjetting"
"svaaloe"	"adj"	"kjølig vær"
"svaejlehke"	"s"	"kastrert rein som skal temmes"
"svaejlehke"	"s"	"utemmet reinokse"
"svarkeldahke"	"s"	"mat, raskt måltid"
"svarkeldahke"	"s"	"matbit, raskt måltid"
"svienske"	"s"	"svenske"
"svirrege"	"s"	"spissmus"
"svæhka"	"s"	"kløvsal"
"syjhtede"	"s"	"vilje"
"syjjehtimmie, sojjedimmie"	"s"	"bøyning"
"synnagovge"	"s"	"synagoge"
"såahva, såafoe"	"s"	"elvenes, hage, fruktbart område"
"såahva, såafoe"	"s"	"hage"
"såahva,såafoe"	"s"	"fruktbart område, elveness, hage"
"såahva,såafoe"	"s"	"hage, fruktbart område, elvenes"
"såaja,såajoe"	"s"	"vinge"
"såajoeh"	"s"	"vinger"
"såalhtjese"	"s"	"rykte"
"såangoe, såångedimmie"	"s"	"frieri"
"såara"	"s"	"flis"
"såara"	"s"	"fyrstikk, flis"
"såavla"	"s"	"dis"
"sådtere"	"s"	"synder"
"sådtoe"	"s"	"synd"
"såekie"	"s"	"bjørk"
"såelie"	"s"	"finne på fisk, spire på reinhorn, gren, slektsgren, forgrening"
"såelie"	"s"	"forgrening, slektsgren, finne på fisk, spire på reinhorn, gren"
"såelie"	"s"	"gren, finne på fisk, spire på reinhorn, forgrening, slektsgren"
"såelie"	"s"	"slektsgren, finne på fisk, spire på reinhorn, gren, forgrening"
"såelie"	"s"	"spire på reinhorn, gren, finne på fisk, forgrening,  slektsgren"
"såervie"	"s"	"tørrfuru som ved"
"såevmie"	"s"	"beite under snøen"	"(fint tørt-)"
"såjhtere,  maanasåjhtere"	"s"	"barnepike, barnevakt"
"såvra, såvroe, savra"	"s"	"surmelk"
"såågkese"	"s"	"kaffe, e. l."
"sååle"	"s"	"øy, holme"
"såångedæjja"	"s"	"frier"
"sæjroe"	"s"	"side"
"taantje"	"s"	"tang"
"tabelle"	"s"	"tabell"
"teekste-gietedalleme"	"s"	"tekstbehandling"
"tijre"	"s"	"melding"	"(dellie tijre båata-da kommer det melding)"
"tjaakse"	"s"	"bladmagen"
"tjaaleldh aamhtsesh"	"s"	"skriftlig materiale"
"tjaaleldh teeksth"	"s"	"skriftlig fremstilling"
"tjaaleme-giele"	"s"	"skriftspråk"
"tjaangeldahke"	"s"	"plass , bestemt plass i lendet hvor man driver reinen"
"tjaavtese"	"s"	"stigning"
"tjaavtse"	"s"	"kneik, motbakke"
"tjaeleme"	"s"	"skriveferdighet, skriveprosess, skrift, skriving, skriftlig arbeide, skrevet oppgave"
"tjaeleme-njoelkedasse"	"s"	"rettskrivningsregel"
"tjaeleme-væhta"	"s"	"skrifttegn"
"tjaelemevuekie"	"s"	"ortografi, skriftlig fremstillingsevne"
"tjaelemevuekie"	"s"	"sjanger"
"tjaelemevuekie"	"s"	"skriftlig fremstillingsevne, ortografi"
"tjaelije"	"s"	"forfatter, skribent"
"tjaerhvie"	"s"	"fjell som ligger for seg i høgfjellet"	"(lite rundt-)"
"tjaervie"	"s"	"fjell lite-"	"(adskilt)"	"- s."
"tjaetsie"	"s"	"vann, vatn"
"tjaetsie-gaaltije"	"s"	"vannkilde"
"tjaetsiegirse"	"s"	"vannrør"
"tjahke-baahkoe"	"s"	"fjellside"
"tjahta"	"s"	"kile, kilo, krone"	"(mynt)"	"- s."
"tjaktje"	"s"	"høst"
"tjaktje-leekeme"	"s"	"høstslakt"
"tjalmese"	"s"	"nettmagen"
"tjarve"	"s"	"skare, skareføre"
"tjavtese"	"s"	"masse"
"tjeallere"	"s"	"kjeller"
"tjeapehke"	"s"	"nakke"	"(slakt)"
"tjeapoehke"	"s"	"nakke"	"(slakt)"
"tjeapohke"	"s"	"hals"
"tjeara"	"s"	"skumring"
"tjearnoe"	"s"	"sigd"
"tjeavla"	"s"	"garndubbel"
"tjeavla-rietjmie"	"s"	"kavelsnor"	"(i fiskegarn)"
"tjeavra"	"s"	"oter"
"tjeehpes-sohte"	"s"	"svartedauen"
"tjelmie"	"s"	"øye"
"tjerkehkh"	"s"	"sko av nederste del av en fetling"
"tjerkie"	"s"	"fetling del av den nederste delen"
"tjerkie-goelkh"	"s"	"håret mellom kløvene"
"tjetskie"	"s"	"røyskatt"
"tjevties haamoe"	"s"	"form fast-"
"tjevtije kråevvie"	"s"	"kurve stigende-"
"tjidtjie"	"s"	"mor"
"tjiegle"	"s"	"kjegle"
"tjiehtjele"	"s"	"rom, sal, værelse"
"tjiektjemes kuhpe"	"s"	"fotballcup"	"(tjiektjemes kuhpem dåeriedidh-bli med på fotballcupen)"
"tjielte"	"s"	"kommune"
"tjiermie"	"s"	"nyre"
"tjierte, dåehkie"	"s"	"gruppe"
"tjiertedibleme"	"s"	"rasisme"
"tjieskese"	"s"	"vedski"
"tjietsie"	"s"	"onkel=1:fars yngre bror el. fetter 2:båeries tsietsie-farfars yngre bror"
"tjievtje"	"s"	"tjeld"
"tjihtese, diikte"	"s"	"dikt"
"tjilkeme"	"s"	"redegjørelse, forklaring, utredning"
"tjirkesvoete"	"s"	"trygghet"
"tjirre"	"s"	"sot"
"tjoejhke"	"s"	"mygg"
"tjoelme"	"s"	"knute"
"tjoermehtasse"	"s"	"bønn"	"(det man ber om)"
"tjoetjh"	"s"	"hinne"
"tjoevke"	"s"	"lys"
"tjogne"	"s"	"husgeråd"
"tjohkehtehteme"	"s"	"sammendrag"
"tjohpe"	"s"	"lue"
"tjolkeme"	"s"	"sidekile i gaamegh"
"tjomhpe"	"s"	"bunt, honk"
"tjomperdimmie"	"s"	"bekymring"
"tjonne"	"s"	"tjern"
"tjovve"	"s"	"spiserør"
"tjuahpa"	"s"	"uthogd skog, høsteplass"	"- s."	"(suejnie-tjuahpa-høsteplass for skohøy)"
"tjuavkeds luejie"	"s"	"kveldslys"
"tjuedtjielimmie"	"s"	"oppstandelse,oppståing"
"tjuengele"	"s"	"hagl"
"tjuetie"	"s"	"hundre"
"tjuetie"	"s"	"hundre, tusen"
"tjuvlenes"	"s"	"kyss"
"tjuvlie"	"s"	"kyss"
"tjuvlies"	"s"	"kyss"
"tjuvrie"	"s"	"banditt, fiende"	"(i sagn), røver"
"tjuvrie"	"s"	"fiende"	"(i sagn), røver, banditt"
"tjuvrie"	"s"	"røver, banditt, fiende"	"(i sagn)"
"tjuvtjege"	"s"	"pekefinger"
"tjyørest tjelmiejgujmie"	"s"	"gråten i øynene med-"
"tjyøresth tjelmiej-gujmie"	"s"	"gråten i øynene med-"
"tjåagka"	"s"	"gaffel"
"tjåagka"	"s"	"greip, griperedskap"
"tjåahkoe"	"s"	"møte"
"tjåalhtetje"	"s"	"knaus"	"(liten)"	"- s."
"tjåamehtse, tjåamahtasse"	"s"	"bog, framsteik"
"tjåanetjh"	"s"	"husgeråd"	"(litt)"	"- s."
"tjåanghkoe"	"s"	"forsamling"
"tjåejjie"	"s"	"mage"
"tjåejjien-nuelie"	"s"	"buken"	"(på slakt, skrott, dyrekropp)"
"tjåejjien-nuelie"	"s"	"undersiden av magen"	"(på rein)"
"tjåemehtse"	"s"	"bog"	"(slakt)"
"tjåenhtjeme"	"s"	"margbein"	"(øvre bak), menneskets lårbein"
"tjåenie"	"s"	"rekvisitt, ting, gjenstand, eiendel"	"(saker og ting-tjåenieh)"
"tjåenieh"	"s"	"husgeråd, saker, eiendeler"
"tjåenieh"	"s"	"proviant, saker og ting"
"tjåervie"	"s"	"horn, gevir"
"tjåktja"	"s"	"tiur"
"tjårra, tjårroe"	"s"	"fjellrygg"
"tjåvhkoe"	"s"	"reinmelk som man har hatt løype i"
"tjåålne-gaamesh"	"s"	"skankeskinn som har stått lenge, nesten sure"
"tjåånehtahke"	"s"	"bremserein"	"(bundet bak pulken)"
"tjååtsele"	"s"	"and"
"tjædtjeme"	"s"	"mor min-"
"tjædtjetje guaktah"	"s"	"(fast uttrykk)"	"mor og barn"	"(løønesth amma munnjien ohtje dålletjem, mov gåmma lea maanam reakadahteme jih manne tjoeverem dållem biejedh guktie tjædtjetje guaktah eagan gåalolh)"
"tjæjka"	"s"	"kikkert"
"tjøødtjestimmie sijjie"	"s"	"stoppested, parkeringsplass"
"tjøødtjestimmie-sijjie"	"s"	"parkeringsplass, stoppested"
"tjøøkestahke"	"s"	"mellomstykket"
"traaste"	"s"	"trost"
"treavka"	"s"	"ski"
"triengke"	"s"	"dreng"
"trienkenasse"	"s"	"motgang, forfølgelse, trengsel"
"truhkie"	"s"	"trau"
"tsaapestahke"	"s"	"kaffekjøtt"
"tseagkere"	"s"	"reisverk, bygning, tårn, teltskjelett"
"tsebpie"	"s"	"margebein på framfoten nederste-"
"tseegkeme"	"s"	"oppbygning, struktur, bygning"
"tsegkie"	"s"	"oppfatning, standpunkt"	"(dan tsagkan båateme-kommet til det standpunkt)"
"tsegkie"	"s"	"standpunkt, oppfatning"	"(dan tsagkan båateme-kommet til det standpunkt)"
"tsiehkesjimmie"	"s"	"markering"
"tsiehkestahke, transportøøre"	"s"	"transportør"
"tsiehkie"	"s"	"(tseahkan båetedh-komme i en situasjon),"	"situasjon, hakk"
"tsiehkie"	"s"	"forhold, situasjon, sammenheng"
"tsiehkie"	"s"	"hakk, situasjon"	"(tseahkan båetedh-komme i en situasjon)"	"(tsiehkie minngelde-hakk bak"	"(øremerke)"
"tsiehkie"	"s"	"merke, punkt"
"tsiehkie"	"s"	"punkt, merke"
"tsiehkie"	"s"	"situasjon, sammenheng, forhold"
"tsiehkie"	"s"	"snitt , del av et øremerke"
"tsiehkie"	"s"	"ti rein"
"tsiehkie, akte-mierie"	"s"	"sammenheng, forhold, situasjon"
"tsiehkiebaakoe"	"s"	"nøkkelord"
"tsoedtse"	"s"	"kjøttslintre"
"tsoetse"	"s"	"hinne"
"tsoevtse"	"s"	"snøskavl, snøfonn om sommeren"
"tsukngie"	"s"	"tåke eller snøyr så en ikke ser høydeforskjellen"
"tsumhtsie"	"s"	"rusk, søppel"
"tsumhtsie"	"s"	"søppel, rusk"
"tsumhtsie-voesse"	"s"	"søppelsekk, søppelpose"
"tsumhtsieh"	"s"	"rusk, søppel"
"tsåhha"	"s"	"hund, bikkje (skjellsord)"
"tsååbpe"	"s"	"frosk"
"tsælloe"	"s"	"krangel, mobbing, erting"
"tsælloeme"	"s"	"mobbing, erting, krangel"
"tyjje"	"s"	"tøy i metervis"
"tåallere"	"s"	"toller"
"tåangke"	"s"	"tang"
"tåarje"	"s"	"torg"
"uktsie"	"s"	"ni"	-9	"- tallord"
"unnienadtje"	"s"	"mangelfull"	"(h), vaenie"	"(h)"	"(-nadtje)"
"urpie"	"s"	"knopp, skudd"
"urpie"	"s"	"skudd, knopp"	"(planteriket)"
"uvtelasse"	"s"	"forslag"
"vaahra"	"s"	"fare"
"vaajese"	"s"	"fortelling, historie, sagn, dikt, ordtak"
"vaajese"	"s"	"sagn, dikt, ordtak, fortelling, historie"
"vaajhkoes"	"s"	"den/det eneste"
"vaajja"	"s"	"dal fjell"
"vaajja"	"s"	"nedsunket område i fjellet"
"vaalmestahke"	"s"	"knytte båret på ryggen uten sekk"
"vaanhka"	"s"	"låret muskelen nedenfor"	"(slakt)"
"vaanhtsh"	"s"	"votter"
"vaankha"	"s"	"skankekjøtt[muskelen på baksiden nederst på steika"	"(slakt)]"
"vaares-gåptoe"	"s"	"vadmelskofte"
"vaarese"	"s"	"vadmel"
"vaarjoe"	"v"	"klesplagg"
"vadtese"	"s"	"gave"
"vadtese"	"s"	"gave, almisse"
"vaedtsije"	"s"	"går en som-, vandrer"
"vaegkie"	"s"	"brei dal uten skog"
"vaegkie"	"s"	"dal bred-, lavtliggende slette"	"(av myrland el. fast grunn) med litt gress"
"vaegkie"	"s"	"dal bred-, lavtliggende slette"	"(myr el. gress)"
"vaegkie"	"s"	"sammenhengende myrområde"
"vaegkie"	"s"	"slette lavtliggende-"	"(av myrland el. fast grunn) med litt gress, bred dal"
"vaejlie"	"s"	"feber"
"vaejsjie"	"s"	"villdyr"
"vaejvie"	"s"	"bekymring, engstelse, besvær, vanske, plage, pine, smerte"
"vaejvie"	"s"	"besvær, vanske, plage, pine, smerte, bekymring, engstelse"
"vaejvie"	"s"	"engstelse, besvær, vanske,  plage, pine, smerte, bekymring"
"vaejvie"	"s"	"pine"
"vaejvie"	"s"	"pine, smerte, bekymring, engstelse, besvær, vanske, plage"
"vaejvie"	"s"	"plage, pine, smerte, bekymring, engstelse, besvær, vanske"
"vaejvie"	"s"	"smerte, bekymring, engstelse, besvær, vanske, plage, pine"
"vaejvie"	"s"	"vanske, plage, pine, smerte, bekymring, engstelse, besvær"
"vaenie"	"omantalladj"	"få, lite"
"vaentjele, Bueriesaernie"	"s"	"evangelium"
"vaepiedodtje"	"s"	"stakkar, stakkars"
"vaerie"	"s"	"fjellområde"
"vaestiedasse, vaestiedimmie"	"s"	"svar"
"vajtele"	"s"	"ønske"
"valkeldh-okse"	"s"	"åpning i reingjerdet der flokken drives inn eller slippes ut"
"veadtah"	"s"	"rot-tæger"
"veadtaldihkie"	"s"	"bundet"
"veadtaldihkie"	"s"	"tilknyttet"
"vealma"	"s"	"stillelv"
"vearka"	"s"	"tussen reinsykdom"
"vearolde"	"s"	"vær"
"veasoeh"	"s"	"oppholdssteder"
"veasomes saernieh"	"s"	"nyheter gode-"
"vedtneme"	"s"	"bever"
"veeljeme"	"s"	"valg"
"veelle"	"s"	"gårdsplass, tun"	"(dom veellem-det tunet/den gårdsplassen der borte)"
"veerbe-syjjehtimmie"	"s"	"verbbøyning"
"velvie"	"s"	"mengder store-, enormt mye,"
"velvie"	"s"	"mye enormt-, store mengder"
"velvie"	"s"	"svært store mengder"
"vestie"	"adj"	"stygg"
"vesties-voete"	"s"	"ondskap"
"viedteldihkie"	"s"	"tilknyttet"
"viehkie"	"s"	"hjelp"
"viehkie"	"s"	"hjelp, bistand"	"(veahketje-litt hjelp)"
"viehkievierhtie"	"s"	"hjelpemiddel"
"vielle"	"s"	"bror"
"vieneskodtje, gieries-voelpe"	"s"	"bestevenn"
"viengkes-måaroe"	"s"	"bein i foten"
"vierhke"	"s"	"huljern"
"vierhtie"	"s"	"betaling"	"(penger), middel, ressurs"
"vierhtie"	"s"	"middel, ressurs, betaling"	"(penger)"
"vierhtie"	"s"	"ressurs, betaling"	"(penger), middel"
"vierhtie"	"s"	"verdi, virkemiddel"
"vierhtie"	"s"	"virkemiddel, verdi"
"vierhtiedimmie"	"s"	"vurdering"
"vierhtieh"	"s"	"verdier/ midler"
"vierhtse"	"s"	"vær"
"viermie"	"s"	"fiskegarn"	"(viermieh jættdidh-sette garn)"
"viermieh"	"s"	"garn"
"viernge"	"s"	"marbakke"
"viesjlie"	"s"	"kranglevoren"
"vihtesjimme"	"s"	"vitnemål, attest, bevis"
"vijne-diedte"	"s"	"vinpresse"
"vijne-moere"	"s"	"vintre"
"vijnemoere-såafoe"	"s"	"vingård, vintrehage"
"vijreme"	"s"	"jakt"
"vijrije"	"s"	"jeger, fangstmann/kvinne"
"vijrije"	"s"	"veidemann, skytter"
"vijve"	"s"	"svigersønn"
"vijve"	"s"	"svigersønn, svoger"
"vinhtse"	"s"	"båt"
"voedtege"	"s"	"skoband"
"voehpe"	"s"	"svigefar, ektefelles stefar"
"voehpe-almetjh"	"s"	"svigerforeldre"
"voehph vuanovh"	"s"	"svigefar og svigemor"
"voeje"	"s"	"smør"
"voejehtahke"	"s"	"svømmested for reinflokken over elv/vatn"
"voeksenasse, goglenasse"	"s"	"spy, oppkast"
"voektene"	"s"	"garnstillas"
"voektenje"	"s"	"hengeanordning for garn"
"voektenje"	"s"	"stillas"	"(daehtie voektenjistie vaaltah-fra dette her stillaset tar du)"
"voelpe"	"s"	"kamerat, venn"
"voene"	"s"	"bygd"
"voene"	"s"	"landemerke, bygd"
"voenge"	"s"	"lokalmiljø, nærmiljø"
"voeres-maaksoe, voeres-beetnegh"	"s"	"alderspensjon"
"voerhtje"	"s"	"april, kråke"
"voerhtje"	"s"	"kråke, april"
"voersenbuejtie"	"s"	"endetarmen"	"(slakt)"
"voesse"	"s"	"sekk"
"voessjehtahke"	"s"	"kjøttkokeri, kjøttgryte"
"voessjememierie"	"s"	"kokepunkt"
"vokaale-jeatjahtehteme"	"s"	"vokalforandring"
"vuajnoe"	"s"	"inntrykk, mening, oppfatning, synspunkt, påstand"
"vuajnoe"	"s"	"oppfatning, synspunkt, påstand, inntrykk, mening"
"vuajnoe"	"s"	"påstand, inntrykk, mening, oppfatning, synspunkt"
"vuajnoe"	"s"	"syn, synspunkt"	"(etter mitt syn-mov vuajnoen mietie)"
"vuaksa"	"s"	"okse"
"vualadahke"	"s"	"lågland, lavland"	"(lavtliggende terreng)"	"- s."
"vuanove"	"s"	"svigermor"
"vuasta"	"s"	"ost"
"vuejiehtimmie krievvie"	"s"	"flokk"	"(rein-) som har vært i driv"	"- s."
"vuejiehtæjja bienje"	"s"	"hund som kan drive"
"vuejiehtæjja"	"s"	"driver flokken en som er bak og-"
"vuekie"	"s"	"evne, måte, form, strategi"
"vuekie"	"s"	"form, strategi, evne, måte"
"vuekie"	"s"	"måte, form, strategi, evne"
"vuekie"	"s"	"skikk"
"vuekie"	"s"	"strategi, evne, måte, form"
"vuelem bielie"	"s"	"(slakt)"	"nerkjeften,"	"(under kjaka)"
"vuelem-bielie"	"s"	"underkjeven"	"(slakt)"
"vuelhtie"	"adv"	"nedenfra"
"vuelie"	"s"	"joik, melodi"
"vuelie"	"s"	"melodi, joik"
"vuelie"	"s"	"uttale, intonasjon"	"(arbeide med uttalen/intonasjonen-gielen vueliem lierehtalledh)"
"vuelie-raedtie"	"s"	"nedre kanten"
"vueliedimmie"	"s"	"nedsettelse"
"vueliedæjja"	"s"	"undertrykker"
"vuelieladtje"	"s"	"nedenforstående"	"(tjaelieh aktem daejstie vuelieladtje boelhkijste-en av stiloppgavene nedenfor)"
"vuelielistie"	"adv"	"nedenfra, fra nedenfor"
"vuelkeme"	"s"	"transport, reise"	"(maaksoe vuelkemen åvteste-betaling for reisen/transporten)"
"vuelkemeleahpa"	"s"	"billett"	"(befordringsmiddel)"
"vuelnie"	"adv"	"nede"
"vuemie"	"s"	"skogdal"
"vueperese"	"s"	"tre år gammel hanrein"
"vuepsie"	"s"	"formål, mål, målsetting"
"vuepsie"	"s"	"mål, formål, målsetting, det man streber mot"
"vuepsie"	"s"	"mål, målsetting, formål"
"vuepsie"	"s"	"målsetting, formål, mål"
"vueptie"	"s"	"oppdagelse"
"vuerpie"	"s"	"lodd, skjebne"
"vuerpie"	"s"	"skjebne, lodd"
"vuesiehtimmie"	"s"	"eksempel"
"vuesiehtimmie"	"s"	"fremføring"
"vuestie"	"s"	"(nær et sted)"	"inntil"	"(om tid), mot, i møte, opp til"
"vuestie"	"s"	"(om tid)"	"mot, i møte, opp til"	"(nær et sted), inntil"
"vuestie"	"s"	"(om tid), mot"	"møte i-, opp til"	"(nær et sted), inntil"
"vuestie"	"s"	"(om tid), mot, i møte"	"opp til"	"(nær et sted), inntil"
"vuestie"	"s"	"fram til, inntil"	"(gijren vuestie-fram til våren)"
"vuestie"	"s"	"inntil, fram til"	"(gijren vuestie-fram til våren)"
"vuestiebiegke"	"s"	"motvind"
"vystove"	"s"	"soppetid"	"(den tid da reinen løper etter sopp)"
"vyørtegse"	"s"	"verdighet, ærbarhet"
"våaroe"	"s"	"grunn, utgangspunkt"
"våaroe"	"s"	"grunnlag"
"våaroe"	"s"	"utgangspunkt, grunn"
"våhkoe"	"s"	"uke"
"vååjmese"	"s"	"hjerte"	"(levende)"
"vååjnese"	"s"	"inntrykk"
"vååltese"	"s"	"trebart område, vidt synsfelt, vid åpen plass i lavlandet"
"vååltestahke"	"s"	"bakke med fritt utsyn"
"væhna"	"s"	"vitne, vidnemål, vidneutsagn"
"væhta"	"s"	"tegn, merke, varsel, punkt"
"væhtjadahke"	"s"	"vind kald gjennomtrengende"
"væjroe"	"s"	"skrent"
"væjroe"	"s"	"snøskred"
"værjoe"	"s"	"kjede"
"værtoe"	"s"	"storm, uvær"
"væssjoeladtje"	"s"	"fiende, hatet person, en som hater, foraktelig type"
"vøølemes daltese"	"s"	"småskoletrinnet"
"åabpa"	"s"	"søster"
"åabpeme"	"s"	"søster mi"
"åabpetjh"	"s"	"søstre innbyrdes"
"åajjenalhke"	"s"	"hodepute"
"åajva"	"s"	"overhode"
"åajvie"	"s"	"Herre, sjef, høvding, leder, formann"
"åajvie"	"s"	"formann, Herren, sjef, høvding, leder"
"åajvie"	"s"	"høvding, leder, formann, Herre, sjef, rektor"
"åajvie"	"s"	"leder, formann, Herre, sjef, høvding, rektor"
"åajvie"	"s"	"sjef, høvding, leder, formann, Herre"
"åajvoe"	"adj/adv,"	"prektig"
"åarjetje-bielie"	"s"	"sørsida"
"åasa"	"s"	"pris"
"åehpie"	"s"	"kjent, kjenning"	"(s)"
"åejjie"	"s"	"hode"
"åejjie, tsaehkie, novpie"	"s"	"hode"	"(t)"
"åejviedaltese"	"s"	"hovedtrinn"
"åejvietsiehkie"	"s"	"hovedmål, hovedtrekk"
"åeksie"	"s"	"grein"
"åelie"	"s"	"beskyttelse, verge"
"åelie"	"s"	"verge, beskyttelse"
"åemehke"	"s"	"Avdøde , den gjenlevends betegnelse på avdøde mann eller kone"
"åemie"	"adj"	"avdød"
"åenehkes vaajese"	"s"	"novelle, småstykke"
"åenehtse, åeniedimmie"	"s"	"forkorting"
"åeremes-vaarjoeh"	"s"	"sengeklær"
"åerie, lieme-aajroe"	"s"	"blodåre"
"åerpele"	"s"	"slekt=kusine, kvinnelig tremenning, høflig tiltale til noenlunde jevnaldrende kvinne/pike som man ikke er i slekt med"
"åerpenh"	"s"	"søsken"
"åerpienadtjh"	"s"	"søsken innbyrdes"
"åeruve"	"s"	"ekorn"
"åesie"	"s"	"del, mat, matbit"	"(jih dellie aaj skråevviestibie, buhtjebe jih jåamoeh tjøøngkebe guktie aaj iehkiedasse åesie)"
"åesie"	"s"	"innslag"
"åesie"	"s"	"mat, matbit, del"	"(jih dellie aaj skråevviestibie, buhtjebe jih jåamoeh tjøøngkebe guktie aaj iehkiedasse åesie)"
"åesie"	"s"	"mat, porsjon"
"åesiestæjja"	"s"	"handelsmann, kjøpmann, oppkjøper"
"ålkoelisnie"	"adv"	"utenfor, på utsiden"
"ålle-sjædtoe"	"s"	"voksen"
"ållermaahtoe"	"s"	"omtale"	"(buerie ållermaahtoe-hederlig omtale)"
"ålma"	"s"	"mann"
"ålmeh-vuekie"	"s"	"folketradisjon"
"årra"	"s"	"hannrein"
"årrabirhke"	"s"	"reinflokk hann"	"(liten)"
"årroeh-sijje, årrome-sijje, veasome-sijje"	"s"	"boplass"
"åssjalomme"	"s"	"tanke, ide"
"åssjalommes"	"s"	"tanke, mening"
"åtnoe"	"s"	"funksjon"
"åvte-gietjie"	"s"	"framenden, den framre enden, fremst"
"åvte-gietjie"	"s"	"fremst, framenden, den framre enden"
"åvtene, åvtielisnie"	"s"	"foran"
"åvtesnuelie"	"s"	"bogen muskelen nedenfor-"	"(slakt)"
"åvtesnuelie"	"s"	"slakt del av- :muskel øverst på framfoten"	"(bakside nederst på bogen)"
"åvtoehke"	"s"	"fremstående herre, fornem person"
"åålmeh-vaajese"	"s"	"folkeeventyr"
"ååredæjja"	"s"	"ansikt"	"– s"	", njuenie, tjelmieh"	"."	"(njueniem/tjelmide bissedh-vaske ansiktet)"
"åårke"	"s"	"åsrygg"
"ïedtesh"	"s"	"fornærmelse"	"(flt.)"
"øøhpehtimmie-vuepsie"	"s"	"opplæringsmål"
"øøhpehtæjja"	"s"	"lærer, mester"
"øørnegen vierhtieh"	"s"	"disposisjon"
"øørneme"	"s"	"arrangement, arrangert, i orden"
"øørnemehammoe"	"s"	"organisasjonsform"
"aajla"	"s"	"hjerne"
"aajlah"	"s"	"hjernemassen"
"bajsjeme"	"s"     på hver side av døren i kåta"
"bejsjeme"	"s"	"rommet på hver side av døren i kåta"
"darte"	"s"	"fjellbrem, strekningen langs kanten av fjellet"	"(vaerien darte)"
"bealhka"	"s"	"skjenn"
"beetnege-njaahtjome"	"s"	"pengebegjær, havesyke"
"biejjie-pralloeh"	"s"	"solbriller"
"boejhkehtasse"	"s"	"forklaring, lærdom"
"driekte"	"s"	"fart"
"dåastove"	"s"	"noe som tar imot el. stopper"	"(sagt om fangarm til reingjerde)"
"golmege"	"s"	"tre rein"
"golmesh"	"s"	"tre"	"(stykker) sammen"
"guaktah"	"s"	"to sammen"	"(dah guaktah-de to)"	"(aehtjetje-guaktah-far og sønn/datter)"
"guaktegh"	"s"	"to sammen"	"(månnoeh guaktegh-vi to)"	"(guaktegh årrodh-være bare to sammen)"	"(guaktegh soptsestalledh-snakke på tomannshånd)"
"gööktesh"	"s"	"to sammen"
"hearlohkevoete"	"s"	"herlighet"	"(Jupmelen hearlohkevoete-Guds herlighet)"
"jijtjereereme"	"s"	"selvstyre, suverenitet"
"joknge-prienne"	"s"	"bränna med lite skog, där lingon växer"
"jortese"	"s"	"sammenligning, lignelse"
"månnja"	"s"	"svigerinne"
"mååhtedimme"	"s"	"avtale"
"naaken"	"s"	"en del"
"niejte"	"s"	"kjæreste"
"tjiermieh"	"s"	"nyrer"	
"pruvrese"	"s"	"brud"
"rabre"	"s"	"reinflokk"
"sjisnjele"	"s"	"det indre"	"(i mitt indre/inne i meg-mov sjisjnielisnie)"
"tjidtjebe"	"s"	"mor hans/hennes"
"tjoejenasse"	"s"	"uttale"
"veljije"	"s"	"overflod, rikelig"
"vielletjh"	"s"	"brødre"	"(innbyrdes)"	"- s."
