"aahgkh"	"adv"	"uten opphold, med en gang"	"(tillegg til forskj. ord, f. eks: dallah aahgkh)"
"aaj-viht"	"adv"	"igjen, atter, på nytt"	"(dihte aaj-vihth-han gjentar/forsøker på nytt)"
"aajla"		"hjerne"
"aajlah"		"hjernemassen"
"aajmoe laakan"		"riktig, på god måte"
"aajmoen, aajmojne"	"adv"	"igjen, i behold"
"aajmohts"	"adj"	"(stor)"	"veldig lang"	"(vei), veldig"
"aajne, aajneh"	"adj"	"eneste"	"(barn)"
"aalkest"	"adv"	"langsetter, på langs"
"dåarest"	"adv"	"kryss tvers på"
"aalkesth"	"adv"	"langs på-, langsetter"
"aalkoevisnie"	"adv"	"i begynnelsen"
"aalloes"	"adv"	"for seg sjøl som går-, for seg"
"aallohke"	"adj"	"bortkommen, adspredt"
"aallohks"	"adv"	"adspredt, bortkommen"
"aarmohks"		"barmhjertig"	"(satne aaj mahta aarmohks årredh-også han/hun kan være barmhjertig)"
"aasmeles"		"dødssyk, halvdød"	"(av sykdom)"
"aavre,  aavrelassje, aavrelossje, aavrehke"		"heldig"
"aavrehke"		"heldig, lykkelig, salig"
"abpe"		"hele"
"aeblehts; pred. aebliehtadtje"		"doven, lat"
"aebliehkåbpojde"		"til de som er latere"
"aellh"		"nei, jasså"
"aellies"		"(aellies ov numhtie klaadtenh"	"så ikke, for at ikke"	"(for at de) ikke skal blande sammen slik)??"
"aelties, gudtsien aelties"		"takk"	"(den andre svarer: utnieh læjnosth)"
"aerebi"		"før"	"(aerebi goh vaestedh-før du svarer)"
"aerebi goh"		"innen, før"
"aevhkehth"		"nytteløst"
"aevhkies"		"nyttig"
"ahtjetje"		"litt"
"akte"	"artogtallord"	"en"
"akte-raeresne"		"overens, enig"
"aktede"		"fra en"	"(aktede våhkoste jijniebidie våhkojde-fra en uke opptil flere uker)"
"aktegh"		"en eneste"
"akten"		"stadig"	"("	"(han) hviler stadig- akten liegkeden)"
"aktesne, ektesne , aktene, ektine"		"sammen"
"akteste-måbpan"		"fra det ene til det andre"
"akti-akti"		"én for én, én og én"	"(med)"
"almetjamhtah"	"avfolk"	"uten hjelp"
"altemse"		"egens hans/hennes"	"(det er hans egen skrift- altemse tjaeleme dihte)"
"annje! ennje!"		"please!"	"(vuejnieh annje!-se der!)"	"(govlh annje!-hør nå her!)"
"annjebodts"		"midlertidig, foreløpig"
"anonym"		"tsiemeles"
"arrhten"		"rastløs"	"(arrhten dohk-diekie-virre rastløs hit og dit,surre fram og tilbake,ikke ha ro på seg)"
"astoeh"		"tid god"
"baajh manne åånedem"		"unnskyld, omforlatelse"
"baaltegisnie, baalt-bieliem"		"parallelt"
"baanhtsan"		"travelt"	"(få det), rådløs"
"badth"		"(uttrykker selvfølge, forvissning, oppfordring grunnet på forvissning)"	"virkelig, altså, bare, da, ja, nok"	"(nimhtie badth dah ussjedh-de tenker da det/de tenker det, ja)"	"(suelien badth"	"(gjør det) i smug  da vel)"	"(aellieh badth-å nej da)"
"baenhtesne"		"nød i"
"baenhtsesne"		"opptatt"	"(være travelt opptatt med noe), i nød, i knipe"
"bajjoeh, bajjah"		"påståelig, envis"
"bajsjeme=bejsjeme"		"rommet på hver side av døren i kåta"
"barre"		"bare"
"darte"		"fjellbrem, strekningen langs kanten av fjellet"	"(vaerien darte)"
"beadteles"		"bedragerisk, utro"
"beagkoehkommes"		"(mest -)"	"berømte"	"(mest -), kjente"
"beagkoes"		"berømt, navngjeten, kjent"
"bealhka"		"skjenn"
"bealhkadihks"		"skjenne svær til å-, som alltid vil skjenne"
"bearehke"		"skøyeraktig, bedragersk"
"beeke"		"opposisjonell, egenrådig, sur, tverr, sta, egen"
"beeli"		"tider, i de tider"
"beetnege-njaahtjome"		"pengebegjær, havesyke"
"bestehten"		"stakende"
"biejjege"		"imorgen, om dagen"
"biejjh-guakoen"		"solskinnet i -, mens solen skinner"
"biejjhguakoen"		"solen"	"(mens s. skinner), i solskinnet"
"biejjie-pralloeh"		"solbriller"
"bieleste"		"foruten"	"(dam manne daajhtam dov bieleste - det kan jeg gjøre foruten deg)"
"bielie-gåalmede"		"halv to og en"	"(halvtredje)"
"bïhkedidh"		"veilede, rettlede, lære, undervise, forklare"
"bihtere"		"lysten på/til, ha sterk lyst på/til, hoga på"	"(maana danse bihtere gåahtah-barnet har så sterk lyst på godterier)"	"(danse bihtere tjuvlistidh-så lyst til å kysse)"
"bihtseds, pred. bihtsede"		"bitter, stram i smaken"
"bihtsiedidh"		"bittert smake-, være stram i smaken"
"bijjes"		"formell"
"bijjie-naasjovale"		"overnasjonal"
"bijjiebasse"		"høyere"
"bodtjehke"		"sunn og sterk"
"boejhkehtasse, boejhkehts"		"forklaring, lærdom"
"boerehke-laakan"		"bra, vel, på god måte"
"boerehks; pred. boerehke"		"godhjertet, snill, gavmild, vennlig"
"buajhkoes"		"forståelig, lett gjenkjennelig, åpenbar, merkbar"
"buektedh åvtese"		"fremføre, framheve"
"byjjobse"		"anskueliggjort, opp i dagen"
"byögke, byögkeles"		"omtalt, berømt"
"bæjjes-våårte"		"(fra kysten)"	"oppover mot fjellet"	"(bæjjes-våårte juhtedh-flytte oppover mot fjellet om våren)"
"bæjngolen"		"utenfor"	"(dah sijhtieh mijjiem bæjngolen utnedh-de vil holde oss utafor)"
"bøøresth!"		"skål!"
"båadtsoeh-åejjien, båadtsoes-åejjien, båadts-åejjien"		"barhodet"
"båadtsoeh, båadtsoes, båadtsah; pred. båadtsan"		"naken, bar, uten klær"
"båarroeh"		"krøllet, kruset"
"båastoeh"		"motsatt"
"båetije boelvh"		"generasjoner, kommende"
"bårrohks, barrehks; pred. bårrohke, barrehke"		"rasende, sint"	"(på samer og rein, om bønder)"
"bårrojde, bårrode, barrede"		"spredt"	"(rein)"
"bååstede, bååstide"		"tilbake"
"daabpanidh"		"hitover komme"
"daajroes"		"som kjent, som man vet"
"daajvetji"		"langsomt"	"(daajvetji vaadtsa-hun går langsomt)"
"daaletje"		"nåtidens, moderne, nåværende"	"(daaletje almetjh-nåtidens mennesker)"
"daamhtah, daamhtaj, daamtaj"		"stadig, i ett, ofte"	"(tjuatsa daamtaj-det snør i ett)"	"(stoerre-guelieh daamtaj baenjiste dabraldihkie)"
"daamts"		"vanlig, lett, lettvindt, enkel"
"daan biejjetje, daaletje"		"dagens, nåtidens"	"(daaletje ektievuekie-dagens samfunn)"
"daan mearan"		"til nå"
"daanbeajjetje"		"dagens"	"(dagens lekser- daanbeajjetje leaksoeh)"
"daasnegh"		"akkurat her"
"daastegh"		"akkurat herfra"
"daatema"		"ektemann min"
"dabpanahkh"		"akkurat der borte"
"daebpelen"		"hitover, herover, prep., hitenfor"
"daebpene"		"her på disse kanter"
"daehtie miereste"		"heretter, fra nå av"
"daejriestidh +"		"jeg vet ikke ordet av før ..."	""	"im daejresth"	"(idtjim daejresth-jeg visste ikke ordet før....)"
"daelie jih daagkoe?"		"der og da"	"(her og nå)"
"daelvege"		"om vinteren"
"daen biejjien"		"dag i"
"dagke ojhte"	"interj"	"å ja - slik ja"
"dagke, dagkh"		"jaså"	"(spørreord: så, jaså, vel, el. lign.)"	"(dagkh-ih guarkah?-så du forstår ikke?)"	"(dagkh-ih leah?- jaså, du har  ikke"	"(gjort) det?)"	"(dagke sæjloeh?-du blir vel ikke trett?)"	"(dagke ojhte-kanskje det?/å ja, slik ja)"
"dagkere"		"(en sådan en)"	"sådan en"	"(dagkerem lin gaajhkesh byøreme utnedh-en slik en skulle alle hatt)"
"dahph njaalmemth"		"klapp igjen/hold kjeft!"
"dajpeeli"		"de tiders"
"dajveles"		"geografisk"
"dallah"		"straks, med en gang, omgående"	"(destie dallah akte guelie vinhtsese båata)"
"dallah, dallegh, dallah-masten"		"straks, med én gang, så snart som"
"dalletje"		"noe som skal brukes straks, med en gang"	"(daate lea dalletje mielhkie-denne melken skal brukes straks"	"(skal ikke lagres))"
"damtemes, dabtemes [nordl.]"		"merkbar, kjennbar"
"dan guhkiem"		"så lenge"
"dan åvtelen"		"for...siden"
"darhkan"		"virkelig, riktignok, allikevel, da"	"(gukts darhkan-hvordan da)"
"darhke"		"(uventet)"	"jo"	"(dov darhke-det hadde  du jo"	"(det hadde jeg ikke ventet))" "og så?, så.., da, derimot"	"(nåå,daennie viermesne darhke,man jijnjh daesnie?-javel,enn i dette garnet da, hvor mange er det her?)"	"(gukts darhkan-hva så/og så)"
"dassije"		"verdiløs, tom"
"dastegh"		"(for det tilfellet at) det plutselig skulle"	"plutselig, i tilfelle"	"(dastegh dle löövti"	"(dïhte duvrie)-plutselig så angrep den"	"(bjørnen))"	"(dastegh obrije-i tilfelle det skulle begynne å regne)"
"dasth, dastege"		"nettopp, akkurat idet, just"	"(dihte klaahka dan alman vøøste vualka, mohte dasth goh edtja dievviehtidh dle svitnjeste jih baalte vualka)"
"datne"		"du"	"(åja, er det deg-datne dihte)"
"dealoes"		"vemmelig, ekkel"
"deapsoeh"		"stygg i munnen"	"(snakker råprat)"
"debpede"		"derfra"
"debpelen"		"ditover, mere i den retningen"	"(manne debpelen vualkam-jeg drar ditover)"
"debpene"		"der borte , åh, var det der borte den var! "
"dehtie"		"grunn av x  på"	"(dejstie haaskojste-på gr.av de der ruskene)"
"dejnie galhkeme!"		"ferdig med den!"
"dejpeladtje,dej-baaletje"		"før i tiden"	"(som er fra-), gammeldags"
"dejpeli"		"gamle dager i-, før i tid"
"dellie goerpe"	"intrj"	"skitt det var"
"dellie, dle"		"så, da, nå"
"destie båata"		"derav kommer det, konklusjonen er at"
"devverde"		"såpass"	"(devverde lij-han var så pass til kar)"	"(devverde lij vaarredh-han var så pass til å småspringe at det klarte seg)"	"(devverde hov gaarsje"	"(reinflokken) tåler så pass"	"(at det går an å flytte))"
"dïehre, dïere, dïereh"		"for - skyld, av den grunn at, i den hensikt at, for å"	"(ih gujht mov dïereh daarpesjh-for min skyld behøver du ikke)"
"dielhtie-raejkieh"		"bortetter isbreene"
"dielies"		"snusket, ekkel"	"(å se til el. av smak), illeluktende, vemmelig, motbydelig"
"dihte guhte?"		"den som"
"dihte jeahta=d.j."		"dvs."
"dïjmes"		"mør, gjennomkokt"
"disse"		"til den/det, han/henne"
"doene-hæjhtan"		"helvete, til"	"(banning)"
"doenh-aajmosne, doen'-aajmosne"		"besatt av en ond ånd"	"(det å være-)"
"don bealan"		"over på den andre side"
"dongkeldahkesne"		"bortbestilt, borttinget"
"dongkesovveme"		"bestilt, tinget"
"dosse daase"		"til den og den"
"dovlen"		"se der! der kan du se! der ser du! var det ikke det jeg sa?"
"dovletje"		"fordums"
"dovletje aejkiej"		"gamle dager"	"(i-)"
"dovletje aejkijste"		"gammel tid"	"(fra-)"
"dovne"		"både, til og med, endog"	"(dovne abpe eatnamasse vuesiehtidh-endog  vise til hele verden)"	"(dovne daerpies- til og med behov for)"	"(dovne tjaeledh jih lohkedh- både skrive og lese)"	"(dovne tjuara- i tillegg må man)"
"dovne..jih"		"både...og"
"driekte"		"fart"
"duelie, vuajnah"		"(har du)"	"vær så god, se der, der"	"(vær så god og sett deg-vuajnah tjihkedh)"	"(vuejnede tjaangedh-vær så god og stig på"	"(dere)/kom inn)"	"(vær så god å ta"	"(forsyn deg)-vuajnah vaeltieh!)"	"(duelie mov tjidtjien tjelmieh-der ser du min mors øyne)"
"dulvies, dulvesne"		"flom i-, flomdiger"
"dæjman"		"fjor i"
"døøhki døøhki"		"(gruppe for gruppe)"	"lagvis"	"(lag på lag), gruppevis"
"dåajmetje"		"høflig, høvisk"
"dåajmetje-laakan"		"høflig på-, høvisk vis"
"dåajmijes, dåajmijs; pred. dåajmije"		"høflig, forekommende, punktlig, vakker, høvisk"	"(om atferd, livsførsel)"
"dåastove"		"noe som tar imot el. stopper"	"(sagt om fangarm til reingjerde)"
"dåsmoes, dasmoes"		"svak, uvel, syk"
"dåvvese"		"havet"	"(ut på-) ut mot kysten, ut på dypet"
"eadtjaldehteme"		"aktiviserende"
"eadtjaldehteme darjomh"		"aktiviserende aktiviteter"
"eadtjohke-laakan"		"aktivt"
"eajhtohte"		"helt på viddene, i gal retning, borti hampen"
"eajmohts"		"furten, som går for seg selv"	"(om rein)"
"eajtoeh almetje"		"likegyldig en som er-, en som skulker"	"(eajtoeh barkije- en som sløser bort tiden under arbeidet)"
"ealehke"		"trasig, vond"
"earna pred"		"hensikt ha til-, tenke, ha fore"	"(leam earna-jeg tenker/har til hensikt"	"(å gjøre noe))"
"earoeladtje"		"ærlig"
"easkah"		"virkelig, i allfall"	"(dihte easkah boetje-han er i allfall"	"(virkelig) en hestkuk)"	"(dellie easkah bøøti-da først kom han)"	"(easkam båata-nå først kommer han)" "nettopp"	"(da), da først"
"eensi"		"fullstendig, komplett"	"(eensi jiehtege - fullstendig setning)"
"eensilaakan"		"ordentlig, skikkelig, grundig"
"ektesne"		"sammen med, i lag med"
"ellies"	"a"	"full, fullstendig"	"(ellies raajese-full setning)"
"elties, altese"		"hennes, hans, dens"
"faagka, faagkan"		"betydelig, nesten for, litt for"	"(daate hov lea faagkan buerebe-denne er betydelig bedre)"	"(faagkan boerehke-nesten for snill)"	"(fagkan  jåalhkoes-nesten for snar til å springe)"	"(faagkan gyödtsehke-nesten for smal)"	"(faagkan moehtege-nesten for mye snø til å farte)"
"faamoehkommes"		"sterkeste"	"(den-), mektigste, Den allmektige"
"faarhmestalledh"		"omkring ta-, omfavne hverandre, omfavne flere etter tur"
"faatoes"		"mangle"	"(faatoes baakoe-ord som mangler)"
"faavre"		"straks, med én gang"	"(faavre laarhkenisti-han slo seg i hjel med én gang)"	"(ij hov daate faavre ajpesth-denne"	"(slaktekniven) dreper jo ikke med én gang)"	"(faavre leah vuatjeme?- har du skutt den steindød/så den døde med én gang?)"
"faelskies, sluekies"		"falsk"
"faepeles"		"trivelig, høflig, forekommende"
"faeties, faatoes"		"for lite, som mangler"	"(mij dov faeties-hva er det i veien med deg?)"
"fassehke"		"gløgg og ivrig"	"(om gjeterhund)"
"feejjene"		"munter, glad"	"(dellie edtjh åadtjodh vuejnedh guktie vualka voejen jih dan feejjen sjædta)"
"feejjen"		"glad, munter"	"(dellie edtjh åadtjodh vuejnedh guktie vualka voejen jih dan feejjen sjædta)"
"fïere-guhte"		"hver, hver og en"	"(fïere-guhte"	"(n) bielesne-på hver side)"
"fierhte"		"hver, hvert"
"fierhten-beajjetje"		"dagligdags"	"(dagligdagslige uttrykk-fierhtenbeajjetje raajesh)"
"fuehpesne"		"travelt"
"gaajhkede lehkeste"		"fra alle kanter/hold"
"gaatesjen"		"unnskyld, beklager"	"(ov dellie gaatesjen-det var synd"	"(f.eks. om ens barn har gjort den andre noe galt))"	"(gaatesjen maana-barn man ber om unnskyldning for"	"(om det har gjort den andre noe galt))"	"(gaatesjen bïenje-hund man ber om unnskyldning for"	"(f.eks. om den har revet den andres bukse))"
"gadsehtidh,gadsehte"		"spise med skje"	"(gi å -)"
"gaerhteles"		"tillitsfull, hengiven, trofast"	"(gaerhteles bienje)"	"(mer tillitsfull-gaerhtielobpoe)"
"gahkes"		"stam, stammende"
"gahtjehtidh"		"felle"	"(la-), felle, flå, kalve"
"galles"		"hvor mange (om personer)"
"gaptjeldahkesne"		"lukket"
"garmerdes"		"rosverdig"
"garmeres"		"selvsikker, full av selvtillit"
"garmeres; pred.  garmere"		"kry, stolt, som er svær til å skryte, som alltid skryter"
"gaske-mearan"		"halvveis"	"(til omtrent -)"
"gaske-naasjovne +"		"internasjonal"
"gaske-raajan"		"halvveis, til halvveien"
"gaske-raejesne"		"halvveis, på halvveien"
"gaskemsh"		"seg i mellom"
"gellielaaketje"		"mangfoldig"
"gidtjh"		"sikkert, nemlig"
"gie dajra?, gie meala?"		"hvem vet?"
"giekh"		"hver"	"(på hver sin side-giekh bielesne)"
"gielen tseegkeme"		"språkoppbygning"
"gieltege, gieltegs"		"spennende"
"giem joem"		"noen, en eller annen"
"gieriedidh"		"beruset bli-, påseilet"
"gieries"		"elsket, elskelig"	"(for noen), kjær"
"giesege"		"sommeren om"
"gietem vearoeldasse"		"(mange hender opp i lufta/mange rekker opp hånden-jijnjh gieth vearoeldasse)"	"rekke opp handa"
"gietske-mieresne, jaksoes=jaksoe-mieresne"		"rekkevidde"	"(innen -)"
"gietskene, gietskes"		"nær, nær ved"
"gietskese"		"nær til, til ved siden av"
"gietskesisnie"		"nærheten"	"(i-)"
"gietskesne"		"ved siden av, attmed"
"gietskie, gietskies"		"(i møte)"	"til"	"(nær), mot"
"gietske, gietskes"		"nær, som er i nærheten"
"gietskies mieresne"		"avstand, på kort"
"gijrege"		"om våren"
"gïmpele"		"spøkefull, kvikk"
"girmes"		"frimodig, glad"
"gisse"		"tykk"	"(runde ting og mennesker)"
"goepedidh"		"klø, føle kløe"
"goerehth, goerehtahke"		"ulydig"	"(om hund)"
"goerpe"		"uhell, skitt"	"(dïhte maa goerpe-det var da uheldig/det var da skitt)"
"goglenasse, flt. goglenassh"		"(hund)"	"kvalme, spy"	"(goglenassh båetieh"	"(jeg) blir kvalm)"
"goh"		"da"	"(goh skyllim-da jeg ble konfirmert)"
"gojtehke"		"somlete, likegyldig, uvennelig"
"golh"		"(selvfølgelig), hører du"	"jo, ja, nok, vel"	"(forkortet av govlh)"	"(manne golh aaj dam jahkam-jeg tror jo også det/ja det skulle jeg mene)"	"(daelie golh maahta viht Saajve-Læjsam råakedh-nå, som du hører, skulle han møte Saajve-Læjsa igjen)"
"golme"	"tallord"	"tre"
"golmege"		"tre rein"
"golmesh"		"tre"	"(stykker) sammen"
"gon, gonnoeh"		"og"	"(binder to som hører sammen)"	"(tjittjie gonnoeh aehtjieh lægan saemieh-mor og far er samer)"	"(Åvla gon aehtjieh-Ole og faren)"
"goske"		"til om tid"
"goske, goskh"		"(om tid)"	"inntil, til"	"(tjuedtjeli jih minngesne veedtsi goskh bøøti dahkoe gusnie dihte alma årroeminie)"
"govhte"		"seks"	-6	"- tallord."
"guaktah"		"to sammen"	"(dah guaktah-de to)"	"(aehtjetje-guaktah-far og sønn/datter)"
"guaktegh"		"to sammen"	"(månnoeh guaktegh-vi to)"	"(guaktegh årrodh-være bare to sammen)"	"(guaktegh soptsestalledh-snakke på tomannshånd)"
"gudtsene"		"vel bekomme"
"gudtsien"		"(særlig for mat og drikke)"	"takk"	"(gudtsien aelties-takk og pris)"	"(gudtsien viehkien åvteste-takk for hjelpen)"
"gudtsien aelties"		"takk for maten"
"guektelen"		"to retninger i"
"guektieh"		"par to"
"guektiengieline"		"tospråklig"
"guenhtede"		"baklengs, på rygg"	"(guenhtede vaedtsedh- gå baklengs)"	"(guenhtede gahtjedh-falle på rygg)"
"guhkebe"		"lengre"
"guhkies madtese"		"lang tid"
"gujht"		"nok, sikkert"
"gukt´amma"		"men hvordan da?"
"guktie bist"		"hvordan"	"(var det nå igjen)?"
"guktie darhkan"		"men hvorledes da?"
"guktie manne vuajnam/guarkam"		"mening"	"(etter min -),  etter min oppfatning"
"gukts darhkan"		"hvordan ellers, hva så"
"gulmien vaelmien"		"tredobbelt , tre bukker til å dra"
"gustie vuajna"		"fra der en ser det, fra ståsted"
"gut"		"allfall i-, først nå/da"	"(sterkere enn gujht som betyr nok, jo)"	"(manne gut båatam"	"jeg"	"kommer i allfall)"	"(dihte gut bøøti"	"han"	"kom i allfall)"	"(manne gujht båatam-jeg kommer nok)"	"(dihte gujht bøøti-han kom jo)"
"gyjhteles, flt. gyjhtelassh"		"takk, takksigelse"	"(jïjnjh gyjhtelassh-mange takk)"
"gyvjehke, sneehpes, snååhpehke"		"rask, snar"
"gyönegs"		"dugelig, passende, brukbar"	"(manne dellie leam gyönege-jeg er vel passende til det? er jeg da duganes til det?"	"(litt foraktelig uttrykk))"
"gyönege"		"brukbar, dugelig, passende"	"(manne dellie leam gyönege-jeg er vel passende til det?/er jeg da passende til det?"	"(litt foraktelig uttrykk))"
"gyönehke"		"passende, brukbar, dugelig"	"(manne dellie leam gyönege-jeg er vel passende til det? er jeg da passende til det?"	"(litt foraktelig uttrykk))"
"gæhtjoes, gæhtjoeh, gæhtjah; pred. gyhtjehke"		"lemster, stiv, støl"
"gæjhteles"		"takknemlig"
"gæmhpodh"		"streve, slite, slåss, ta tak, stanges"	"(om rein)"
"gænnah"		"heller"	"(ikke) heller"
"gærroedihks"		"banne svær til å"
"gævnjan"		"hengende"
"gøøgkeles"		"prektig, staselig"	"(gøøgkeles baernie -prektig gutt)"
"gøøgkelihks"		"(om folk og rein)"	"staselig , nydelig, prektig, praktfull"	"(gøøgkeles baernie-prektig kar)"
"gøøkte"	"tallord"	"to"
"gøøkten-giertien"		"totall"
"gööktesh"		"to sammen"
"gøøktesi-gøøktesi"		"parvis, to og to"
"göökth"		"to ganger"
"gåabpa"		"hvem/hvilken av de to"
"gåabpegh"		"begge, hver sin"	"(om to)"
"gåalmede"		"tredje"
"gåarhmede"		"bakvendt, feilaktig, motsols, vrangvillig, tverr, vrangt"
"gåatomen gielhtie - på gr.av beitet"		"p. gr. av"
"gåatsies"		"utbeitet"
"gåavtoeh, gåavtah, gåavtan"		"(dele) i to"	"midten på"	"(langs etter)"
"gåetide, gåetede"		"hjem, hjemover"	"(gåetide vaedsedh- gå hjem)"
"gåpmolen"		"motsatt retning i"
"gåvnehte!"		"farvel!"	"(avskjedshilsen for lengere tid)"
"gååre"		"elendig, dårlig"
"haaksoeh"		"uvøren"
"haaskes"		"stridig, angrepslysten"	"(hund)"
"haerries"		"flink, rask"
"hahkam"		"måfå på"
"halta tjalhta"		"håpløst, nesten umulig"
"hatsves"		"hevnaktig, agressiv"
"healmije"		"skjørtet, med stor vidde i "
"hearlohkevoete"		"herlighet"	"(Jupmelen hearlohkevoete-Guds herlighet)"
"heskies"		"bitter"
"hijven hov"	"interj"	"det var bra"
"hojhte, ojhte"		"jovisst"	"(som ventet), faktisk, nettopp"
"hujnie, hujnesne"		"bedrøvet, mismodig"
"hævvi"		"selvfølgelig"
"hågkh, hogkh"		"heldigvis, vel, skal tro"	"(dellie håghk utnehte-nå holder han vel fast/nå holder det heldigvis)"	"(vaajkoe hogkh dïhte bööti viehkine-heldigvis kom han til hjelp)"	"(joe hogkh idtjih bïllh-det var godt at du ikke var/ble redd)"
"hågloeh, hagloeh"		"klønet, klosset, uforstandig, uvøren"	"(person)"
"håjnoes, håjnan"		"bedrøvet, trist"	"(om person), blyg, redd"
"idtji hov"		"men....ikke"	"(idtji hov dam darjoeh - men det gjorde han ikke)"	"(idtji hov maam dan bijre moenh-men han sa ingenting om det)"
"ïedtes"		"nærtagende"	"(person)"
"iehkiedasse"		"kvelds til"
"iehtsemes"		"elskverdig, elsker, elsket"
"ieskien, easkan"		"nettopp, for kort tid siden"
"ihke, jihkie, ahte"		"fordi, for, at, over at"	"(ihke aahka ieskien syhkegåatan vualkeme-at ahka nettopp har dratt til sykehuset)"
"ihkebe"		"også, det ene og det andre, hva som helst"
"ij guktie gann/gænnah"		"ikke på noen måte"	"(idtji dihte alma guktie gannh arhkenh-den mannen skadet seg ikke på noen måte/i det hele tatt)"
"ij leah seatadamme"		"neglisjert"
"ij sån"		"ikke tro det kan-, er det neppe"
"ij"		"ikke han/hun/den/det"	"idtji"	"nektingsord   - 3.p."		"(han/hun har ikke tid-ij asth)"	"(han/hun kom ikke-idtji båetieh)"
"ijje"		"nei"
"ikte"		"sammen"
"ikte-mearan"		"hverandre etter-, stadig, uavlatelig"	"(galka riehpenem jih gajhkh raejkieh gaptjedh golme iehkedh ikte-mearan- han skal dekke til ljoren og alle åpninger tre kvelder etter hverandre)"
"iktesth"		"alltid"	"(daelie iktesth båata-nå kommer han alltid)"
"ikth"		"engang"	"ikth åadtjoejibie jijtjh vuejnedh-en gang får vi selv se)"
"ipmerihke, ipmerijhken"		"enormt, umåtelig, overveldende, veldig"
"ïpmerijhken"		"svært, voldsomt, overveldende"
"iskan"		"sted i-, nylig"
"ïskeres, yskeres"		"farlig, skrekkelig"
"isveligke"		"forferdelig, nifst"
"j.j."		"m.m."
"j.n.v"		"og så videre"	"(=jih nimhtie vijrie-basse)"
"jaemehke"		"avdød, død"
"jaepien båeries, jaepien voeres"		"år gammel"	"(manne leam 17 jaepien båeries/jaepien voeres-jeg er 17 år)"
"jaevrie-bealese"		"til sjøen"
"jaksoes"		"tilgjengelig"
"jalhts, jalts"		"for, fordi, om, om så er, selv om"
"jallatjommes"		"høyeste"
"jealamadtje,båemties, ræjhkoes"		"rik, velstående"
"jehevve"		"ja selvfølgelig"
"jemmede"		"du store verden!"	"(bielien)!"	"(åå jemmede, dihte jis dan onne-å du verden så liten den er)"
"jiehtedh maam veanhta/guktie vuajna"		"stilling til noe ta"
"jielije"		"levende"
"jiermege"		"forstandig, klok"
"gåårkehke"		"klok, forstandig, intelligent"
"væjsehke"		"klok, forstandig, intelligent"
"jiermehts"		"uforstandig, tankeløs"
"jietjeraarehke"		"egenrådig"
"jiene"		"mye"
"jijnje"		"mye", "mange"	"(mange, til og med samer-jijnjesh, saemieh dovne)"
"jijnjesh"		"mange"	"(mange, til og med samer-jijnjesh, saemieh dovne)"
"jijnjebh"		"mer enn"	"(mer enn ti-jijnjebh luhkeste)"	"(guktie bist sjædta gosse jijnjebh luhkeste?)"
"jijnjem"		"mangt"	"(det er mangt å se og høre-jijnem vuejnedh jih govledh)"
"jijnjh gyjhteles"		"takk mange"
"jijtjehke"		"selveste"
"jijtjereereme"		"selvstyre, suverenitet"
"jijtjese"		"egen/egne sin/sine"	"(aerebi lea jijtse boelvem laarhkenamme)"	"(aerebi lea jijtsh soermh ryøkneme)"
"jijtsasse"		"selv til seg"
"jillene"		"vest"	"(retning) i"
"jirrede-aereden"		"morgen tidlig i"
"jirreden"		"i morgen"
"jis"		"hvis,  i sin tur, dersom"
"jissehts, jissiehtåbpoeh"		"tynn"	"(om flate ting)"
"joekeht"		"variert"
"joekehth"		"ulik, variert, differensiert, forskjellig"
"joekehth aamtesh"		"ulike tema"
"joekehth bielieh"		"ulike sider"
"joekehth gieletsiehkieh"		"ulike språksituasjoner"
"joekehth-laakan"		"variert, på forskjellig måte, for ulike formål"
"joekehts"		"forskjellig/e"	"(forskjellige slags mennesker- joekehts almetjh)"
"joekehts tsiehkieh"		"ulike situasjoner"
"joekehtse"		"forskjell, skilnad"
"joekoen"		"særdeles, særlig"	"(særlig lodden-joekoen bååvteres)"	"(på spesiell måte være bevisst på å- joekoen laakan voerehkes årrodh)"	"( spesielt bevisst-joekoen voerehkes)"
"joekoen-laakan"		"særlig, spesiell [eg:på en spesiell måte]"
"joekoenlaakan"		"spesiell [eg:på en spesiell måte], særlig"
"joknge-prienne"		"bränna med lite skog, där lingon växer"
"jortese"		"sammenligning, lignelse"
"juevsie-ruhtjehke"		"brungrårød"
"jællan"		"knapt, såvidt, bare så vidt"
"jåalhkoes"		"rask, snar, kjapp til beins,  som beveger seg raskt"	"(jåalkhoes råantjoe-snar kjørerein)"
"jååktan"		"går i"
"jåårke"		"vis-a-vis, rett ovenfor, rett i mot"	"(jåårke daam gåetiem-rett imot/ovenfor dette huset)"
"krænkoeh"		"sur, gretten, grinete"	"(dihte lij krænkoeh båeries alma gie gaajhkesidie lij måeresne)"
"kråavhkasjidh"		"ligge sammenkrøpet, ligge på en bestemt plass"
"laakne låedtje"		"blikkstille"
"laedtien"		"norsk/svensk på"
"latjkes"		"enig, isfri"	"(langs land)"
"leamoestidh"		"koke ut kraft, lunke på"	"(giebniem leamosth!-lunk på kjelen!)"
"ledtjieh"		"vel... de er"	"(men jeg er ikke sikker)"
"linkes"		"låghalt"
"lissine"		"tillegg til i-, attåt"	"(mohte disse lissine-men i tillegg til det)"
"loedte-raejkien"		"reinvegen etter-i snøen"
"luvlene"		"øst i-, østpå"
"løøsh, lååssas"		"liksom, på lissom"
"lååjkohks, lååjkohke"		"skyldig"	"(noe til noen)"
"lååssas"		"lissom på-, liksom"
"maajetje"		"omsider"
"maam"		"noe, et eller annet"	"(datne maam dåaroen bijre govleme?-har du hørt noe om krigen?)"
"maam joem"		"noe, et eller annet"
"maaskoeh"		"innviklet, vanskelig, floket"
"madtege"		"dårlig, passelig, passende, lite av, svært lite av"	"(madtege graesie-lite gress)"	"( madtege beapmoeh)"
"magkere"		"noe slags"	"(ikke) noe slags"	"(s)"	"- s."
"man dïehre"		"hvorfor"
"man gellieh"		"hvor mange (om ting)"
"man jarke"		"så mye"	"(ikke) så mye"
"man åvteste"		"hvorfor, begrunne, gi begrunnelse"
"marngedt"		"vrenge, snu, vende tilbake"
"mearan"		"(den) tid"	"til"	"(miereste mearan)"
"meatesth"		"midt etter, over det hele"
"mejtegh"		"ikke noen ting"	"(akk.flt)"
"mest´e"		"av hva det skal være"
"mest'em"		"hva det skal være"
"mestie joem"		"for et eller annet"
"miehtjies"		"øde, avsides, for seg selv"	"(om landskap/sted), lenger borte, mot veggen"	"(Aankarede lea miehtjies daejvesne-Ankarede er på en avsides plass)"
"mij"		"hvilken"	"(om tidspunkt stående uttrykk)"	"(hvilken måned er det nå?-mij askede daelie?)"	"(hvilken dag er det i dag?-mij biejjede danbien?)"	"(hvilken dag var det i går?- mij biejjede jååktan?)"
"mij astojde"		"tid til"	"(ij leah, daajrah, mij astojde onterdidh-du vet, det er ikke tid til å undres)"
"mij darhke daate? +?"		"hva er nå dette?"
"minngebe"		"følgende, den neste"	"(minngeben aereden-neste morgen)"
"minngelen"		"for…siden"	"(jeemi 20 jaepien minngelen-han døde for 20 år siden)"
"minngemes"		"sist til"
"minngie"		"bak"	"brukes ved sammensatte ord"	"(minngie-skaevhtie-bakstevnen i båt)"
"misse"		"til hva"		"hvor"	"oppi hva"
"modte"		"mot, i motsetning til"
"mohte"		"men"
"mojhteles-laakan"		"forsiktig, med omtanke"	"(dahph oksem mojhteles-laakan-lukk døren forsiktig/med omtanke)"
"monghke"		"fåmælt"
"mubpehkh"		"heller"	"(ikke) andre gangen"
"muhteste"		"tilknytning til i-,  i forhold til"	"(eks: guvviej muhteste-i forhold til bilder/ i tilknytning til bilder)"
"mujjels, mujjels, mujjies"		"blid, smilende"	"(mujjels plierie-smilende,blidt ansikt)"	"(mujjies plierie dan almetjen-han ser blid ut, den karen)"
"munnjien"		"til meg"
"murries"		"koselig, trivelig"
"muvhte"		"en og annen, noen"
"muvhth"		"noen"	"(noen om natta og noen om dagen-muvhth jijjen jih muvhth biejjien)"
"myjteladtje"		"mystisk"
"mænngan"		"siden"	"(50 jaepieh mænngan-50 år siden)"	"(daelie 50 jaepieh veartenedåaroen mænngan-nå er det 50 år siden verdenskrigen)"
"måbpan, nåbpan"		"til den andre"
"måedtien aejkien"		"ofte, mange ganger"
"månnja"	1102008	"svigerinne"
"mååhtedimme"		"avtale"
"naaken"		"en del"
"naarpehke"		"pågående, nærgående"	"(om mennesker og dyr)"
"naarpohke"		"nærgående, pågående"	"(om mennesker og dyr)"
"naemhtemes, dagkeres"		"slik som denne el. dette"
"nagke, nagkh"		"jo, altså, det er/var altså slik, altså"	"(slik jeg nå forstår), nok"
"namhtah"	"prep"	"uten, bare"
"namhtemasse"		"noe slikt"
"namtah-gieti, gåaroes-gieti"		"tomhendt"	"(med to tomme hender-gåaroes-gieti)"
"niejte"	"s+"	"kjæreste"
"nihtedh"		"forby"
"njalkedigks"		"glatt"
"njarhke, njarhkes"		"gjennomvåt"
"njarhtjan"		"gjennomvåt, kliss blaut"
"njeerpes"		"tynn"	"(om velling, hår, skog)"
"njæjhkodh"		"jamre, skrike"
"njåajjoeh, hujnie, hujnesne"		"mismodig"
"nov maaje"		"riktignok"
"nov sån"		"antakelig"
"nubpelen, mubpelen"		"for det andre"
"nulliehtidh"		"narre, lure"
"numhtegh"		"måten på denne-, sånn her"	"uten videre, på den måten, slik" "(baajh numhtegh!-la det være sånn som det er!)""(jih numhtegh vaadtsajidh bovtsi gåajkoe)"	"(numhtegh frurkehen videre] frurkehte olkese.)"			
"tjiermieh"	"nyrer"	
"nænnoes-laakan tjilkeme"		"velbegrunnet"
"nåah!"	"interj"	"ja"
"nåbpan, måbpan"		"neste til "
"nåts, gukts"		"enn"	"(enn du?-nåts datne?/gukts datne?)"
"nåå,hov,m.fl."		"men"	"(nåå, idtji gujht båetieh-men han kom ikke)"	"(idtji hov båetieh-men han kom ikke)"
"oktegh, oktegims"		"alene, for seg selv, ensom"
"ov-sjiehteles"		"utilpass, upassende"
"ovleh"		"ett i-, stadig"
"peehkedh"		"pakke, sette av sted/av gårde"
"pleenteme taale"		"blandet tall"
"plivvies"		"unnselig, saktmodig, mild av sinn"
"plyjhkene"		"blyg, sjenert"
"praare"		"fort, bratt, brått"
"praaretji, praaretje"		"plutselig, brått"	"(ånnetji vååjnesti, praaretji dellie lij gaarvanamme)"
"pruvrese"		"brud"
"raajne"		"ren"
"raaran"		"resultat med det til"
"rabre"	"stors"	"reinflokk"
"raeffies"		"fredelig"
"riekte"		"direkte"
"rihpes"		"åpen"	"(åpen skole-rihpes skuvle)"
"rijtedh"		"stikke, putte"
"rikti"		"duganes, flink, bra, god"	"(rikti bienje-god hund)"	"(rikti bijle-bra bil)"	"(rikti kaarre-flink kar)"
"rovneges, rovnegs"		"merkelig, underlig,rar"
"rudtje vaarhka"		"vondt i ryggen"
"ruhtjehke"		"rødbrun"
"råanjodh"		"minke, falle"	"(om vann i elv el. sjø)"
"råhkeles"		"lydbær"	"sterkest, klarest"	"(om stemme, lyd)-råhkemes)"
"råhkemes, råhkalommes"		"klarest, sterkest"	"(om stemme, lyd)"
"råvnasjidh"		"undre seg, finne merkelig, finne underlig, bli forundret"	"(råvnesji juhkoe-han undret seg over at)"
"saaht gosse"		"hvor som helst"	"(retning), samme hvor hen"
"saaht sæjjan"		"(sted)"	"hvor som helst"	"(biejh dam saaht sæjjan-legg den hvor som helst)"
"saahth + essiv"		"hvilken som helst som"	"(vaadtsa saaht almetjinie-han går som et hvilket som helst menneske)"
"saahth mij"		"hva som helst"
"saarnoes"		"hva i all verden"	"(saarnoes mejnie datne jis giehtelh?-hva i all verden holder du på med?)"
"saarvehkelaakan"		"utholdende måte på en"
"saavrehke"		"utholdende"	"(å være utholdende-saavrehke årrodh)"	"(saavrehke nuekies sjidtedh-bli  tilstrekkelig utholdende/veltrent)"
"saehtedh" "v"		"frakte"
"seamma gellieh + elativ"		"like mange som"	"(seamma gellieh dov soermiste-like mange som fingrene dine)"
"seamma man"		"uansett hvilken"	"(seamma man driektesne båata-uansett i hvilken fart han kommer)"
"seerehtidh"		"avlede"	"(fra å gråte), berolige"
"setnies"		"faktisk"
"siegkies"		"mager, tynn"
"siejhme"		"alminnelig, uformell, privat, vanlig"	"(siejhme almetjh-vanlige mennesker)"
"siejhme-laakan"		"allment, objektivt"
"siejhmede, siejhmetji"		"ordinær måte på-, på vanlig vis, uforstyrret"	"(om reins eller vilts oppførsel)"
"sijnelares"		"halvdød"
"sinsitnie"		"hverandre, seg i mellom"
"sinsitnien"		"hverandres"
"sinsitnien baalte"		"siden av hverandre ved"	"(dejtie guelide tjaebpies laakan sinsitnien baalte biejeme)"
"sjiehteles"		"høvelig, passende"
"sjiere"		"særslilt"	"(sjiere nuepie-særskilt tilbud)"	"(sjiere paehpierasse-på eget/særskilt papir)"
"sjisnjele"		"det indre"	"(i mitt indre/inne i meg-mov sjisjnielisnie)"
"sjuevnjede"		"skumt"
"skaavhtege"		"kantet"	"(govhteskaavhtege-sekskantet)"
"skaglan"		"bulet"
"skikkelig effektiv"		"satnan radtjoes"	"(t)"
"skreejres"		"stimulerende"
"slijredh"		"kaste"
"slovves"		"farkåt, slu, listig"	"(slovvestalligan-de to for med fark og fanteri)"	"("	"slovvestalledh-drive med fark og fanteri)"
"smalhtjan"		"ute av drift, i ustand, i dårlig forfatning"
"snaabredh"		"spise litt"	"(om dyr), nappe litt"
"snaavle"		"lyst på noe bestemt mat en som har"	"(Jåvva, dihte støøremes laejpiesnaavle)"
"sneehpes laakan"		"fort, raskt"
"sneehpes, snååhpehke"		"hurtig, rask, snar"
"soejmetji, soejmetje"		"langsomt"	"(ganske) sakte, forsiktig"	"soejmehtji aalkam løøvedh dam onne gualetjem"
"soeven"		"skitten"
"sontere"		"mot, borti"	"(komme) borti"	"- post.pos."
"spaajhte"		"fort"	"(spaajhte tjoejkedh-renne fort)"
"speehkestidh"		"klaske, slå til, klaske til med flat hånd, piske"
"speetele-skiemtje"		"spedalsk"
"spuallan, spåallan"		"bleket, falmet"
"stoerre"		"stor"
"stravvedigks"		"mistenksom"
"suelede, suelien"		"smug i"
"suvmieh"		"sannsynligvis, trolig, antakelig"	"(suvmieh Tydalesne-antakelig i Tydalen)"
"sveehkes"		"indirekte"
"søøjmes, sååjmehke"		"langsom, sein, treg"	"(søøjmes vaedtsedh-sein å gå)"
"søøkes"		"tykk, tyktflytende"	"(mat)"	"(søøkes-mielhkie-tykkmelk)"
"såamesh"		"noen, somme"
"sådtoeladtje"		"syndig"
"såemies"		"noen, en eller annen"	"(såemies hæhtjoe-en eller annen hytte)"	"(såemies iehkeden- noen kvelder)"
"såemies aejkien"		"gang en eller annen-,  somme ganger"
"sållij"		"var vel han/hun/den/det"	"(var antakelig)"
"såvnjedh"		"banke støv el. snø av klærne"
"tjaalege-ååhpetje"		"skriftlærd"
"tjamke"		"hardt, i høy grad, sterkt"	"(tjamhki lohkem-jeg leser hardt, sterkt"	"(høyt))"
"tjamki"		"sterkt, hardt, i høy grad"	"(tjamhki lohkem-jeg leser hardt,sterk"	"(høyt))"
"tjarres"		"frisk"	"(om folk og rein)"
"tjetskehke"		"nyskjerrig"
"tjidtjebe"		"mor hans/hennes"
"tjielke guektiengielevoete"		"funksjonell tospråklighet"
"tjielke, tjielks"		"ekte, åpenbart, klart"
"tjietjelen"		"for seg selv"	"(om reinflokk som er utafor hovedflokken, eller om hovedflokk som er for seg sjøl)"
"tjievlesvoete, tjievliesvoete"		"overmot, stolthet, hovmot"
"tjijhtje"	"tallord"	"sju"
"tjimkes-laakan"		"hardt, av alle krefter, energisk"
"tjimkes-ligke"		"ordentlig"
"tjoejenasse"		"uttale"
"tjohkehts"		"mager, avmagret"
"tjuvliestihks"		"kysselysten"
"tjøølle"		"lyseblå"
"tryjjes"		"trivelig"
"tsielhkedh"		"tie stille få hund til å"
"tsåhha"		"(skjellsord om), fillebikkje"	"hund"	"(sijhtem daejstie tsåhhijste voetjelidh-jeg vil skyte noen av disse hundene)"
"uhtjienadtje, ohtje"		"litt"	"(uhtjienadtjem gujht gåahtijste aaj-og så littegrann godteri)"
"urresth"		"nytt på"
"utnedt"		"ha, anse, synes, mene"	"(manne jis utnieminie, datne dan stoerre, veaksehke..-og jeg som synes at du er så stor og sterk...)"	"(manne åtnam dihte dan stoerre...-jeg anser"	"(synes)at den er så stor...)"
"uvte"		"foran, framfor"
"v.g"		"f.eks"	"(vuesiehtimmie gaavhtan/vuesehten gavhtan)"
"vaalje"		"(i skog)"	"glissen, tynn"	"(om skog), glenne, åpning"
"vaalla"		"heller"	"(vaalla nåekebe-heller verre)"
"vaallah"		"heller ikke"	"(vaallah mov gænnah-jeg har heller ikke)"
"vaanhtsehth"		"uten votter"
"vaarege"		"farlig"
"vaen’vaeniem"		"altfor lite så-, så lite"
"valla"		"ikke så, men heller, men derimot"	"(vaalla mijjiem bahheste vaarjelh-men fri oss"	"(derimot) fra det onde)"
"veanadistedh"		"innynde seg"
"veljije"		"overflod, rikelig"
"vellien"		"stakkarslig"	"(reajnoemaennie ussjede dihte vellien maana sån amma gåalole)"
"viehkine"		"hjelp til"
"vieken"		"hjelp av ved-, gjennom"	"(klaahkaj vieken-ved hjelp av staver)"
"viellebe, vieljebe"		"broren hans/hennes"
"vielletjh"		"brødre"	"(innbyrdes)"	"- s."
"vienhth"	"v"	"du skal se"
"vierrebe mubpeste"		"(den) andre"	"verre enn det"	"(jih dle ånnetji, dellie aalka dihte akte skuehtie baahtsedh vierrebe mubpeste)"
"vietseles"		"likt godt-, vennlig"	"(-sinnet), trivelig, liketil og grei"
"vihties"		"viss, bestemt"
"vijhte"		"fem"	-5	"-tallord"
"vissjeles-laakan, eadtjohke-laakan, tjarke, tjarki"		"intensiv"	"(t)"
"voerehkes"		"bevisst, oppmerksom"
"voeres"		"gammel"	"(man voeres datne?-hvor gammel er du?)"
"voerkes"		"bevisst"
"voernge"		"midt i/på"	"(jaevrien voernge- midt ute på vannet, midten av vannet, på det dypeste)"
"voestemes"		"første"
"voestes"		"først, første"
"voestes gietjeste"		"til å begynne med, fra begynnelsen av"
"voestes iereste"		"for det første, fra førstningen, først og fremst"
"voevnehke"		"stygg, forferdelig"
"vuajnoe, miele"		"synspunkt, syn, påstand, inntrykk, mening, oppfatning"	"(etter mitt syn-mov vuajnoen mietie)"
"vuaptan"		"oppmerksom"	"(die Laasse aaj vuaptan sjædta, jih dle vuatja vihth)"
"vuesiehtimmien gaavhtan"		"for eksempel"
"vyj"		"kanskje, eller"	"(i relasjon mellom to)"
"vuj"		"kanskje, eller"	"(i relasjon mellom to)"
"vij"		"kanskje, eller"	"(i relasjon mellom to)"
"væjrehke"		"vidstrakt, vidt omkring"
"vyjrehke"		"vidstrakt, vidt omkring"
"vyørtegs"		"verdig, ærbar"
"væssjohts"		"kjedelig"
"øvtebe"		"forrige, forleden"	"(forleden år/forrige år-øvteben jaepien)"
"øvteben jaepien"		"forrige år, forleden år"
"øøjtede"		"villspor på"
"åahpere trøøjjim?"		"trivdes ikke jeg"
"åajvoe"		"bra, prektig"
"åajva"		"bra, prektig"
"åajvoeh"		"fremragende, særlig god, utmerket, ypperlig"	"(-åajvebe-åajvemes)"
"åajvah"		"ypperlig, fremragende, særlig god, utmerket"	"(-åajvebe-åajvemes)"
"åarjene"		"sør i"
"åebpeme"		"søster du min"	"(tiltale)"
"åebrelen"		"til overs, utenom"
"åedtjine"		"unnfanget"
"åehpies tjaelijh"		"kjente forfattere"
"åelesne"		"opptatt i vår sijte, sammen med, i følge med, i omsorg hos, være i vårt lag"
"åktsede"	"ordenstall"	"niende"
"ållesth, allesth"	"a"	"fullstendig"
"ånnetji dle"		"smått om senn, om litt, litt etter litt"
"åvte"		"fram"
"åvtelen"		"foran, framom"	"før"	"(dan åvtelen-for...siden)" "forveien i"	"(ham/henne i forveien"	""	"altese åvtelen)"	"(mov åvtelen vøølki-han gikk i forveien for meg)"
"åvtetje"		"tidligere"	"(åvtetje biejjieh-tidligere dager)"
"åå, manne jis!"		"enn jeg da!"
"åårmege"		"barmhjertig, nådig"
