"aahpeldidh"	"v"	"gjøne, gjøre narr av, spotte, harselere, håne"
"aajkelidh"	"v"	"lunke på, varme litt"
"aalhtedidh"	"v"	"berede flere skinn holde på å-"
"aanoehtidh"	"v"	"be innstendig, bønnfalle om"	"(nåde)"
"aanoestidh"	"v"	"be, tigge litt"
"aarmoehtidh"	"v"	"vise barmhjertighet, synes inderlig synd på, ha medlidenhet med"
"aassjoestidh"	"v"	"forakte, håne, forråde"
"aavoedidh"	"v"	"glede seg, være glad, bli glad"
"aejliestidh"	"v"	"hellig gjøre-, holde hellig"
"aejviestidh"	"v"	"rope, kalle på"
"aerviedidh"	"v"	"anta, forstå, ane, anslå"	"aerviedim hov"	"(jeg skjønte det nok/det ante meg nok"
"aeskielidh"	"v"	"jage bort"	"(uten selv å følge med)"
"ajpestidh"	"v"	"avlive rein med nakkestikk, stikke"	"(rein) i nakken"
"arhkanidh"	"v"	"(å bli -), komme til skade"	"skadet"	"(dihte alma idtji guktie gannh arhkenh)"
"armaridh"	"v"	"forbarme seg"
"asvedidh"	"v"	"bli redd"
"baajhtestidh"	"v"	"(rein) fra et sted til et annet, drive vekk"
"baakoehtidh"	"v"	"stave"
"baataridh"	"v"	"forflytte seg, fjerne seg, flykte"
"baaveldidh"	"v"	"plapre, skvaldre"
"slaamperdidh"	"v"	"plapre, skvaldre"
"badtehtidh"	"v"	"senke, fire ned"
"badtjadidh"	"v"	"smøre"	"(treavkide badtjadidh-smøre skiene)"	"(gaamegh badtjadidh)"
"bajjehtidh"	"v"	"påstå hårdnakket, presisere, fastslå"
"bajjesidh"	"v"	"påståelig være-, envis"
"baskedidh"	"v"	"stikke seg, stikke hverandre, stanges"
"batnanidh"	"v"	"drukne"
"beahkalidh"	"v"	"forsvinne"	"(plutselig)"
"beelhkestidh"	"v"	"kaste ut, hive ut"
"bejhkiehtidh"	"v"	"skittprate"
"bejhkiedidh"	"v"	"skittprate"
"bïegkelidh"	"v"	"beskjed gi-, la få høre"
"bïeljelidh"	"v"	"meddele, varsle"
"bïepmehtidh"	"v"	"(f.eks. hund)"	"mate"	"(med skje), fore, ha i kosten"
"biestielidh"	"v"	"miste plutselig-"
"bïevestidh"	"v"	"svette"
"bïhkedidh"	"v"	"lære bort, undervise, forklare,  veilede, rettlede"
"bihtedidh"	"v"	"bryte, ødelegge, skade"
"bïhtsegidh, bïhtjegidh"	"v"	"(om løv)"	"spire"	"(om gress), springe ut"
"boejhkestidh"	"v"	"undervise, forklare"
"boejhkelidh"	"v"	"forklare, undervise"
"boejhkesjidh"	"v"	"tilstå, bekjenne"
"bollerdidh"	"v"	"skumpe, humpe"
"buektiehtidh"	"v"	"kunne, greie, få seg til"	"(å gjøre noe); få til"
"bueriesjugniehtidh"	"v"	"velsigne"
"bueriedidh"	"v"	"forbedre"
"buerkiestidh"	"v"	"beskrive, skildre"
"byjhkesjidh"	"v"	"bekjenne"
"byjjenidh"	"v"	"vokse opp"
"bæjhkaridh"	"v"	"mislykkes helt, gå nedenom og hjem, gå til helvete"	"(dihte eevre bæjhkaramme-alt har mislykkes for ham)"	"(bovtsigujmie bæjhkari-det gikk nedenom og hjem med reindrifta hans)"	"(bovrine sån bæjhkere-det går nok ad undas med butikkdriften hans)"
"bæjhkoehtidh"	"v"	"bekjenne, tilstå, erklære, meddele, si åpent fra, offentliggjøre, si fra, varsku"
"bæjjoehtidh"	"v"	"offentliggjøre, bekjentgjøre,tilkjennegi"
"bøørestidh"	"v"	"by, innby, be som snarest, uten videre"
"båetiejidh"	"v"	"(maanah gåetesne båetiejin årrodh-barna måtte være hjemme"	"måtte"
"bårranidh"	"v"	"spre seg"	"(om rein)"
"båvsegidh"	"v"	"svelle opp, heve seg"	"(laejpie båvsege-brødet hever seg)"
"bååhperidh"	"v"	"undre seg, gi uttrykk for overraskelse, bli forbauset, forundre seg"
"båånhtseridh"	"v"	"urolig være-"	"(om kjørerein)"
"bååveldidh"	"v"	"bale på, streve"
"daajedidh"	"v"	"fatte, begripe"	"(ij goh dïhte daajedh gåabpah edtja vaedtsedh-han fatter ikke hvorhen han skal gå)"
"daajesjidh"	"v"	"stryke, klappe"	"sløse bort, sette over styr, søle til"
"daajhtahtidh"	"v"	"tilberede"	"(mat) i en hast"
"daajhtoehtidh"	"v"	"tilberede"	"(mat) i en hast"
"daajhvesjidh"	"v"	"mål og mening gjøre noe uten-"
"daanjehtidh"	"v"	"massere, gnugge"
"daapadidh"	"v"	"fatte, begripe"
"daaresjidh"	"v"	"mishandle, slite og kna, ta fatt i noen"
"daejriehtidh"	"v"	"antyde, få fram, la forstå"
"daltestidh"	"v"	"(ta et-) / trinn"	"steg"	"(alma dalteste akten sirven rudtjen nille jih nimhtie daltehte ? dej sirvi rudtji mietie dan dållen gåajkoe)"
"damtehtidh"	"v"	"kjenne på, kjenne etter"
"damtijidh"	"v"	"gjenkjenne"
"darhkelidh"	"v"	"spørre, forhøre seg"
"darhkestidh"	"v"	"forhøre, spørre ut"
"davvoehtidh"	"v"	"reparasjon iverksette-"
"deahpadidh"	"v"	"skje, hende"
"deahpanidh"	"v"	"hende, skje"
"dealasidh, dealaskidh"	"v"	"vemmes, synes"	"(noe) er liderlig/motbydelig, miste matlysten, bli kvalm"
"debriehtidh"	"v"	"tråkle, feste, feste sammen"	"(noe), neste sammen"
"deehkehtidh"	"v"	"stryke, klappe"
"deehkedidh"	"v"	"klappe, stryke"
"deerehtidh"	"v"	"bedra"
"delhkiehtidh"	"v"	"komme plutselig, vise seg"	"(om ulv), dukke opp"
"dibrehtidh"	"v"	"feste, sette fast en ting på noe"
"didtesjidh"	"v"	"rense"	"(skråvvah=kjeppel)"
"diejveldidh"	"v"	"argumentere"
"dïelkestidh"	"v"	"presse, klemme, trykke"
"dïerhkesjidh"	"v"	"diskutere, spørre ut"
"dierhkestidh"	"v"	"diskutere, spørre ut, utspørre"
"diervesjidh"	"v"	"treffe, møte"
"digkiedidh"	"v"	"drøfte, vurdere, diskutere"
"dïjmedh"	"v4"	"(f. eks. om kjøtt)"	"mør bli-, bli myk, koke mørt, bli gjennomkokt, koke for meget"	"(la koke så det blir mørt; la koke for hardt)"
"dïjmedidh"	"v"	"(f. eks. om kjøtt)"	"mør bli-, bli myk, koke mørt, bli gjennomkokt, koke for meget"	"(la koke så det blir mørt; la koke for hardt)"
"dïjredidh"	"v"	"budskap gå med-"
"dijveldidh"	"v"	"diskutere, krangle"
"doehtedh"	"v4"	"røre, ta borti, røre ved, fingre med"
"doehtedidh"	"v"	"røre, ta borti, røre ved, fingre med"
"doelehtidh"	"v"	"fraråde, holde tilbake"
"doerelidh"	"v"	"gripe tak i, ta fatt i og holde, ta i en hast"	"(dihte baernie maaje edtja doerelidh)"
"dongkedh"	"v5"	"bestille, tinge"
"dyngkedh"	"v5"	"bestille, tinge"
"dongkehtidh"	"v"	"bestille, tinge"
"dorjedidh"	"v"	"gjøre seg til, mime"
"dormenidh"	"v"	"dårlig bli -"	"(om vær)"
"dåajvoehtidh"	"v"	"(noen noe/å gjøre noe)"	"love"	"(munnjien beetnegh dåajvohti  han lovte meg penger; dåajvoehtin edtjieh båetedh  de lovte å komme)"
"dåarjelidh"	"v"	"støtte gi-, komme raskt til unnsetning"
"dåarjelidh"	"v"	"unnsetning komme raskt til-, gi støtte"	"(dïhte hov mannem dagkoe dåarjeli-han støttet meg da i det"	"(f.eks. i debatt))"
"dåastoehtidh"	"v"	"ta i mot"	"(f. eks gjest), ønske velkommen, stenge imot rein"
"dåemiedidh"	"v"	"oppføre seg, bære seg ad"	"(vuartesjh dellie guktie edtjibie dåemiedidh)"
"dåerkiestidh, skielpiestidh, svilkestidh"	"v"	"skjelve"
"dåssjanidh"	"v"	"forsvinne, bli til intet"
"dååpedidh"	"v"	"greie seg, finne en utvei"
"dåårejidh"	"v"	"angripe, begynne å sloss med"
"dåårejidh"	"v"	"sloss"	"(begynne å - med), angripe"
"dååsveridh"	"v"	"bære seg ad, oppføre seg, bruke, pleie"	"(å gjøre noe), være udannet, klossert, oppføre seg dårlig"
"earjoehtidh"	"v"	"ødelegge, herje med"	"(om barn)"
"earnadidh"	"v"	"hensikt ha til-"
"earoehtidh"	"v"	"beære, hylle, ære, gi ære til noen"
"eavadidh"	"v"	"bry seg om, gidde"	"(å gjøre noe)"
"eavedidh"	"v"	"gidde, akte på, bry seg om"
"sjiehtesjidh"	"v"	"tilrettelegge"
"eevtjedh"	"v"	"tilrettelegge"
"ektiedidh"	"v"	"addere, forene"
"evtiedidh"	"v"	"utvikle"
"faaradidh"	"v"	"omkomme, forulykke"
"faarhmestidh"	"v"	"omfavne"
"faelhkiedidh"	"v"	"forlove seg"
"faepieldidh"	"v"	"underholdende være-, forekommende"
"fassehtidh"	"v"	"ta seg av, sørge for noen, forsyne noen"
"fasseldidh"	"v"	"forsyne noen med noe, sørge for at andre får tak i det de trenger,  sysselsette"
"fassehtidh"	"v"	"sysselsette, forsyne noen med noe, sørge for at andre får tak i det de trenger"
"fearadidh"	"v"	"bære seg ad, fare åt"
"feejjedidh"	"v"	"glede seg, være glad"
"fïjnehtidh"	"v"	"oppholde, hefte"	"(noen)"
"filhterdidh"	"v"	"tukle, fingre"
"fissjerdidh"	"v"	"smigre seg sjøl ovenfor noen"
"frurhkiehtidh"	"v"	"fly opp så det høres"	"(jerpe)"
"fuakajidh"	"v"	"fornøyd bli-"
"fåarhtahtidh"	"v"	"lede simler"	"(som har kalvet) sakte etter flokken"
"gaahkasjidh"	"v"	"stirre, nistirre"
"gaaredidh"	"v"	"knytte, surre fast flere ting"
"gaatedidh"	"v"	"ønske, ville ha"
"gaatoelidh"	"v"	"utebli, plutselig bli borte, komme bort"
"gaavestidh"	"v"	"gjespe"
"gaavnedidh"	"v"	"stevnemøte"	"(ha -), treffes"
"gaavnehtidh"	"v"	"finne på, tenke ut, pønse ut"
"hahtadidh"	"v"	"pønse ut, finne på, tenke ut"
"gaavnesjidh"	"v"	"treffes, møtes"	"(med noen), treffes igjen"
"gaerviehtidh"	"v"	"miste, la komme bort"	"(feks. rein)"
"gagkestidh"	"v"	"tjene, hjelpe"
"gahkedh"	"v3"	"stamme"
"gahkestidh"	"v"	"stamme"
"gahtjedidh"	"v"	"miste ting ut av hendene"	"(faller ned)"
"gajhkanidh"	"v"	"revne, rives i stykker"	"(klær, merket reinøre osv.)"
"gaptjedidh"	"v"	"dekke til, dekke"	"(flere ting), re seng, bre over"
"gaptjelgidh"	"v"	"stenges, bli dekket, bli bredd over"
"gaptjestidh"	"v"	"stenge el. bre over el. lukke som snarest"
"garmaridh"	"v"	"ros"	"(bli oppløftet av -), få selvfølelse av ros, sole seg i glansen"
"garmaridh"	"v"	"sole seg i glansen, få selvfølelse av ros, bli oppløftet av ros"
"garmerdidh"	"v"	"rose, skryte"
"garvehtjidh"	"v"	"ta omveier"
"garvenidh"	"v"	"fryse, forfryse"
"geagkaridh"	"v"	"miste fatningen, bli ute av seg"
"geakasjidh"	"v"	"tvile, være tvilrådig, akte, ha til hensikt, ha til mening"	"(ij Meerje dam geaksejh)"	"(manne maaje geakasjamme-"	"(enda)det var min mening)"
"geatskanidh"	"v"	"nærme seg, komme nærmere"
"geehtestidh"	"v"	"sørge for, ta vare på, ivareta"	"(dihte gujht geehtesti jitjse bueriem-han sørget for seg sjøl/ivaretok sine egne interesser)"
"geerelidh"	"v"	"fange, ta til fange"
"geervehtidh"	"v"	"ferdig gjøre-"
"gevsiedidh"	"v"	"klandre, være sint og komme med uhøflige bemerkninger"
"gevtjiehtidh"	"v"	"kneise med nakken"	"(plutselig)"
"gïebredidh"	"v"	"vikle seg inn, vikle seg fast"	"(bovtse eelki soehpenjasse gïebredidh-reinen begynte å vikle seg inn i tømmen)"	"(juktie aaltoe maahta bïjre såekiem vaedtsedh jih ij gïebredh-slik at simla kan gå rundt bjørka og ikke vikle seg fast)"
"giehtelidh"	"v"	"holde på med noe, være beskjeftiget med noe, foreta seg noe"
"giehtjedidh"	"v"	"vurdere, studere, kontrollere, undersøke, teste, sjekke"
"gïehtjeladtedh"	"v4"	"forarge"
"gæjmoedidh"	"v"	"forarge"
"giehtjelidh"	"v"	"friste, lede i fristelse"
"gïehtjelidh"	"v"	"betrakte"
"gielkerdidh"	"v"	"lyve, anklage, klage på"
"gielkerdidh"	"v"	"anklage, klage på, lyve,"
"giengsjehtidh"	"v"	"gløtte"	"(sette døra på gløtt)"
"gietedalledh"	"v"	"håndtere"
"gïetedidh"	"v"	"håndtere, ta rede på, ivareta"
"gievledidh"	"v"	"forme en runding"
"gijhtedh, gudsiestidh, aeltiestidh"	"v"	"takke"
"gudsiestidh"	"v"	"takke"
"aeltiestidh"	"v"	"takke"
"gijvieldidh"	"v"	"grassere, være ustyrlig"	"(om barn)"
"gïkngestidh"	"v"	"blunke, sende et blikk"
"gikngieldidh"	"v"	"fylles med tårer"
"gïmpeldidh"	"v"	"gjøre fantestreker"
"gïrredidh"	"v"	"stritte imot, krangle"
"girrelidh"	"v"	"stikke av fra hjorden, fare av sted (om rein)"	"absolutt ville være med (om barn)"
"goedtehtjidh"	"v"	"kalve"	"(dellie aaltoeh aelkieh goedtehtjidh-nå begynner simlene så smått å kalve"	"(en etter en))"
"goegkedidh"	"v"	"vemmelig være-"
"goejhkesjidh"	"v"	"huje, rope"
"goeksegidh"	"v"	"flamme, lyse"	"(om nordlys)"
"goeljestidh"	"v"	"stange til"	"(med hornene)"
"goerkelidh"	"v"	"forklare"	"(person), få til å forstå"
"goerkesadtedh"	"v4"	"forståelse komme til-, forstå hverandre"
"goerkesidh"	"v"	"forståelse komme til-, forstå hverandre"
"goesmeridh"	"v"	"kaste opp, spy"
"voeksedidh"	"v"	"spy, kaste opp"
"goetsedidh"	"v"	"springe, løpe"
"goetsedh"	"v"	"springe, løpe"
"goetsehtidh"	"v"	"kjøre fort, jage på, få til å springe, la springe, springe etter"
"goetselidh"	"v"	"stikke av"
"goevlelidh"	"v"	"besøke, titte innom som snarest, kaste et blikk på, titte som snarest"
"goevlestidh"	"v"	"avlegge et kort besøk, titte innom"
"golhpesjidh"	"v"	"binde fast en klubbe om halsen på en hund"
"gorhkesjidh"	"v"	"kirka"	"(gå i -)"
"gorredidh"	"v"	"ta vare på, berge, frelse"	"(saemien gielem gorredidh-ta vare på det samiske språket)"
"govlehtidh"	"v"	"(til å gjøre noe), forhøre seg"	"høre etter, forespørre"	"(om en tjenste), tinge"
"guajhtsadidh"	"v"	"merke, oppdage"
"guarkadidh"	"v"	"forstå hverandre"
"guassjalidh"	"v"	"innfall få et-, en idé, komme sent hjem om kvelden"
"gudtsiestidh"	"v"	"takke"	"(særlig for mat og drikke)"
"guepmierdidh"	"v"	"galoppere"	"(om rein,ulv)"
"guerkiehtidh"	"v"	"forstå straks, komme til innsikt"
"gusniedidh"	"v"	"bedervet lukte-, surt"
"gutnedidh"	"v"	"betrakte nøye, holde på å speide på"
"guvsiedidh"	"v"	"baktale"
"gyrkesjidh"	"v"	"kirke gå til-"
"gyvvenidh"	"v"	"nærgående bli-, påtrengende"
"gåajhkahtidh"	"v"	"dryppe la-"
"gåajhkoehtidh"	"v"	"dryppe la-"
"gåajhtsadidh"	"v"	"observere, finne ut"
"guajhtsadidh"	"v"	"oppdage, merke, bli klar over"
"gåajhtsedidh"	"v"	"oppfatte, bli var, merke"
"gåajhtsaridh"	"v"	"var bli-, merke, oppfatte"
"gåaloelidh"	"v"	"(i hjæl)"	"fryse"	"(manne tjoeverem dållem biejedh guktie im gåalolh-jeg må sette bål slik at jeg ikke skal fryse i hjæl=ollem gåalolh)"
"gåarhmasjidh"	"v"	"galt synes at noe er-, /bakvendt"
"gåassoehtidh"	"v"	"beverte"
"gåhkasjidh"	"v"	"lenge borte/lenge å vente på synes at noen blir-"
"gårkasidh"	"v"	"(svært)"	"renne av, dryppe"	"(tjaetsie-lihteste garkese)"	"(maelie garkese)"	"(manne viht viermiem soejmehtji tjaetseste lutnjem,baajem ånnetji gårkasjidh)"
"garkasidh"	"v"	"(svært), renne av"	"dryppe"	"(tjaetsie-lihteste garkese)"	"(maelie garkese)"	"( manne viht viermiem soejmehtji tjaetseste lutnjem,baajem ånnetji gårkasjidh)"
"gårredidh"	"v"	"knyte, binde"
"gåvlestidh"	"v"	"binde sammen ord, tilknytte"
"gåvnahtidh"	"v"	"avskjed med ta -, si farvel til"	"(person)"
"gåvnjerdidh"	"v"	"sjangle, gå ustøtt, ha lett for å snuble og falle"
"gååvnesidh"	"v"	"eksistere, finnes"
"haabjelidh"	"v"	"vifte vekk"
"haabjesjidh"	"v"	"vifte"
"haadtoehtidh"	"v"	"hevne seg"
"haajpanidh"	"v"	"forsvinne, havne et sted hen, havne"	"(gåhkese don deavese dihte saejhtie haajpeni)"
"haalanidh"	"v"	"fly opp, fly i vei"
"haavrestidh"	"v"	"glefse til"	"(bienje njietsegasse haavresti-hunden glefsa til i leggen)"
"haeniedidh"	"v"	"mase"
"haeniehtidh"	"v"	"håne"
"hammoedidh"	"v"	"utforme"
"hankedidh"	"v"	"gjø, gi fra seg små lyder før den tar til å -"	"(om hund, i mistenksomhet)"
"hanhkehtidh"	"v"	"gjø, gi fra seg små lyder før den tar til å -"	"(om hund, i mistenksomhet)"
"heevehtidh"	"v"	"lovprise, ære, lovsynge, feire, hylle"	"(gjøre ære på)"
"hertsiedidh"	"v"	"slurvete være-, uvøren"
"hojnegidh"	"v"	"skuffet bli-, bli sørgmodig"
"huvhnjedidh"	"v"	"huk sette seg på-"
"hæmmoehtidh"	"v"	"antyde"
"håsvoeridh"	"v"	"klare, holde ut, makte"
"iedtedh"	"v1"	"fornærme"
"eadtoedidh"	"v"	"fornærme"
"jaavoelidh"	"v"	"forsvinne"
"jaegniehtidh"	"v"	"vente på anledning"	"(til å gjøre et varp el. et pek mot noen)"
"jamhkelidh"	"v"	"tilintetgjøre"
"jammaridh"	"v"	"motet miste-, gi opp, ombestemme seg"
"jeammaridh"	"v"	"ombestemme seg, miste motet, gi opp"
"målsoehtidh"	"v"	"variere"
"jeatjahtehtedh"	"v"	"variere"
"værhtoedidh"	"v"	"variere"
"jebjiedidh"	"v"	"dumheter gjøre-"
"jeeredidh"	"v"	"hindre"	"(flere ganger)"
"jestiehtidh"	"v"	"melke en skvett"	"(varke soehpenjem ohtsedidh jih aaltoem jestiehtidh guktie prihtjegasse kreadta)"
"jievkehtidh"	"v"	"somle, arbeide langsomt"
"snjitjkehtidh"	"v"	"somle, arbeide langsomt"
"jogrestidh"	"v"	"streife omkring, oppholde seg"
"joksedidh"	"v"	"spenne på seg ski"
"joptsestidh"	"v"	"skrøne, juge"
"juktiestidh"	"v"	"drepe"
"buvvedh"	"v"	"drepe"
"vueliedidh"	"v"	"drepe"
"jamhkelidh"	"v"	"drepe"
"jurjiehtidh"	"v"	"kokkelere, tilberede"	"(mat), lage mat"
"jurjiehtidh"	"v"	"mat lage-, kokkelere, tilberede"	"(mat)"
"jurrieldidh"	"v"	"snu og vende"
"jååhkesjidh"	"v"	"bekrefte, ta standpunkt"
"klaadtenidh"	"v"	"blande seg"	"(om to eller fl.reinflokker)"
"kladtenidh"	"v"	"blande seg"	"(om to eller fl.reinflokker)"
"klienjiedidh"	"v"	"blende sterkt, blende"	"(om nyfallen snø)"
"kraakoejidh"	"v"	"kråkelyd lage-"	"(han gjorde kråkelyd-kraakoeji)"
"kriebpesjidh"	"v"	"stille krav"
"krijtjehtidh"	"v"	"knirke få noe til å-"
"krøøhkestidh"	"v"	"bry seg om, ta hensyn til, merke seg"
"laapedh"	"v4"	"tåkelegge, skoddelegge, legge seg utover"	"(om skodde/røyk)"
"laapestidh"	"v"	"skoddelegge, tåkelegge, legge seg utover"	"(om skodde/røyk)"
"laegkiestidh"	"v"	"hoppe, gjøre et hopp"
"laeviehtidh"	"v"	"bevilge"	"(penger/midler), overøse med gaver), sløse, være rundhåndet"
"lahkaskidh"	"v"	"hell/lykke/flaks ha-"	"(nåå lahkeski dievviedisti gujht guktie gahtji-men han hadde flaks og traff"	"(med skuddet) slik at den falt)"
"lahtestidh"	"v"	"bemerke, ordlegge seg, kalle"
"lamkedidh"	"v"	"gjemme seg"	"(legge seg ned/krype bakom en annen for å -)"
"lamkestidh"	"v"	"gjemme seg, dvs: lute seg ned i hast for ikke å bli sett"
"leamoestidh"	"v"	"lunke på, koke ut kraft"	"(giebniem leamosth-lunk på kjelen)"
"lienedidh"	"v"	"lunke, varme litt"
"liedtedh"	"v"	"varme litt, lunke"
"leehtedh"	"v4"	"(leahtah))"	"ornamentere"	"(forsyne barmklede med ornamenter"
"liehtesjidh"	"v"	"(leahtah))"	"ornamentere"	"(forsyne barmklede med ornamenter"
"lissiedidh"	"v"	"tilføye, legge til"
"lissiehtidh"	"v"	"fylle ut, utfylle"	"(lissehth baakoeh mah faatoes-fyll inn ordene som mangler)"
"loevenidh"	"v"	"(om mave), løsne, komme seg løs"	"skille seg"	"(om ektefolk), bli løs"	"(feks. om fisk fra kroken), komme seg av gårde"	"(til flytting)"
"lyjhkestidh"	"v"	"like, elske"
"løødtjehtidh"	"v"	"stille få til å bli-"	"(om vær og vind)"
"magkalidh"	"v"	"miste mål og mæle, tie"
"marngestidh"	"v"	"(eks. erme)"	"vrenge"	"(f. eks. tarm), brette opp"
"miedtielidh"	"v"	"krenke, gjøre urett"
"mietiehtidh"	"v"	"tilstå, medgi, samle etter i rolig takt i en viss retning"	"(reinhjorden bestemmer hastigheten)"
"mohtedidh"	"v"	"sammenligne"
"mojhtelidh"	"v"	"tenke ut, forsøke/prøve å huske på, komme på"
"mojjestidh"	"v"	"smile litt"
"molledidh"	"v"	"gå forbi hverandre/passere hverandre/omgås hverandre uforvarende"
"mubpestidh"	"v"	"enda en gang, på nytt, en gang til, gjøre-"	"(gjør det engang til!/gjør det på nytt!-mubpesth amma!)"
"nubpestidh"	"v"	"nytt på-, en gang til, enda en gang gjøre-"	"(gjør det engang til!/gjør det på nytt!/nytt forsøk!-mubpesth amma!)"
"mujhtiegåetedh"	"v1"	"komme på, begynne å huske, tenke ut, forsøke/prøve å huske"
"mojhtelidh"	"v"	"komme på, begynne å huske, tenke ut, forsøke/prøve å huske"
"mujhtestidh"	"v"	"huske så vidt"
"mujhtiestidh"	"v"	"huske så vidt"
"mådtsoestidh"	"v"	"vrenge"	"(f. eks. sko)"
"måjhtalidh"	"v"	"huske på, tenke på"
"naehkielidh"	"v"	"puffe til, skyve fra"
"narhtoelidh"	"v"	"advare, forby i en fart"
"naskoehtidh"	"v"	"erte, være uoppdragen, gjøre ugagn, plage, forstyrre"
"nealkoedidh"	"v"	"sulte ut, faste, få noen til å sulte"
"neelelidh"	"v"	"skjemme/gjøre ukvass straks"
"nierhkedh"	"v"	"gå løs på oppgaven, angripe"	"(munnjien nierhkeli-den angrep meg)"
"nierhkedidh"	"v"	"gå løs på oppgaven, angripe"	"(munnjien nierhkeli-den angrep meg)"
"nierhkelidh"	"v"	"gå løs på oppgaven, angripe"	"(munnjien nierhkeli-den angrep meg)"
"nihpelgidh"	"v"	"gjeldet/kastrert bli-"
"nihpesjidh"	"v"	"gjelde, kutte av, kastrere"	"nihpesjimmie sarva- kastrert grarein)"
"njaakedidh"	"v"	"smyge seg fram, ligge på lur"
"njabpestidh"	"v"	"glippe, gli, plutselig gli av"	"(feks. kaffekjele av stangen, lasso av hornet)"
"njemhkiehtidh"	"v"	"klebe seg til"
"njemkiehtidh"	"v"	"hengende ved bli-"
"njemkehtidh"	"v"	"hengende ved bli-"
"njimhkedidh"	"v"	"lime, lime inn"
"njoejjegåetedh"	"v1"	"bli trett, gi opp, miste motet"
"nåjjaridh"	"v"	"bli trett, gi opp, miste motet"
"njoetestidh"	"v"	"svøpe, breie/slenge over"
"njovhkedidh"	"v"	"herme fugl, plystre"	"(dle meehti vaedtsedh naan deavan nille njovhkedidh, guktie aaj naan riegksegem aelhkieslaakan jaksi)"
"njåajjaridh"	"v"	"motet- miste, bli neddtykt"
"njåatskelidh"	"v"	"forbrenne, brenne"
"njåejjegidh"	"v"	"fortvile, fortvilet"	"(han ble helt fortvilet-"	"øøvre njåejjegi)"
"nossedh"	"v4"	"surre, pusle, fordrive tiden"
"nosserdidh"	"v"	"surre, pusle, fordrive tiden"
"nydtehtidh"	"v"	"plage, forarge, gjøre «skade» for"	"(bønder, om rein el. om naboer osv.)"
"nænnoedidh"	"v"	"underbygge"
"nænnoestidh"	"v"	"vedta, trene, bestyrke, tilslutte"
"nåajjaridh"	"v"	"ulikt se det-, se svart på det, bli motløs"
"nåhkehdidh"	"v"	"gjøre slutt på, utrydde, bruke"	"(helt) opp, avslutte et forhold"
"nåhkehtidh"	"v"	"befinne seg, oppholde seg"	"(daelviem dle nåhkehti luvliegisnie-"	"(han)oppholdt seg vinteren østpå)"
"ohtsedh"	"v"	"søke, lete, lengte, savne"
"ohtsedidh"	"v"	"søke informasjon, savne, lengte etter, lete"
"orrijidh"	"v"	"slutte;slå seg ned på en plass"
"otnelidh"	"v"	"holde i, holde kursen"	"(retning), ta tak i, ta fatt i"
"paajsanidh"	"v"	"dra fra sted til sted, holde seg avsides/skjult, komme seg unna"
"paajsanidh"	"v"	"unna komme seg-, dra fra sted til sted, holde seg avsides/skjult"
"rabnjestidh"	"v"	"(dyr i skogen)"	"bre tilside, heve,"	"(f. eks. en teltduk), jage opp, skremme"
"rapkelidh"	"v"	"skremme"
"rieresjidh"	"v"	"holde, strekke til"
"rihpestidh"	"v"	"åpne"
"roehtestidh"	"v"	"sette i vei, skynde seg å springe, løpe av gårde"
"ryøjredidh"	"v"	"klargjøre, gjøre seg ferdig, reiseklar"
"roevenidh"	"v"	"kalven leter etter simla"
"råavedh"	"v"	"kalven leter etter simla"
"råvnasjidh"	"v"	"finne merkelig, finne underlig, bli forundret, undre seg"	"(råvnesji juhkoe-han undret seg over at)"
"råvnesjidh"	"v"	"finne underlig"
"råådtjesjidh"	"v"	"slikke urin"	"(omkring gammene om rein)"
"rååpsedidh"	"v"	"rødme, bli rød i ansiktet"
"rååresjidh"	"v"	"rådslå, diskutere"
"saejhtiedidh"	"v"	"spyd drepe med-, kjøre spydet i"
"sarkelidh"	"v"	"hviske, diskret måte gi beskjed på-"	"(jih dle båata bååstede munnjien sarkele edtja satne vaarredh bæjjese-og han kommer så tilbake og hvisker diskret at han skal gå oppover)"
"seahkaridh"	"v"	"bry seg om, ense, ta alvorlig, respektere"
"sealadidh"	"v"	"dø"	"(om menneske)"
"seatadidh"	"v"	"bry seg"
"selsiedidh"	"v"	"skumme, fråde"
"sigkestidh"	"v"	"angle, fiske"	"(gueliem sigkestidh-trekke fisk/angle)"
"sillestidh"	"v"	"skritte, ta et skritt"
"simmedidh"	"v"	"hviske"	"(stadig)"
"sommedidh"	"v"	"hviske"	"(stadig)"
"sjaepedh"	"v1"	"vifte med noe, f. eks. armene armene for å skremme noe"
"sjaepiehtidh"	"v"	"vifte med noe, f. eks. armene armene for å skremme noe"
"sjiehtedidh"	"v"	"tilpasse"
"sjilkehtidh"	"v"	"smelte"
"sjohlestidh"	"v"	"gjennomsøke"	"(landskap, rom, e. l), lete grundig etter"
"sjuehkiehtidh"	"v"	"sukke"
"sjugniedidh"	"v"	"skape"	"(religiøst)"
"skreejrehtidh"	"v"	"åpne for, stimulere til, gi adgang til"
"slaamperdidh"	"v"	"skvaldre, plapre"
"slaarvestidh"	"v"	"baktale, lyve"
"slognestidh"	"v"	"baktale, lyve"
"slaaterdidh"	"v"	"slakte rein"
"slabpanidh"	"v"	"gå"	"(om et barn som holder på å bli sliten)"
"slienhkiehtidh"	"v"	"knele"	"(dan geerjene sjidti, guktie boelvhjøølki slienhkehte)"
"slienhkehtidh"	"v"	"knele"	"(dan geerjene sjidti, guktie boelvhjøølki slienhkehte)"
"snjaptsehtidh"	"v"	"beskjære, sneie av"
"snjierpedidh"	"v"	"svi, brenne"	"(idtjin dah sjijlh altese gieth jih idtjin altese skopmehkem snjierpedh)"
"snøøledh"	"v4"	"beite litt, nappe litt her og der"
"snøølestidh"	"v"	"nappe litt her og der, beite litt"
"snåhkaridh"	"v"	"snuble"	"(man dellie bijjene doj stråmhpoej sisnie kaarre snåhkaramme jih hajkedamme dam jijtse røøvrem gierkien sontere, murhkestamme dam minngie-siktem guktie ij naan sikte)"
"snåvsoehtidh"	"v"	"lure, bedra"
"soejmenidh"	"v"	"ta det med ro, sette ned farten, slakke av"
"soelkedidh"	"v"	"glemme, tilgi, roe seg ned"
"stompeldidh"	"v"	"snuble, vakle"
"struvkedh"	"v"	"rive, slite i, rykke i, rykke til seg"
"struvkiestidh"	"v"	"rive, slite i, rykke i, rykke til seg"
"suvtiehtidh"	"v"	"gynge"	"(komse el. vugge), bysse et barn i søvn"
"svitnjestidh"	"v"	"svinge plutselig og uventet"	"(dihte klaahka dan alman vøøste vualka, mohte dasth goh edtja dievviehtidh dle svitnjeste jih baalte vualka)"
"syjjedidh"	"v"	"bøye seg fram og tilbake, svaie"
"tjaajanidh"	"v"	"tulle seg bort, gå seg vill"
"tjaajehtidh"	"v"	"avveier føre på-, føre vill"
"tjaavtsestidh"	"v"	"klatre, bestige,"	"(terreng)"
"tjabredh"	"v"	"streve, kreiste, holde på med noe anstrengende"	"(bovtsine tjabredh)"
"tjabrehtidh"	"v"	"kreiste, streve, holde på med noe anstrengende"	"(bovtsine tjabredh)";"tvinge noen, nøde til, ta kraftig i"
"tjaelielidh"	"v"	"notere"
"tjaeliestidh"	"v"	"skrive ned, notere"
"tjaesniestidh"	"v"	"myrde, drepe,"	"(plutselig)"
"tjarkadidh"	"v"	"tørre, våge, ha mot til"
"tjeekedh"	"v6"	"romme (om bøtte e.l.), gi plass, gå til side"
"tjeekedidh"	"v"	"romme (om bøtte e.l.), gi plass, gå til side"
"tjeevehtidh"	"v"	"overgi uten vederlag"
"tjielkedh"	"v"	"utrede, redegjøre, forklare, gjøre rede for"
"tjielkestidh"	"v"	"forklare grundig, forklare"
"tjieskelidh"	"v"	"sette avsted i full fart"	"(uten å komme tilbake)"
"tjieskestidh"	"v"	"drive på å, holde på med noe, streve"
"tjihtedidh"	"v"	"klemme seg inn mellom noe, trenge seg fram, trenge seg inn"
"tjirrehtidh"	"v"	"gjennomgå, fullføre"
"tjiskelidh"	"v"	"sette av sted i full fart"	"(uten å komme tilbake)"
"tjoejkijidh"	"v"	"ski legge i vei på-"
"tjoemehtidh"	"v"	"ønske, spørre etter en ting mange ganger, tigge, ville ha, be mange ganger"
"tjyøresjidh"	"v"	"gjete reinen i skumringen"	"(bovtsem tjearan ryøjnesjidh)"
"tjåektjidh"	"v"	"knabbe, stjele"
"traakestidh"	"v"	"trette, krangle, skjenne"
"tsihkesjidh"	"v"	"begynne å brenne, ta fyr"	"(tsihkejamme-begynt å ta fyr)"
"tsiptsehtjidh"	"v"	"klype flere ganger"
"tsøøgkegidh"	"v"	"reise seg"	"(goelkh bienjen rudtjen mietie tsøøgkegieh)"
"unniedidh"	"v"	"forminske, gjøre mindre"
"ussjedidh"	"v"	"bestemme, tenke"
"vaajtelidh"	"v"	"ønske, be om"
"vaalmerdidh"	"v"	"gå i rad og rekke"	"(geajnoeraejkien båetieh vaalmerden)"
"vaarjelidh"	"v"	"bevare, beskytte, verne"
"vaaroehtidh"	"v"	"advare"
"vaarrestidh"	"v"	"jogge, løpe som snarest"
"vaejviestidh"	"v"	"smerte påføre-, lidelse, bekymring"
"veajhtoestidh"	"v"	"uten gjeting"	"(la gå løs-)"
"veeledh"	"v6"	"legge seg litt"
"veelestidh"	"v"	"legge seg litt"
"vidtjerdidh"	"v"	"slynge seg"	"(om vei/elv)"
"vielhterdidh"	"v"	"rulle seg, humpe og skumpe, velte seg"	"(bienje bejhkisisnie vielterdamme-hunden har rulla seg i mannskiten)"
"vierhtiedidh"	"v"	"verdsette, vurdere" "vierhtiedimmie-våarome, man muhteste vierhtiedidh-ha vurderingsgrunnlag"
"viesjiedidh"	"v"	"snakke vondt om"
"viesjliedidh"	"v"	"håne, snakke nedsettende om, kritisere, baktale"
"vievtjedidh"	"v"	"sprelle, ligge og velte seg"	"(om rein som er kommet på rygg og ikke kan komme opp, eller som  er kommet ut i vann og ikke kan svømme; om mennesker som har plager)"	"(dellie vuartesje guktie dihte svæhtja, vievtjede"
"vihnesjidh"	"v"	"vidne"
"vijlelidh"	"v"	"skvette opp og se seg omkring, gløtte, se plutselig, kaste et blikk, se opp"	"(reajnoemaennie dellie bæjjese vijlele)"	"(mubpelem vijlelidh-se til den andre siden)"	"(vijlele munnjien jih jeahta)"
"vijtjeldidh"	"v"	"sno seg, slynge seg"
"voejhkelidh"	"v"	"ta fatt på, prøve å gjøre noe"
"voejngehtidh"	"v"	"puste"
"voelkehtidh"	"v"	"reise avsted med, dra avgårde med, frakte"
"voerkelidh"	"v"	"forkynne, bevisstgjøre, klargjøre noe for noen"
"vuartasjidh"	"v"	"legge vekt på, vurdere, evaluere, se på"
"vuastalidh"	"v"	"stritte i mot, imøtegå, gjøre motstand"
"vueliedidh"	"v"	"hugge ned, drepe"
"vuepsiehtidh"	"v"	"måle, måle opp"
"vueptiestidh"	"v"	"oppdage, bli var, bli oppmerksom på" "(om morgenen)"	"(jis barre buektiehtibie vueptiestidh)"
"gåajhtsadidh"	"v"	"registrere, oppdage"
"vuertehtidh"	"v"	"leie"	"(noen ved hånden)"
"vuesiehtidh"	"v"	"fremføre, skildre, presentere"
"værhtodh"	"v"	"forandre seg, rødme"	"(ååredæjja vyrhte)"
"varhtodidh"	"v"	"rødme, forandre seg"	"ååredæjja vyrhte)"
"varhtodh"	"v"	"rødme, forandre seg"	"ååredæjja vyrhte)"
"væssjoehtidh"	"v"	"hate, forakte"
"våajoelidh"	"v"	"drukne holde på å-"
"våavkasjidh"	"v"	"respektere, ha age for"
"øøhpehtidh"	"v"	"undervise, utdanne, lære bort"
"åehpenidh"	"v"	"kjent med bli-"
"åvtenidh"	"v"	"utvikles"
"ååhpenidh"	"v"	"kjent bli-"
"åånedidh"	"v"	"trekke tilbake det en har sagt eller gjort, unnskylde seg"	"(ved å be om forlatelse"
"nirredehtedh"	"v"	"spotte, harselere, gjøne, gjøre narr av, håne"
"aahpeldidh"	"v"	"spotte, harselere, gjøne, gjøre narr av, håne"
"aanodh"	"v"	"be, tigge"
"aarmelostedh"	"v"	"forbarme seg over noen, synes synd på"
"aarmoedidh"	"v"	"forbarme seg over noen, synes synd på"
"aarmoelostedh"	"v"	"synes synd på, forbarme seg over noen"
"aassjoetovvedh"	"v"	"foraktes, hånes, bli gjort narr av"
"aavoedehtedh"	"v"	"glede andre"
"aeskedh"	"v1"	"jage vekk"	"(hund)"
"ahkedh"	"v"	"stadig, uten opphold"	"(ahkedh tjuatsa-det snør uavbrutt)"	"(ahkedh tjieskesji-han holdt på i ett)"
"alvehgodtedh"	"v"	"redd bli-"	"(dellie amma alvehgådti jih idtji doesth nyøjhkedh)"
"alvehtovvedh"	"v"	"bli skrekkslagen, redd, forferdet"
"arhtegåetedh"	"v"	"lengte begynne å-, begynne å bli urolig"
"baajedh"	"v"	"la, tillate"	"(baajh mannem lohkedh-la meg lese!),"	"(baajh numhtegh!-la det være sånn som det er!)"
"baavhkodh"	"v"	"bakse opp"
"baejhtedh"	"v"	"drive, jage rein"
"saejhtiedidh"	"v"	"kjøre spydet i"
"aajhtsedh"	"v"	"oppdage, merke, legge merke til, bli var"
"aalhtedh"	"v"	"semske"
"aatskadid"	"v"	"ta til med, forsøke"
"aejhtedh,"	"v1"	"true"
"aejhtiestidh,"	"v"	"true"
"aajhtedh,"	"v"	"true"
"aejliestovvedh"	"v"	"hellig bli gjort/holdt-"
"aelkedh"	"v"	"begynne"
"aerviedidh"	"v"	"forstå, ane, skjønne"
"arkanidh"	"v"	"skade komme til-"
"astedh"	"v"	"tid ha-"
"asvedidh"	"v"	"forferdet bli-"
"baahkedidh"	"v"	"varme opp"
"baahtsedh"	"v"	"forsere";	"smelle gå av - om skudd"
"baaltedidh"	"v"	"skille rein"
"baaverdidh"	"v,"	"streve, bale på"
"baejhtedh"	"v"	"jage på, drive"	"(rein), få til å bevege seg bort"	"- v."	"I"
"baeledh"	"v"	"måke snø, måke unna"	"(snø), grave unna, gjøre rent i kåta"	"- v."	"I"
"baetsedh"	"v"	"igjen bli- /etter"
"bajkedh"	"v"	"røyte"
"barhkedh"	"v"	"drysse"
"barkedh"	"v4"	"arbeide"
"beadtasovvedh"	"v"	"straffes, bli straffet"
"beadtodh"	"v"	"formane, irettesette"
"beahtahtalledh"	"v"	"forført"	"(bli -), villfares"
"beahtasovvedh"	"v"	"forrådt bli-"
"bearkadidh"	"v"	"berge/klare seg"
"beavkodh"	"v"	"spa, måke"
"beelhkesovvedh"	"v"	"kastes ut"	"(bli kastet ut), måkes ut"
"beerkedh"	"v"	"berge, redde"
"beertedh"	"v"	"stable, legge"
"bejhkedh"	"v"	"fornødne gjøre sitt-"
"berkiestidh"	"v"	"stige opp , om røyk"
"biehtedh"	"v"	"forråde, bedra, svike, snyte"
"biejedh"	"v"	"legge, sette"
"bieljelidh"	"v"	"høre la få-, meddele"
"bietskiedidh"	"v"	"klippe"
"bievledh"	"v"	"bart"	"(bli fritt for snø)"
"bihkedh"	"v"	"forklare"
"biksedh"	"v"	"ta, gripe"
"billedh"	"v"	"redd være-"
"billijidh"	"v"	"redd bli-"
"binhtedh"	"v"	"ivareta under slakting"; "rense"	"(rense [forurensede] elver- jænoeh binhtedh)"
"birredh"	"v"	"be"
"bleentedh"	"v"	"blande"
"boelvestidh"	"v"	"knele"
"boerhkenidh"	"v"	"slites av"
"bohtjehtjadtedh"	"v"	"melke drive på å-"
"bollerdidh"	"v"	"humpe, skumpe"
"bonhkelidh"	"v"	"støte til, skubbe"
"bradtjedh"	"v"	"ta i , gjøre en kraftanstrengelse"	"krafttak"	"(ta et), anstrenge seg kraftig"
"brorredh"	"v"	"bråke"
"buasarostedh"	"v"	"bli oppbrakt"	"(bli), usikker, rådvill, forlegen"
"budtedh"	"v"	"kante"
"buektiehtidh"	"v"	"klare, få til"
"buhtjiedidh"	"v"	"vri opp"
"butnedh"	"v"	"tvinne, spinne"
"buvvedh"	"v"	"drepe"
"buvviestidh"	"v"	"drepe"	"(fort)"	"- v."
"byjrehtalledh"	"v"	"oppspore, spore"
"byøpmedidh"	"v,"	"spise"
"båajvodh"	"v2"	"gulne, visne, gulne"	"(s) om løv/gress"
"boelnedh"	"v"	"gulne, visne, gulne"	"(s) om løv/gress"
"vyskedidh, viskesovvedh"	"v"	"gulne, visne, gulne"	"(s) om løv/gress"
"viskesovvedh"	"v"	"gulne, visne, gulne"	"(s) om løv/gress"
"båaltajehtedh"	"v"	"tenne på, sette fyr på"
"båanjodh"	"v"	"slanke seg, få igjen figuren f.eks.etter fødsel"
"båarastahtedh"	"v"	"håndhilse"
"bådtjadidh"	"v"	"smøre"
"båetedh I 1) båetedh, båata 2) båetielidh, båetele"	"v"	"komme plutselig"
"båetedh ohtsedh"	"v"	"savne komme til å-"	"(båatam ohtsedh-jeg kommer til å savne)"
"bårredh, bårra"	"v"	"ete om dyr"
"bårrehtalledh, bårrehtalla"	"v"	"bitt bli-"
"bårrelidh, bårrele"	"v"	"ete fort"
"bårrestohtedh, bårrestahta"	"v"	"sulten være-"
"bååhperidh, bååhpere"	"v"	"forundre seg"
"bååhperostedh"	"v"	"forundret plutselig bli-"
"bååntseridh, bååntsere"	"v"	"forbala bli-"
"bæjkodh"	"v"	"røyte"
"bæjngoelistie vuejnedh"	"v"	"objektiv måte å se saken på, se saken utenifra, fra sidelinjen, ha et objektivt synspunkt"
"bæktahtalledh, bæktahtalla"	"v"	"varme seg"
"bøøredh, bøørie"	"v"	"innby, by"
"bøørhkedh, bøørhkie"	"v"	"bryte av" "slite av"
"bøørhkestidh, bøørhkeste"	"v"	"slite/bryte av i en fart"
"bøøtedh, bøøtie"	"v"	"bøtelegge"
"bøøtehtehtedh, bøøtehtahta"	"v"	"bøtelagt bli-"
"daajedidh, daajede"	"v"	"ense"
"daajedidh,daajedh"	"v"	"fatte, begripe, oppfatte"
"daajhtodh"	"v"	"gjøre, lage"
"daajroeh åadtjodh"	"v"	"tilegne seg kunnskap"
"daamkodh"	"v"	"drive på, streve , slite"	"(med dyr)"
"daamts ….. guarkedh"	"v"	"(bli kjent med ulike benevnelseri-daamts baakoeraajes guarkedh) +?"	"kjent med ulike/forskjellige ….bli-"
"daantsodh, dååntse"	"v"	"danse"
"daarpesjidh, daarpesje"	"v"	"trenge, behøve"
"dabpanidh, dabpene"	"v"	"flytte seg, fjerne seg"
"dabranedtedh"	"v"	"sette seg fast, bli hengende"	"(av:dabranidh)"
"dabranestedh"	"v"	"sette seg fast som snarest, bli fast"
"dabranidh, dabrene"	"v"	"sette seg fast"
"dahph haavtemdh"	"v"	"hold  snavla di!, hold kjeft!"
"dalhkedh, dalhkoe"	"v"	"komme, vise seg , om rovdyr"
"daltestidh, dalteste"	"v"	"trinn/steg ta et-"
"dalvedh, IV dalva"	"v"	"komme til syne, komme, komme langveis fra"
"damhkodh, damhkoe"	"v"	"vandre, farte"
"damtedh"	"v"	"oppleve, bli kjent med, kjenne, føle"
"damtehtidh, damtehte"	"v"	"kjenne på, beføle"	"kjenne noen"
"darjodh"	"v"	"gjøre, lage, produsere, skape"
"dassedh, dassa"	"v"	"miste"
"dasth, dastege, dastegh"	"v"	"just, akkurat idet, nettopp"	"(dihte klaahka dan alman vøøste vualka, mohte dasth goh edtja dievviehtidh, dle svitnjeste jih baalte vualka)"
"deajese luejhtedh"	"v"	"(la gå til -)"	"spille"	"(fast uttrykk)"	"(det er vel deavese ?)"
"deajese vuelkedh"	"v"	"spille gå til-"	"(det er vel deavese ?)"
"dealhverem tjuetsedh"	"v"	"snø tung snø"
"debriehtidh, debrehte"	"v"	"feste, sette fast"
"deemedh, deemie"	"v"	"temme"
"deerjedh"	"v"	"søle til, tilgrise, gjøre uren"
"delhkiehtidh, delhkehte"	"v"	"dukke opp komme plutselig, vise seg"	"(om ulv)"	"komme plutselig   - v."
"derhvedh"	"v"	"legge torv"
"dessjine sjïdtedh"	"v"	"forgå, intet bli til-"
"dibrehtidh, dibrehte"	"v"	"feste fast"
"dienesjidh, dienesje"	"v"	"tjene"
"dierkesjidh, dierkesje"	"v"	"skjelve av redsel"
"diervesjidh, diervesje"	"v"	"møte, treffe"
"dievedh, deava"	"v"	"fylles"
"dievhtedh"	"v"	"føye til, tilføye"
"dijmedh, dijmie"	"v"	"trekke seg inn"
"dijpedh"	"v"	"angå, ha med å gjøre, påvirke, gjelde"
"dijpedh, dæjpa"	"v"	"virke, ta"
"diknedh, diknie"	"v"	"bøye ned overkroppen"
"dikngestidh, dikngeste"	"v"	"bøye seg litt ned"
"dilmierdidh, dilmerde"	"v"	"feste noe fast"
"dirhvedh"	"v"	"belegge med torv, torvlegge"
"doekedh, duaka"	"v"	"selge"
"doengedh, duanga"	"v"	"lappe"
"doeredh"	"v"	"trekke ut tiden, drøye, somle lenge, trekke, dra opp fiskegarn, vitje  "(trekke/ dra opp fiskegarn-viermieh doeredh)"
"doerelidh, doerele"	"v"	"gripe"
"doerkestidh, doerkeste"	"v"	"ris på golvet legge-"
"doestedh, duasta"	"v"	"våge"
"domtedh, domtoe"	"v"	"kjennes"
"dorjehtidh, dorjehte"	"v"	"gjøre seg til"
"dåajodh, dååje"	"v"	"skjære ris/bar"
"dåajvoehtidh, dåajvohte"	"v"	"love"
"dåalvodh, dåålve"	"v"	"forfølge, jage etter"
"dåalvoejahtjedh"	"v"	"forfølge"	"( ta til å)"
"dåarjodh"	"v"	"adlyde, følge"
"dåarodh, dååre"	"v"	"krige"
"dåastodh"	"v"	"motta, ta i mot"
"dåastoehtidh, dåastohte"	"v"	"ta imot"
"dåeriedidh, dåerede"	"v"	"med være-, følge"
"dåhkasjehtedh"	"v"	"godkjenne"
"dåhkasjidh, dåhkesje"	"v"	"duge, klare seg"
"dållem biejedh"	"v"	"bål lage-, lage ild"
"dåvvodh, dovve"	"v"	"reparere"
"dååjredh"	"v"	"duge, merkes"	"(mohte dej bienji baenieh goh edtjin ennje dååjrh gænnah)"
"dåålvedidh, dåålvede"	"v"	"jage etter drive på å-"
"dåålvesovvedh"	"v"	"forfølges, jages"
"dåårjehtalledh"	"v"	"erfare, vinne erfaring, nedtegne"
"døømedh, døømie"	"v"	"tømme"
"døøpmesovvedh"	"v"	"dømmes, idømmes"
"eadtalgehtedh"	"v"	"engasjere"
"eadtjaldehtedh"	"v"	"ivre for, være opptatt med, aktivisere"
"eadtjaldovvedh, eadtjaldåvva"	"v"	"mot få-"
"eadtjalgovvedh"	"v"	"oppmuntres"	"(til å), la seg inspirere, få inspirasjon"
"eadtjohkasse gåaskodh"	"v"	"interesse"	"(vekke-)"
"eadtjohkelaakan orrodh"	"v"	"aktiv være-"
"eajhkalidh, eajhkele"	"v"	"synes å se noe , men så er det ikke noe likevel"
"eajtodh"	"v"	"skulke"
"edtjedh"	"v"	"skulle"	"(jeg skal-edtjem)"
"eeledh, eelie"	"-v"	"ale, fostre opp, oppdra"
"eelesovvedh"	"v"	"vokse opp"	"(desnie lij eelesovveme-der var hun oppvokst)"
"faerhmiestidh,faarhmestidh, faarhmestalledh"	"v"	"omfavne, ta omkring hverandre, omfavne flere etter tur"	"(man stoerre aavoe, aahka gon aajjah dennie åehpies raajhterisnie fejjen maanide faerhmiestægan)"
"fahkedh, fahkoe"	"v"	"våkne"
"fahkoes årrodh"	"v"	"våken være-, være årvåken,  være obs på"
"fealadidh, fealede"	"v"	"reise/farte drive på å-"
"feeledh, feelie"	"v"	"reise, ferdes"
"feeredh, feerie"	"v"	"fare, reise"
"feerkedh"	"v"	"fargelegge, sette farge på"
"fehkiehtidh, fehkehte"	"v"	"våkne plutselig, gå opp et lys for, få aha-opplevelse, bli klarsynt"
"fielestalledh, fielestalla"	"v"	"farte, vandre drive på å-"
"fielestidh, fieleste"	"v"	"reise/vandre drive på å-"
"fihkelidh, fihkele"	"v"	"tak i få-"
"fijnedh, fæjna"	"v"	"heftet bli-"
"fijnestidh, fijneste"	"v"	"heftet bli litt-"
"filhterdidh, filhterde"	"v"	"fingre, tukle"
"fissjerdehtedh"	"v"	"smigre noen"
"flijjedh"	"v"	"skrape skinn"	"(skirrieh flijjin-de skrapet skinn)"
"flovvedh"	"v"	"angripe"	"(om menneske, hund)"
"fovresjidh, fovresje"	"v"	"logre"
"frievniedidh, frievnede"	"v"	"lukte fjøs/møkk"
"frorredh, frårra"	"v"	"bråke med vingene"
"frurkiehtidh, frurkehte"	"v"	"bruse med vingene slik at det høres"
"fuehpiedidh, fuehpede"	"v"	"travelt ha det-"
"fååtesidh, fååtese"	"v"	"mangle"
"føørhkedidh, føørhkede"	"v"	"le"
"gaadtsedh, gaadtsa"	"v"	"spise med skei"
"gaahtjedh"	"v"	"kappes, konkurrere"
"gaajegostedh"	"v"	"gal"	"(bli -), plutselig bli ute av seg"
"gaalehtjidh, gaalehtje"	"v"	"vade"
"gaaredh"	"v"	"surre, pakke sammen"	"(pakke sammen børene- maajsoeh gaaredh)", knytte""(knytte skoene)"
"gaaredidh, gaarede"	"v"	"knytte"
"gaarehtidh, gaarehte"	"v"	"knytte"
"gaarhkedh, gaarhka"	"v"	"surre fast, snøre"
"gaarhkedidh, gaarhkede"	"v"	"sholde på  å nøre"
"gaarsjaldovvedh, gaarsjaldåvva"	"v"	"vokse seg stødig"
"gaarvenidh, gaarvene"	"v"	"forvinne, bli borte"
"gaatodh"	"v"	"bort komme -, komme ut av syne, utebli, bli borte, forsvinne"	"borte være-"
"gaavnedidh, gaavnede"	"v"	"treffes, møtes, finne hverandre, ha stevnemøte"
"gabpeldidh, gabpelde"	"v"	"flyte"
"gabrodh, gobre"	"v"	"holde seg oppå f.eks.snøen"
"gadtjedh, gadtja"	"v"	"late vannet, pisse"
"gadtsedidh, gadtsede"	"v"	"mate med skei"
"gaegniedidh, gaegnede"	"v"	"klare, makte"
"gaempierdidh, gaemperde"	"v"	"falle, bikke over"
"gaerkiehtidh, gaerkehte"	"v"	"komme i en lang rekke"	"(begynne å-)"	"rakne"
"gaerviehtestedh, gaerviehtasta"	"v"	"kaste bort noe plutselig"
"gaerviehtidh, gaervehte"	"v"	"kaste bort, miste"
"gahpedh, gahpa"	"v"	"reise seg på to for å slå" "streve etter å komme opp"
"gahpestidh, gahpeste"	"v"	"reise seg på to for å slå hastig, uventa"
"gahtjedatedh, gahtjedata"	"v"	"falle sammen"
"gahtjedidh, gahtjede"	"v"	"falle holde på å"
"gahtjehtidh, gahtjehte"	"v"	"felle, flå, kalve, la felle";	"kalve"
"gajhkedh, gajhka"	"v"	"tørke, tørkes"
"galhkasovvedh"	"v"	"ferdig bli-"
"galhkedh"	"v"	"slutte, gjøre seg ferdig" "bli ferdig""(gosse galhkeme daehtie bovreste-da jeg ble ferdig i butikken)"
"galkedh, galka"	"v"	"- v."	"skulle, måtte"	"(gosse galka olkese ryøjnesjidh- når man skal/må ut å gjete)";	"renne"	"(om væske, etc.)"
"gallanidh, gallene"	"v"	"mettes, bli mett"
"gaptjedh"	"v"	"dekke over, dekke til, tildekke"
"garmerdidh, garmerde"	"v"	"skryte"
"gaskedh, gaska"	"v"	"lyne"
"gaskesadtedh"	"v"	"utveksle kontakt, komme i kontakt"	"(med)"
"gaskestalledh"	"v"	"kommunisere, samtale"
"geahtjodh"	"v"	"stiv"	"(bli-), bli støl, stivne"
"geasastehtedh, geasastahta"	"v"	"sele på"	"(f. eks. kjørerein)"	"- v."
"geatskanidh, geatskene"	"v"	"nærmere komme-"
"geehtedh"	"v"	"overvåke, passe"
"geehtedh, geehtie"	"v"	"passe"
"geehtedidh, geehtede"	"v"	"passe seg"
"geehtestidh, geehteste"	"v"	"passe litt"
"geelkedh, geelkie"	"v"	"rekke fram"	"(noe), tilby"	"- v."
"geerjehtidh, geerjehte"	"v"	"spre utover"
"geerredidh, geerrede"	"v"	"sprike"
"geevledh, gojredh"	"v"	"skrike"
"gejhkielidh, gejhkele"	"v"	"rive i stykker, flenge"
"gervedh"	"v"	"omgå, unngå, ta en omvei"
"giebrelgovvedh, giebrelgåvva"	"v"	"vikle seg inn"
"giehtelidh, giehtele"	"v"	"holde på"
"giehtjedh"	"v"	"se på"
"gieledh, geala"	"v"	"fange fugl med snarer"
"gielem jiehtedh"	"v"	"uttale, arbeide med intonasjon, intonisere"
"gielem utnedh"	"v"	"bruke språket"
"giengelobpese båetedh"	"v"	"fordype"
"gierestalledh"	"v"	"renne unna bakke, sette utfor på ski"
"gierestidh, giereste"	"v"	"ake på ski, kjelke, pulk, baken" "sette utover"
"giermedh"	"v"	"rose andre"
"gihtjedh, gihtjie"	"v"	"spørre"
"goedtehtjidh, goedtehtje"	"v"	"kalve holde på å-"
"goegkerdidh, goegkerede"	"v"	"krype, krabbe"
"goekedh, guakadahke"	"s"	"solskinn"
"goeljestidh, goeljeste"	"v"	"stange med horn"
"goeredehtedh, goeredahta"	"v"	"grave og spørre drive på å-"
"goeredh, guara"	"v"	"følge spor"
"goerehtalledh"	"v"	"spørre og grave"
"goerehtidh, goerehte"	"v"	"grave og spørre"
"goerkesadtedh"	"v"	"forstå hverandre, komme til forståelse"
"goetsedh, guatsa"	"v"	"klatre"
"goevledh, guavla"	"v"	"kikke/se etter"
"gojkelovvedh, gojkelovva"	"v"	"tørste"
"golteladtedh, golteladta"	"v"	"lydhør være-, lydig være-, lytte"
"goltelidh, goltele"	"v"	"høre etter, lystre"
"gorredidh, gorrede"	"v"	"redde, berge"
"gorredovvedh"	"v"	"berges, frelses, bli tatt vare på"
"gossedh, gåssa"	"v"	"hoste"
"govledh, govloe"	"v5"	"høres"
"govledh, gåvla"	"v"	"høre"
"govlehtidh, govlehte"	"v"	"forhøre seg, høre etter";	"tinge til å gjøre noe"
"govlestidh, govleste"	"v"	"høre litt"
"govlijidh, govlije"	"v"	"få høre plutselig"
"graade, graadh"	"v"	"grader"
"guaktadidh, guaktede"	"v"	"bli to, føde"
"guapasjidh, guapesje"	"v"	"klamre seg til"
"guarjasjidh, guarjesje"	"v"	"ligge sammenkrøllet"
"guarkedh"	"v"	"forstå, tolke"
"gubpmiedidh, gubpmede"	"v"	"velte"
"guepmierdidh, guepmerde"	"v"	"galoppere"	"- v.,"	"vuhtsedh"	"(bøøti vuhtsen-den kom galopperende)"
"guerkiehtidh, guerkehte"	"v"	"forstå plutselig"
"guhtsiehtidh, guhtsehte"	"v"	"våken holde-"
"gurkedh, gurkie"	"v"	"helle , slå i f.eks kaffe"
"gurkiestidh, gurkeste"	"v"	"slå i/helle litt i"
"gurredh, gårra"	"v"	"strikke"
"gyøsedehtedh, gyøsedahta"	"v"	"dratt la bli-"
"gyøsedh, gyøsoe"	"v"	"dratt bli- /slepet etter"
"gåajvodh, gååjve"	"v"	"ause"
"gåaljoestidh, gåaljoste"	"v,"	"stange"
"gåaradidh, gåarede"	"v"	"- v."	"gå an, stå til"	"(guktie guarede?-hvordan går det/hvordan står det til?"
"gåarodh, gååre"	"v"	"sy"
"gåaskodh, gååske"	"v"	"vekke"
"gåassodh, gååsse"	"v"	"gjeste"
"gåassoehtidh, gåassohte"	"v"	"traktere"
"gåatodh, gååte"	"v"	"beite"
"gåavode vidtjerdelledh"	"v"	"slalom kjøre-"	"(i bue slenger de seg hit og dit mellom merker - gåavode vidtjerdellieh væhtaj gaskem)"
"gåhtjodh, gohtje"	"v"	"kalle, benevne"
"gåpmanidh, gåpmene"	"v"	"kantre, velte om"
"gårredh, gårra"	"v"	"knytte på kjeppel"
"gårredidh, gårrede"	"v"	"knytte, binde"
"gårrodh, gårroedahke, gårradahke=gijreniestie"	"v"	"reinslakt, kropp av slaktet rein, alt kjøttet av en partert rein"	"(slaktet til vårmat)"
"gåvnahtidh, gåvnehte"	"v"	"si farvel"
"gåårvedidh, gåårvede"	"v"	"kle på seg de nødvendige plagg"
"gæbpodh"	"v"	"oversvømmet bli -"	"(av skvett)"
"gæhtsodh"	"v"	"(flere ting)"	"henge opp"	"(goh gaadtan båateme, viermide guadteme, baalhkese gyhtseme jih dejtie galhkeme, dellie åabpa Søøfe jeahta)"
"gællasjidh, gællesje"	"v"	"ligge henslengt"
"gæmhpodh, gymhpe"	"v"	"slåss"
"gærrodh II, gærroedidh, gærroestidh,"	"v"	"banne"
"gævnjasjidh, gævnjesje"	"v"	"henge, henge opp"
"gøøledh, gøølie"	"v"	"fiske"
"haalahtalledh, haalahtalla"	"v"	"fly frem og tilbake, drive på å fly"	"- v"	"(eengkelh leah fierhten jååvlejijjen haalahtalleminie-englene driver på og flyr hver jul)"
"haalanidh, haalene"	"v"	"flyge i veg"
"haampeldidh, haampelde"	"v"	"hamle"	"(robåt)"	"- v."
"haanodh"	"v"	"be, trygle om, tigge"
"haavjodh"	"v"	"forgå, forsvinne"
"haavrestidh, haavreste"	"v"	"glefse til"
"haeliehtidh, haelehte"	"v"	"flyge"
"hajkedh, goetsedh"	"v"	"løpe, springe"
"hajkedovvedh"	"v"	"forkastes, bli forkastet"
"hajkegåetedh, hajkegåata"	"v"	"begynne å springe"
"hajkejahtjedh, hajkejahtja"	"v"	"springe legge i veg og-, sette på sprang"
"harrestalledh"	"v"	"herske, regjere, råde over"
"heeredh, heerie"	"v"	"herme, ta etter"
"hepsiehtidh, hepsehte"	"v"	"lukte på noe"
"hiemedh"	"v"	"beklage"	"(seg)"
"hierpedh"	"v"	"kvekke til, skvette"
"hierpedh, hearpa"	"v"	"skvette til, bli redd, kvekke til"
"hievedh"	"v"	"utholde, makte, klare, kunne"
"hijven daejredh"	"v"	"kjennskap til ha god-"
"hijvenlaakan maehtedh"	"v"	"mestre, takle"
"hinnedh, hinnie"	"v"	"rekke over, nå"
"hispedh"	"v"	"(om ild)"	"fyke, frese"	"(snøen fyker-lopme hæspa)"
"hojjedehtedh, hojjedahta"	"v"	"klage/jamre drive på å-"
"huhtiehtidh, huhtehte"	"v"	"gjø få en hund til å-"
"hurpieldidh, hurpelde"	"v"	"hoppe og sprette hit og dit"
"håagkodh, håågke"	"v"	"fiske med snøre"
"håhkesjidh, håhkesje"	"v"	"håpe"
"håhtastehtedh, håhtastahta"	"v"	"gjø la hunden drive og-"
"håjnodh"	"v"	"gråte, bli bedrøvet"
"håtskoehtidh, håtskohte"	"v"	"hisse i veg hunden"	"(e)"	"- v."
"iehtsedh, eahtsa"	"v"	"glad i være-"
"iermedh"	"v"	"erte, terge"
"iernedh"	"v"	"ha til hensikt å"	"(jeg har til hensikt/tenker"	"(å gjøre noe)- leam earna)"
"iervedh, earva"	"v"	"flå og partere"
"illedh"	"v"	"fullføre, fylle, fylle år"	"(vijhte jaepieh illeme-har fylt fem år)"
"illedh, illie"	"v"	"ferdig gjøre-, avslutte"
"irhkedh"	"v"	"drepe, ødelegge, pine, plage"
"irhkesovvedh"	"v"	"drepes, ødelegges, pines, plages"
"jadtedidh, jadtede"	"v"	"sette garn"
"jaehkedh, jaaka"	"v"	"tro"
"jaeltiehtidh, njøørkedh, njøørkie"	"v"	"angripe"	"(stadig holde på å - [om ulv])"	"- v."
"jaksedh, jaksa"	"v"	"nå, rekke, «vinne»"
"jamhkedh, jamhka"	"v"	"slukne"
"jamhkelidh, jamhkele"	"v"	"gjøre ende på"	"slokke"
"jarkoestehtedh, jarkoestahta"	"v"	"forandre"
"jeatjadehtedh"	"v"	"endre, forandre, omgjøre"
"jeatjebigujmie juekedh"	"v"	"formidle"
"jidtedh"	"interj"	"å jøje meg"
"jiehtedh"	"v"	"uttale"
"jiekedh, jeaka"	"v"	"tett være-, holde vatn ute"
"jiermestalledh"	"v"	"fundere, spekulere, tenke, overveie"
"jiermiehtovvedh"	"v"	"forstanden miste-, miste tenkeevnen, bli gal"
"jieverdh, jeaverdh, jeavardahke"	"v"	"spekalvskinn"
"jijhkedh"	"v,"	"tvile"
"jijhtedh"	"v"	"spire"	"(kraesieh jijhtieh)"; "vise seg"
"jijjehtovvedh"	"v"	"overnatte"
"jijledh"	"v"	"(vedvarende -)"	"smerte sterkt og brennende"	"(mellomting mellom verk og svie)"	"(baenie jæjla-tannen gjør stadig vondt)"
"jijtjemese tjirkedh"	"v"	"selvsikker, være sikker på seg selv, være selvstendig"
"joejkestidh, joejkeste"	"v"	"joike så smått"
"joekedidh, joekede"	"v"	"dele ut"
"joekehtehtedh"	"v"	"skille seg ut, skilles"
"joekeldh"	"v"	"delt"	"(tredelt-guelmien joekeldh)"
"johtehtjidh, johtehtje"	"v"	"flytte drive på å-"
"joksedidh, joksede"	"v"	"ta på seg ski"
"jorkesovvedh"	"v"	"endre seg, bli forandret"
"jovkedh, jåvka"	"v"	"drikke"
"jovkestidh, jovkeste"	"v"	"drikke litt"
"juekedh, juaka"	"v"	"dele"
"juekiestidh, juekeste"	"v"	"dele"
"juhtedh, jåhta"	"v"	"flytte, dra"
"juhtiehtidh, juhtehte"	"v"	"hjelpe å flytte"
"jurjiehtidh, jurjehte"	"v"	"stelle i stand mat"
"jåarhkasovvedh"	"v"	"videreføres"
"jåerhkedh"	"v"	"avslutte, tilføye"
"jåhtajidh, jåhtije"	"v"	"flytte av sted"
"jårredh"	"v"	"danse, snu, gå rundt, trille, snurre""(biegkem jårredh-snu u vinden)"
"jårregåetedh, jårregåata"	"v"	"snurre rundt , begynne å snurre rundt"
"jårrehtidh, jårrehte"	"v"	"snu om, få til å snu"
"jårrelidh, jårrele"	"v"	"trille ned"
"jæjhtedh"	"v"	"vise seg, komme til syne"
"jøørtedh, jøørtie"	"v"	"oppholde seg rolig innen et bestemt område"
"klieniedehtedh"	"v"	"glinse få til å-, få til å glitre,"	"(de fikk til å glinse- klieniedehtiejin)"
"klommerdidh, klommerde"	"v"	"bale"
"krebpedidh, krebpede"	"v"	"klore, klamre seg fast"
"kreemsedh, kreemsie"	"v"	"gripe, ta fatt i"
"kridtnedh, krætna"	"v"	"murre, knurre"
"kristedh"	"v"	"døpe"
"kroehkedh, kruahka"	"v"	"grave, rote"
"kroehkestalledh, kroehkestalla"	"v"	"klø"
"kråahkoehtidh, kråahkohte"	"v"	"- v."	"hekte sammen"	"(Grong-Kråangke"	"(der to elver hekter seg sammen))?"; "folde hender"
"kråavhkasjidh, kråavhkesje"	"v"	"ligge sammenkrøket på en bestemt plass"
"krøøvvedidh, krøøvvede"	"v"	"bøye, bøye seg, krøke seg"
"køøksedh"	"v"	"iaktta/holde øye med, gi akt på"
"laaknedh, løødtjedh"	"v"	"stille bli-"	"(om vær, vind)"
"laapestidh, laapeste"	"v"	"legge seg utover"
"laarhkodh"	"v"	"banke opp"	"(flere ganger), skade, slå, denge"
"laatjodh, låådtje"	"v"	"reie opp, legge til rette"
"laavenjostedh"	"v"	"samarbeide"
"laavkodh"	"v"	"bade, døpe"
"laavsedh"	"v"	"baktale, tale nedsettende om"
"ladtjkedh, ladtjkoe"	"v"	"gå opp"	"(om isen)"	"om is"; bli enig"
"laehpedh, laahpa"	"v"	"legge igjen, forlate, la bli igjen"
"laejhtedh"	"v"	"anklage, kritisere, klandre"
"lahkaskidh, lahkeske"	"v"	"lykke ha-, ha hell"
"moenedimmie"	"n"	"tilbakemelding"
"lahtestidh"	"v"	"kalle"
"gåhtjodh"	"v"	"kalle"
"lapsodh, lopse"	"v"	"fuktig bli-"
"leamoestidh, leamoste"	"v"	"varme opp noe så det blir lunkent"
"leejjedh, leejjie"	"v"	"leie"
"leekedh, leekie"	"v"	"slakte"
"leekedidh, leekede"	"v"	"slakte"
"leeredh, leerie"	"v"	"lære fra seg"
"libnedh, musnedh"	"v"	"stinke"	"(libnede-det stinker)"
"lidtedh, lidtie"	"v"	"jakte/fange fugl"
"liebnedh I, gurkedh"	"v"	"helle i, fylle"
"liegkedidh, liegkede"	"v"	"hvile"
"liegkestadtedh, liegkestadta"	"v"	"hvile av og til"
"liegkestidh, liegkeste"	"v"	"hvile litt"
"liehtestehtedh"	"v"	"håndsrekning gi en-, gjøre en tjeneste"
"lierehtalledh"	"v"	"øve"	"(seg), få øvelse"
"lierhkelidh, lierhkele"	"v"	"drive ned reinen på en bestemt plass"
"lijrehtidh, lijrehte"	"v"	"leie i band"
"loevenidh, loevene"	"v"	"løsne", "veg komme seg i-"
"lohkedh, låhka"	"v"	"lese"
"lohkehtidh, lohkehte"	"v"	"lese få noen til å-"
"lovvedh, låvva"	"v5"	"våt bli-"
"lovvesjidh, lovvesje"	"v"	"ligge , om klovdyr"
"luajhtasovvedh"	"v"	"tilgitt bli-"	"(eg. slippes løs fra noe), få tilgivelse"
"luejhtedh"	"v"	"forlate, tilgi, løse"
"luemtedh, luamta"	"v"	"lei seg og legge seg bli-, ikke rikke seg"
"luhpiedidh, luhpede"	"v"	"lov gi-, tillate"
"lustedalledh"	"v"	"more seg, ha det artig, leke"
"lutnjedh, lutnjie"	"v"	"løfte"
"lutnjestidh, lutnjeste"	"v"	"løfte som snarest"
"luvhtedh, luvhtie"	"v"	"måtte"
"luvredh"	"v"	"adlyde, lystre, være lydig"
"lyjhkedh, lyjhkoe"	"v"	"like"
"lyjhkestidh, lyjhkeste"	"v"	"glad i bli-"
"låadtodh, låådte"	"v"	"klyve, kløyve"
"låavtedh"	"v"	"angripe rein"	"(om hunder, rovdyr)"
"låevtedh, låavta"	"v"	"angripe, gå på"
"låtnodh, lotne"	"v"	"bytte"
"låvnedh, låvna"	"v"	"sprette, stå opp , også om sola"
"lååvkesovvedh"	"v"	"døpes, bli døpt, bli badet"
"læjkoedidh, læjkode"	"v"	"til overs ha-, kunne unnvære"
"løønedh"	"v"	"låne"
"løøpkedh, løøpkie"	"v"	"flekke fisk"
"maam buektedh"	"v"	"utgi"
"maam giese jiehtedh"	"v"	"innflytelse"	"(øve verbal-)"
"maam misse darjodh"	"v"	"innflytelse"	"(øve aktiv-)"
"maaskedh"	"v"	"floke til"
"maaskodh, mååske"	"v"	"floke seg"
"madtsastidh, madtseste"	"v,"	"vrenge"
"maehtedh utnedh"	"v"	"nyttiggjøre"
"maejstedh, maajsta"	"v"	"smake"
"maeksedh, maaksa"	"v"	"betale"
"magkalidh, magkele"	"v"	"stum bli-"
"marhkedh"	"v"	"kollapse, gå til grunne"
"marngedh"	"v"	"snu, vende tilbake, vrenge"
"meatan årrodh, vyøjhkesadtedh"	"v"	"delta"
"mentedh"	"v"	"skrape bort"
"miedtedh"	"v"	"galt gjøre-, terge, synde, gjøre vondt mot noen, gjøre en forbrytelse"
"mierhkesjidh, mierhkesje"	"v"	"merke"
"mietiedidh, mietede"	"v"	"gå etter, styre"	"(reinflokk)"	"- v."
"minnedh"	"v"	"gå, gå en tur bort til, dra"	"(Næjla dihte minni-det var Næjla som gikk)"
"moelhnjedh"	"v"	"tie, forholde seg taus"
"moenedh"	"v"	"bestemme, nevne, benevne"	"lahtesh moenedh"	"gi tilbakemelding"
"moenedidh, moenede"	"v"	"gjette"
"moenesovvedh"	"v"	"oppnevne, liste opp, si på rams"
"mojhteladtedh, mojhteladta"	"v"	"minnes"	"(flere ting)"	"- v."
"mojhtelidh, mojhtele"	"v"	"minnes"
"molsestalledh, molsestalla"	"v"	"skifte om stadig"
"mosnestidh, sovries sjidtedh"	"v"	"sur bli-, bli gretten"
"mubpiestidh, mubpeste"	"v"	"gjøre for andre gang"
"mujhtedh, måjhta"	"v"	"huske"
"mujhtiehtidh, mujhtehte"	"v"	"minne på"
"mujjehtidh, mujjehte"	"v"	"smile"
"mujnestehtedh"	"v"	"fortelle en gåte"
"mulliedistedh"	"v"	"overskyet plutselig bli-"
"murhkedh, murhkie"	"v"	"knuse"
"murhkestidh, murhkeste"	"v"	"knuse, slå i stykker i en fart"
"murriedidh, murrede"	"v"	"trives"
"musnedh"	"v"	"libnedh, stinke"
"måarahtovvedh, måarahtåvva"	"v"	"sint bli-"
"måaskajidh, måaskije"	"v"	"fornærmet bli-"
"måaskodh, mååske"	"v"	"sur og sint bli-"
"måasodh"	"v"	"(om skinn), holde seg fuktig"	"bli grovkornet"	"(om snø), bli fuktig og myk"
"måesere sjidtedh"	"v"	"mykere bli-"
"måjhtajidh, måjhtije"	"v"	"huske på, komme på"
"målsodh"	"v"	"bytte, skifte" "(de som skulle bytte med de andre-mah galkin mubpij gujmie målsodh)"
"mååjsedidh, mååjsede"	"v"	"kløve på seg, ta børa på"
"møøkedh, møøkie"	"v"	"gi seg om nedbør- bare en skur i blant"
"møørjedh, møørjie"	"v"	"plukke bær"
"naavjodh, nååvje"	"v"	"nød"	"(sykdom eller udyr i hjorden) ha-"	"- v."
"nahkasjidh, nahkesje"	"v"	"klare, makte, orke"
"nahkestidh, nahkeste"	"v"	"sovne"
"nahtadidh, nahtede"	"v"	"nytte"
"namhtah sjidtedh"	"v"	"uten bli-, ta slutt"
"napkedh"	"v"	"slite"
"napkedh, napkoe"	"v"	"slites"
"narhkelidh, narhkele"	"v"	"dirigere"
"narhtodh"	"v"	"advare på forhånd, forby"
"naskoehtidh, naskohte"	"v"	"forstyrre, plage"
"nastedh, nasta"	"v"	"ilden"	"(varmen) legge eller stelle på-, nøre"	"- v."
"neajodh"	"v"	"rydde en plass"
"neeledh, neelie"	"v"	"skjemme, gjøre ukvass"
"nehkiehtidh, nehkehte"	"v"	"skyve"
"niekedidh, niekede"	"v"	"drømme"
"nierhkedh, nearhka"	"v"	"ta fatt , begynne på nytt igjen"
"nierredehtedh"	"v"	"narr få noen til å fremstå som-"
"nihksjidh, nihksje"	"v"	"trosse, være ulydig"
"nihtedh, næhta"	"v"	"forby, få noen til å holde opp"
"nirredehtedh"	"v"	"gjøre narr av, spotte"
"njaahtjodh"	"v"	"begjære, hige etter, attrå"
"njaakedh, njaaka"	"v"	"liste/lure seg innpå"
"njaalmeldh"	"v"	"muntlig"
"njaamedh, njaama"	"v"	"tørke opp"
"njaamedidh, njaamede"	"v"	"tørke seg"
"njabpedidh, njabpede"	"v"	"skli"
"njabpestidh, njabpeste"	"v"	"(feks. kaffekjele av stangen, lasso av hornet), glippe, gli"	"gli av"	"(plutselig - av)"	"v"	"- v."
"njalkedh, njalkoe"	"v"	"røyte, miste hår"	"(skinn)"	"- v."
"njalkedidh, njalkede"	"v"	"gli holde på å-"
"njalkestidh, njalkeste"	"v"	"gli"
"njamkedh, njamkoe"	"v"	"klebe, henge ved"
"njammedh, njamma"	"v"	"die, suge"
"njeetsedh, njeetsie"	"v"	"- v"	"flekke tenner"	"VI"	"(bienje baenieh njeetsieh-hunden flekker tenner)"
"njelledh, njilledh"	"v"	"flekke av, løype never, flå"	"(skinn)"
"njilkedh, njilkie"	"v"	"avhåre skinn"
"njilledh, njælla"	"v"	"flå , ikke med kniv, men med knyttneven"
"njimkehtidh, njimkehte"	"v"	"klebe fast"
"njoejjegidh, njoejjege"	"v"	"miste motet"
"njoejjegåetedh"	"v1"	"gi opp"	"(om hunder), bli trett"
"njoetedh"	"v"	"spare"	"(guhkiem lea beetnegh njoeteme-hun/han har spart penger i lang tid)"
"njoetseldh"	"adj"	"moden"
"njorkedidh, njorkede"	"v"	"plystre"	"- v."	"(manne maaje njorkedem Laassese)"
"njovhkedidh, njovhkede"	"v"	"plystre , om fugl eller for å lokke fugl"
"njulhtjestalledh, njulhtjestalla"	"v"	"hoppe i veg"
"njuvtedh, njåvta"	"v1"	"pine, banke, slå"
"njåalodh, njååle"	"v"	"dyppe og spise"	"sleike"
"njåetsiestidh, njåetseste"	"v"	"breie over, slenge rundt"
"njålhtjodh"	"v"	"(ski)"	"hoppe"	"(treavkaj nelnie njålhtjoeh-de hopper på ski)"
"njåvtahtalledh"	"v"	"denge, mørbanke"
"njåvtahtalledh, njåvtahtalla"	"v"	"dengt bli-, mørbanket"
"njåvtasovvedh"	"v"	"pines, plages, bli utsatt for vold, bli skamslått/dengt/rundjult"
"njååmedidh, njååmede"	"v"	"omfavne"
"njøøredh, njøørie"	"v"	"kaffen sike av-"
"noeledh, nuala"	"v"	"knyte opp, løse opp"
"noeledidh, noelede"	"v"	"kle av seg"
"noelestidh, noeleste"	"v"	"knyte opp som snarest"
"noeredh, nuara"	"v"	"spikre, nagle"
"noeresovvedh"	"v"	"naglet bli-, spikret, korsfestet"
"noeresovvedh, noeresåvva"	"v"	"spikret bli-, bli korsfestet, bli naglet"
"nollelidh, nollele"	"v"	"narre"
"norhkehtidh, norhkehte"	"v"	"holde på å passe en dyreflokk i et område , få den til å snu og holde seg innen området"
"nosserdidh, nosserde"	"v"	"pusle"
"nuhtedh, nuhtie"	"v"	"nyttiggjøre seg"
"nuhtjedh, nuhtjie"	"v"	"benytte"
"nyøjhkedh, nyøjhkoe"	"v"	"nekte"
"nåajtodh, nååjte"	"v"	"spå, ganne"
"nåaledh"	"v"	"snakke, prate"
"nåaledh, nåala"	"v"	"prate, snakke"
"nåalodh, nååle"	"v2"	"smågråte"	"ymte, snakke frampå"
"nåhkedh, nåhka"	"v"	"bli tomt for noe, ta slutt"
"nåhkehtidh, nåhkehte"	"v"	"slutt på noe gjøre-, bruke opp"
"nåhkelidh, nåhkele"	"v"	"forsvinne, bli tomt for noe"
"nårtodh, norte"	"v"	"gå med på snø"
"nænnoes-laakan tjilkedh"	"v"	"velbegrunne"
"næskoehtidh, næskohte"	"v"	"erte"
"obrijidh, obrije"	"v"	"begynne å regne"
"ohtsedh"	"v"	"savne, lete, søke"
"ohtsedidh, ohtsede"	"v"	"lete etter"
"orredidh, orrede"	"v"	"oppholde seg"	"(på flere steder)"	"- v."
"orrestidh, orreste"	"v"	"fornye"
"orrijidh, orrije"	"v,"	"slå seg ned på en plass"
"otnelidh, otnele"	"v"	"ta tak i, holde i, holde i, holde kursen"	"(retning)"	"- v."
"ovmurriedidh, ovmurrede"	"v"	"vantrives"
"pleahkedh"	"v"	"hvile seg"
"pleanjodh, gujredh, gujrie"	"v"	"pistre"
"pragkedh, pragkoe"	"v"	"oppblåst bli-"
"pregkiehtidh, pregkehte"	"v"	" plutselig bli oppblåst i magen"
"provhkedh, pråvhka"	"v"	"bruke"
"pruvredh, pruvrie"	"v"	"gifte seg"
"raahkeldidh, raahkelde"	"v"	"rakle, drive dank"
"raavhkedh"	"v"	"forgå, fortapes"
"raavhkedh"	"v"	"fortapes, forgå"
"rabnjestidh, rabnjeste"	"v"	"breie til side"
"raejkiedidh, raejkede"	"v"	"hull i lage-"
"raerhkedh, raarhka"	"v"	"skille"
"rahkestidh, rahkeste"	"v"	"høvle"
"rahtjedh, rahtja"	"ommenneskerv"	"hige etter et sted""(om barn)"	"trekke i en bestemt retning"	"(rein), reke uten lov"	"v"	"- v."
"ramkelidh, ramkele"	"v"	"blunke"
"rapkedh"	"v"	"løsne"	"(om skinnet på geviret når det løsner av seg sjøl om høsten)"
"rastadehtedh, rastadahta"	"v"	"sette over, passere"
"reakadahtedh"	"v"	"føde"	"(mov gåmma lea maanam reakadahteme-har født et barn)"
"reakadidh, reakede"	"v"	"født bli-"
"reakasovvedh"	"v"	"født bli-"
"reaktagaaltijh utnedh"	"v"	"rettskildebruk"
"rebpieldidh, rebpelde"	"v"	"samle til seg"
"reejredh, reejrie"	"v"	"leke, more seg""tordne""reejregåetedh, reejregåata"	"v"	"begynne å tordne"
"reeredh"	"v"	"administrere, forvalte, beherske, rå med, mestre"
"restiedehtedh, restiedahta"	"v"	"gå over få til å-"
"restiedidh, restede"	"v"	"drive over"
"riehpestalledh"	"v"	"kaste overende, velte"	"(flere ting)"
"rieresjidh, rieresje"	"v"	"strekke til, holde"
"riesedh, reasa"	"v"	"pynte, dekorere, slå ut i blomst, blomstre"	"- v."	"IV"	"(gierhkemem riesedh- pynte komsa)"
"rihpesovvedh, rihpesåvva"	"v"	"åpnet bli-"
"rihpestidh, rihpeste"	"v"	"åpne, lukke opp"
"rijtedh, rijtie"	"v"	"putte, stikke"
"ringkedh, ringkie"	"v"	"ringe"
"rirresjidh, rirresje"	"v"	"bark på den hårløse siden av et skinn gni-"
"risnjedh, risnjie"	"v"	"sanke ved"
"risnjestidh, risnjeste"	"v"	"sanke litt ved i en fart"	"- v."	"(jaa, manne gujht ojhte risnjestem gasngesh)"
"ryøjnesjidh, ryøjnesje"	"v"	"gjete"
"ryøjredestedh, ryøjredasta"	"v"	"ferdig gjøre seg fort-"
"ryøjredidh, ryøjrede"	"v"	"ferdig gjøre seg-"	"(til å dra)"	"- v."
"ryøvedh, ryøvoe"	"v"	"røve"
"råanjedh"	"v"	"regne sterkt, plaskregne, pøse ned"
"råanjodh, råånje"	"v"	"falle, minke , om vannstanden i elv /sjø"
"råavegåetedh, råavegåata"	"v"	"lete , kalven og simla begynner å lete etter hverandre"
"råavkedh, råavka"	"v"	"grynte , simla og kalven kaller  på hverandre"
"rååresjidh, rååresje"	"v"	"planer legge-"
"røødtsedh, røødtsie"	"v"	"rote og grave"
"saangerdidh, saangerde"	"v"	"angre"
"saarnodh, såårne"	"v"	"fortelle"	"(nytt), informere"	"- v."
"saarnoegåetedh"	"v"	"fortelle begynne å-"
"saatnan bijre sijhtedh daejredh"	"v"	"faktaorientert være-"
"saehtedh, saahta"	"v"	"frakte, bringe bort"
"saehtielidh, saehtele"	"v"	"frakte i en fart"
"saejriedidh, saejrede"	"v"	"verke"
"saemiestidh, saemeste"	"v"	"samisk snakke-"
"saerniestidh, saerneste"	"v"	"fortelle litt"
"saerniestimmieh åadtjodh"	"v"	"søke informasjon"
"saktedh, sakta"	"v"	"tørste etter noe spesielt"
"sarkelidh, sarkele"	"v"	"beskjed lavt og diskret gi-"
"seadtosne årrodh, seadtosne,"	"v"	"(om reinen)"	"fred i-, uforstyrret,"	"(aaltoeh seadtosne årroeh-simlene er i fred)"
"seadtosne årrodh, seatsne"	"v"	"(om reinen)"	"uforstyrret, fred være i-,"	"(aaltoeh seadtosne årroeh-simlene er i fred)"
"seahkaridh, seahkere"	"v"	"bry seg om"
"seatadidh, seatede"	"v"	"bry seg om, ense"
"seavahtalledh, seavahtalla"	"v"	"vinke holde på å-"
"seavahtidh, seavehte"	"v"	"vinke"
"seedtedh, seedtie"	"v"	"sende, kaste"
"seejedh, seejie"	"v"	"strø"
"seeptjedh, seeptjie"	"v"	"klar gjøre-"	"(flytteveg)"	"- v."
"seerehtalledh, seerehtalla"	"v"	"berolige/avlede fra å gråte"
"sepkedh I, simmedatedh, simmedata"	"v"	"hviske"
"siektjedh"	"v"	"spionere"
"sietedh, seata"	"v"	"frakte, drive en flokk"
"sigkedh"	"v"	"kle av"
"sijhtedh, sæjhta"	"v"	"ville"
"sijtedh sjidtedh"	"v"	"ville bli"	"(nimhtie sæjhta sjidtedh-slik vil det bli)"
"sjaavedh"	"adv"	"stille, tyst"
"sjaejmoejidh, sjaejmeje"	"v"	"flau bli-"
"sjalkedh, sjalkoe"	"v"	"tine, bråne"
"sjeakodh, sjyøke"	"v"	"rydde inne"
"sjidtedh"	"v"	"vokse opp"	"(gusnie datne sjidteme?-hvor vokste du opp?)"
"sjidtedh, sjædta"	"v4"	"bli, vokse"; "måtte"
"sjiehtedh"	"v"	"høve, passe"
"sjiehtelestedh, sjiehtelasta"	"v"	"passe til i en fart,  tilpasse fort"
"sjiehtesjidh, sjiehtesje"	"v"	"passe til, få på plass"
"sjiere øørnedh"	"v"	"systematisere"
"sjohlestidh sjohlestidh, sjohleste"	"v"	"lete grundig, gjennomsøke"	"(landskap, rom, e. l)"	"f.eks etter bortkomne rein  - v."
"sjovvedh, sjåvva"	"v"	"suse"
"sjueksjedh"	"v"	"gjø, skjelle"	"(lemen)"
"sjugniedidh, sjugnede"	"v"	"skape"
"skaamesjidh, skaamesje"	"v,"	"skjemmes"
"skaanjedh, skaanja"	"v"	"single, klirre"
"skaemiegåatedh"	"v"	"skamme seg begynne å-"
"skearkedh"	"v"	"klarne"	"(om vær og sinnstilstand/oppfattelsesevne)"	"(maajetjh skeerki-endelig oppfattet han poenget)"
"skeerkedh, skeerkie"	"v6"	"klarne"	"(gosse skeerkie aelkebe tjøønhkedh-når det klarner"	"(skodda forsvinner) begynner vi reinsamlinga)"
"skeevedh, skeevie"	"v"	"drive en reinflokk innen et område"
"skilledh, skillie"	"v"	"vende mot varmen"
"skodtedh" "v4"	"skynde seg"
"skoerkedidh, skoerkede"	"v"	"dørene gå ut og inn i-"
"skoevesjidh, skoevesje"	"v"	"drive en reinflokk gjennom et bestemt område for å samle inn streifdyr-"
"skovhtjedh"	"v"	"bråke, støyende lekemåte, leke høylydt med glede og latter, skøye"	"(gaajhkene lehkesne govloe laavloeminie skovhtjeminie)"; "oppe utover natta være lenge-"
"skreepedh, skreepie"	"v"	"skrape"
"skråevviestidh, skråevveste"	"v"	"sette kjeppel på kalven"
"skuarhtjadidh, skuarhtjede"	"v"	"hvalpe"
"vaarredh, vaarra"	"v" "gå fort, springe, løpe (om mennesker)"
"slaamedh, slaama"	"v"	"visne"
"slaamperdidh, slaamperde"	"v"	"skvaldre"
"slabpanidh, slabpene"	"v"	"gå i veg"
"slampestidh, slampeste"	"v"	"kaste, slynge"
"slaptjedh, slaptjadahke"	"s"	"skare som begynner å tine"
"slebpiehtidh, slebpehte"	"v"	"gå om et barn når det holder på å bli sliten"
"sleegkedh"	"v6"	"legge ned" "slenge i bakken"	"(for eksempel i brytekamp)"
"slienhkiehtidh, slienhkehte"	"v"	"falle på kne"
"slovvestalledh"	"v"	"fark og fanteri drive med-"	"(slovvestalligan-de to for med fark og fanteri)"
"slåavedh, slåava"	"v"	"ris gi-"
"slåaveldh"	"adv"	"dengt"
"slåavestidh, slåaveste"	"v"	"ris gi litt-"
"slåavoehtimmieh fuehpedh"	"v"	"ris å få, fare for juling"
"smeejvedh"	"v"	"partere"	"(slakt)"
"smååhkedh, smååhkoe"	"v"	"smake på"
"smååhkestidh, smååhkeste"	"v"	"smake på litt"
"snaabredh, snaabra"	"v"	"nappe litt, spise litt"	"(om dyr)"	"om dyr  - v."
"snarredh, snarra"	"v"	"rynke når man syr"
"snjaptjestidh, snjaptjeste"	"v"	"Avta , om månen"
"snjierpedidh, snjierpede"	"v"	"svi"
"snoegkedatedh"	"v"	"snuse omkring"
"snåhkaridh, snåhkere"	"v"	"snuble"
"snæjrodh"	"v"	"skrike, skingre"
"snøøledh, snøølie"	"v"	"beite litt , nappe litt her og der"
"soelkedovvedh"	"v"	"trøstet bli-"
"sohpedh, såhpa"	"v"	"skave/spise kjøttbein reint"
"sojjedh"	"v"	"bøye"
"sojjedidh, sojjede"	"v"	"brette, bøye"
"soptsestalledh, soptsestalla"	"v"	"snakke/fortelle i veg"
"soptsestidh, soptseste"	"v"	"snakke, fortelle"
"sovkedh, såvka"	"v"	"ro"	"(båt)"	"- v."
"sovmedh"	"v"	"anta, tro"	"(suvmieh Tydalesne-de tror han/hun er i Tydalen)"
"spealadidh, spealede"	"v"	"spille"
"speehkestidh, speehkeste"	"v"	"piske, klaske"
"staameldidh, staamelde"	"v"	"famle"
"starnedehtedh"	"v"	"helbrede, medisinere, kurere, gjøre frisk, gjøre sterk"
"starnedh"	"v"	"frisk bli-, komme til hektene"
"stealladestedh, stealladasta"	"v"	"stelle til noe fort,  lage til i en fart"
"stealladidh, steallede"	"v"	"lage til"
"steegkedh, steegkie"	"v"	"stenge"
"steegkeldh"	"adv"	"utestengt"	"(saemien ektievuekeste steegkeldh-utestengt fra det samiske samfunnet)"
"steeredh"	"v"	"holde fast" "holde, føre"	"(eektede repmiem nimhtie maehtedh steeredh…-hele tiden å kunne føre kroppen slik at…)"
"steeredidh, steerede"	"v"	"holde seg fast"
"steerestidh, steereste"	"v"	"holde i som snarest"
"sterpiedidh, sterpede"	"v"	"hoppe og sprette"
"stiehpegåetedh, stiehpegåata"	"v"	"begynne å striregne"
"stilledh"	"v"	"beordre, påby, pålegge"	"(noen)"
"stoenedh, stuana"	"v"	"legge uti, hoppe i elva , om et dyr eller en flokk dyr   - v."
"stoenehtidh, stoenehte"	"v"	"drive en reinflokk ut i elv el. vann"
"stovhpijahtjedh, stovhpijahtja"	"v"	"begynne å stupe"
"stovpedh, stovhpoe"	"v"	"stupe"
"strijhtjedh"	"v"	"(om vann el. søle)"	"skvette,sprute,"	"(dihte morhte vuajnam stræjhtja dohk’diekie guktie dihte kaarre jih røøvre gaarveni)"
"struvkiestidh, struvkeste"	"v"	"rykke i"
"ståaradidh, ståarede"	"v"	"klare seg"
"stååkedidh, stååkede"	"v"	"leke"
"sualadidh, sualede"	"v"	"stjele"
"suejielidh, suejele"	"v"	"sige, forsvinne om sola"
"suvtiehtidh, suvtehte"	"v"	"bysse et barn"
"sveehkedh, sveehkie"	"v"	"vike til side, forandre retning"
"sveehkestidh, sveehkeste"	"v"	"vike til side i en fart"
"svihtjestidh, svihtjeste"	"v"	"røre på seg"
"svijredh, svæjra"	"v"	"svi, gjøre vondt"
"svijregåetedh, svijregåata"	"v"	"begynne å svi"
"svitnestidh, svitneste"	"v"	"dra i hop"
"syjhtedh, syjhtie"	"v"	"passe barn eller gamle folk"
"såanedh, såana"	"v"	"komme bort"
"såvnjodh"	"v"	"koste av, sope vekk, ryste vekk, banke snø av klær"
"sååjhtedh, sååjhtoe"	"v"	"høve/treffe slik"; "tilfeldigvis være tilstede"
"såålhtedh, såålhtoe"	"v"	"salte"
"såålhtesovvedh"	"v"	"saltet bli-, saltes"
"såångedidh, såångede"	"v"	"fri  på høytidelig vis"
"sæjlodh, syjle"	"v"	"klar bli-, trøtt, sliten"
"sørge"	"v"	"sårkodh"	"(sorkeminie-holder på å sørge)"
"søøhpedh"	"v"	"kalve"	"(aaltoeh søøhpieh-simlene kalver)"
"søøpedh, søøpie"	"v"	"sope"
"tjaajanidh, tjaajene"	"v"	"vill gå seg-"
"tjaakanidh, tjaakene"	"v"	"rommes"
"tjaalasovvedh"	"v"	"skrives, bli skrevet"
"tjaaleldh, tjaalasuvvie"	"v"	"skriftlig"
"tjaangedh, tjaanga"	"v"	"dra ned i skogbandet"; "stige på, gå inn"
"tjabredh"	"v"	"streve, bale"
"tjaeledh, tjaala"	"v"	"skrive"	"- v."	"(tjaelieh man joem bijre lohkeme-skriv om et eller annet du har lest om)"
"tjahkasjidh, tjahkesje"	"v"	"sitte"
"tjahtedh, tjahta"	"v"	"kreiste, ta i"
"tjarnedh, tjarna"	"v"	"dykke"
"tjeebredh"	"v"	"klemme til, klemme ut, knytte neven"
"tjeekedidh, tjeekede"	"v"	"rommes få til å-"
"tjelmide bissedh, njueniem bissedh"	"v"	"vaske ansiktet"
"tjiekedidh, tjiekede"	"v"	"gjemme seg"
"tjiektjedh, tjeaktja"	"v"	"sparke"
"tjihkedidh, tjihkede"	"v"	"sette seg"
"tjihkestidh, tjihkeste"	"v"	"sette seg litt"
"tjihkehtidh, tjihkehte"	"v"	"sette seg få en til å-"
"tjihtedh, tjihtie"	"v"	"kile inn en sprengkile, kile fast, sett i kile"
"tjilkedh"	"v"	"forklare, gjøre rede for, redegjøre, utrede"; "begrunne"
"tjimkedh, tjimkie"	"v"	"kløve, kløv på legge-"
"tjirkedh"	"v"	"forsikre"
"tjirredh, tjærra"	"v"	"sote til"
"tjirrelgåetedh, tjirrelgåata"	"v"	"sotete bli-"
"tjiskelidh, tjiskele"	"v"	"sette av sted i full fart , kommer ikke tilbake"
"tjoehpedh, tjuahpa"	"v"	"hogge, skjære"
"tjoejkedh, tjuajka"	"v"	"ski gå på-"
"tjoejkedidh, tjoejkede"	"v"	"ski drive på og gå på-"
"tjoejkehtalledh, tjoejkehtalla"	"v"	"ski etter noe drive på og gå på-"
"tjoejkehtidh, tjoejkehte"	"v"	"ski etter gå på-"
"tjoejkelidh, tjoejkele"	"v"	"sette avgårde på ski"
"tjoejkijidh, tjoejkije"	"v"	"veg på ski legge i -"
"tjoekedh, tjuaka"	"v"	"lepje, slurpe , drikke på katters og hunders vis"
"tjoeksem biejedh"	"v"	"slå på lyset"
"tjoemehtidh, tjoemehte"	"v"	"tigge, spørre etter en ting mange ganger, ville ha, ønske, be mange ganger"
"tjohtjedh, tjohtjoe"	"v"	"huge etter, strebe etter"
"tjomberdidh, tjomberde"	"v"	"bekymre seg"
"tjonkedh, tjonkoe"	"v"	"pakke ut"
"tjuedtjielestedh, tjuedtjielasta"	"v"	"stå opp fort"
"tjuedtjielidh, tjuedtjele"	"v"	"stå opp"
"tjuvliestidh, tjuvleste"	"v"	"kysse"
"tjuvtjiedidh, tjuvtjede"	"v"	"peke"
"tjyøredidh, tjyørede"	"v"	"skumre holde på å-"
"tjyørijidh, tjyørije"	"v"	"ta til å gråte"
"tjåadtjaladtedh"	"v"	"stå opp en etter en/i tur og orden"
"tjåadtjodh, tjåådtje"	"v"	"stå"
"tjåagkodh, tjåågke"	"v"	"ta, plukke"
"tjåalodh, tjååle"	"v"	"sløye fisk"
"tjåanghkenidh, tjåanghkene"	"v"	"sammen komme-"
"tjæjnodh, tjyjne"	"v"	"treg mage ha-"
"tjøødtjehtehtedh, tjøødtjehtahta"	"v"	"stoppe/stanse få til å-"
"tjøødtjestidh, tjøødtjeste"	"v"	"stoppe opp/stanse litt"
"tjøønghkedh, tjøønghkie"	"v"	"samle, plukke"
"tjøønghkegåetedh, tjøønghkegåata"	"v"	"begynne å plukke"
"tjøønghkelidh, tjøønghkele"	"v"	"samle sammen litt fort"
"tompeldidh, tompelde"	"v"	"tumle, være ustø"
"trahkestehtedh"	"v"	"bråke, krangle"
"tramhkoehtidh, tramhkohte"	"v"	"lukke og åpne øynene i et sett"
"trijsedidh, trijsede"	"v"	"sprute, sprette"
"tsaapedh, tsaapa"	"v"	"karve kjøtt f.eks. i kaffen"
"tsaapelidh, tsaapele"	"v"	"karve i en fart"
"tsaekedh, tsaaka"	"v"	"ta på , om klær", træ på"	"- v."	"(aejmiem tsaekedh-træ nåla)"
"tsaepmedh, tsaapma"	"v"	"slå , f.eks. med hammer"
"tsagkedh"	"v"	"tre i , f.eks. nål"; "pakke putte i flere ting"; "pakke"	"(sekk), putte, træ, spenne ut, spile skinn, ta imot, stoppe"
"tsallodh, tsolle"	"v"	"knives verbalt"
"tseahkodh"	"v"	"hakk skjære-"
"tseegkedh"	"v"	"henge opp,""sette over"	"(kjelen)"""
"tsegkedh, tseegkie"	"v"	"sette opp hus, gjerde ;kjøttgryte til koking"
"tsihkijehtedh, tsihkijahta"	"v"	"sette fyr på, tenne på"
"tsiptsedh, tsæptsa"	"v"	"klipe, klype"
"tsiptsehtjidh, tsiptsehtje"	"v"	"klipe/klype flere ganger"
"tsuvvedh, tsåvva"	"v"	"trave jevnt"
"tsygkedidh, tsygkede"	"v"	"vedde"
"tsåapkodh, tsååpke"	"v"	"knekke"
"soeskedh"  "v4" "tygge"	
"unniedidh, unnede"	"v"	"forminske, mindre gjøre-"
"ussjedidh, ussjede"	"v"	"tenke"
"utnedh"	"v" "ha, bruke, benytte, synes"
"uvtedidh, uvtede"	"v"	"foreslå, legge fram forslag"
"vaadtsajidh, vaadtsije"	"v"	"gå ta til å-, gå av sted"
"vaadtsehtjidh, vaadtsehtje"	"v"	"gå holde på å-"
"vaajvesovvedh"	"v"	"engstes, plages, pines"
"vaaksjodh"	"v"	"kontrollere, sjekke"
"vaaksjodh, vååksje"	"v"	"Besøke , gå i sykebesøk"
"vaalledh, vaalla"	"v"	"smøre ski"
"vaalmestidh, vaalmeste"	"v"	"feste et knytte på ryggen"
"vaaltasovvedh"	"v"	"tas, bli tatt"
"vaarjelidh, vaarjele"	"v"	"verge, frelse"
"vaarredh, vaarra"	"v"	"jogge"
"vaarrestidh, vaarreste"	"v"	"gå eller springe av gårde"
"vaedtsedh, vaadtsa"	"v"	"gå om mennesker"
"vaestiedidh, vaestede"	"v"	"svare"
"vaetedh, vaata"	"v"	"tigge"	"(f. eks. om hund), vente å få noe"
"vajtelidh, vajtele"	"v"	"ønske"
"valkedh, valkoe"	"v"	"dra i veg"
"valkesidh, valkese"	"v"	"driv/farta komme i- , begynne å fare i en retning - om rein"
"varhtoedehtedh"	"v"	"forandre seg få til å-, få til å rødme"
"vartedh"	"v"	"blø, ha blodsott"
"veajhtoestidh, veajhtoste"	"v"	"løs uten gjeting/uten tilsyn la gå-"
"veanhtadidh, veanhtede"	"v"	"forvente"
"vearadidh, vearede"	"v"	"være"	"- v.,"	"årrodh"	"(gubpene vearadamme?-hvor har du vært?)"
"vedtedh, vadta"	"v"	"gi"
"vedtielidh, vedtele"	"v"	"gi i en hast"
"veedtjedh, åadtjodh"	"v"	"innhente"
"veeljedh, veeljie"	"v"	"velge"
"velkiehtidh, velkehte"	"omreinv"	"rakne, komme i driv"
"viedtedh, veadta"	"v"	"tjore, binde fast"
"viehkiehtidh, viehkehte"	"v"	"hjelpe"
"vielhterdidh, vielhterde"	"v"	"humpe og skumpe"
"vienhtedh, veanhta"	"v"	"mene, tro"
"vieredh, veara"	"avettrev"	"barke"
"vierhtiedidh, vuejnedh guktie"	"v"	"vurdere"
"vierkedidh, vierkede"	"v"	"dyresykdom"
"vijhtsierdidh, vijhtserde"	"v"	"kvitre"
"vijjedadtedh, vijjedadta"	"v"	"holde på å klippe til for søm"
"vijjedh, væjja"	"v"	"skjære til/klippe til for søm, klippe mønster"
"vijlelidh, vijlele"	"v"	"kaste et blikk"
"vijredh"	"v"	"jakte/fange dyr"
"villedidh, villede"	"v"	"strekke seg"
"vissjedh, væssja"	"v"	"orke, gidde"
"vissjehtovvedh, vissjehtåvva"	"v"	"lei/kei/giddesløs bli-"
"vite"	"v"	"mieledh"
"vitnesjidh, vitnesje"	"v"	"gjøre et stykke arbeid"
"voejedh, vuaja"	"v"	"svømme"
"voejegåetedh, voejegåata"	"v"	"begynne å svømme"
"voejehtidh, voejehte"	"v"	"svømme, la svømme få til å-"
"voejehtjidh, voejehtje"	"v"	"svømme holde på å-"
"voeledh, vuala"	"v"	"spikke"
"voelkehtidh, voelkehte"	"v"	"dra avgårde med, dra avsted med, frakte, reise avsted med"
"voerkelidh, vuaptastehtedh"	"v"	"rette søkelyset mot, gjøre oppmerksom på,  sette fokus på, påpeke"
"vuajnajidh, vuajnije"	"v"	"øye få- på"
"vualadahke, vualedh"	"v"	"lavereliggende trakt"
"vuapsasovvedh"	"v"	"måles, bli målt"
"vuaptan sjidtedh"	"v"	"oppdage, bli var, våkne, bli oppmerksam"
"vuartasjadtedh, vuartasjadta"	"v"	"se etter holde på å-"
"vuehtedh, vuahta"	"v"	"spore , se etter spor"
"vuejedh, vuaja"	"v"	"kjøre"
"vuejiehtidh, vuejehte"	"v"	"jage,drive, drive en flokk"
"vuejnedh"	"v"	"observere, få oversikt, få overblikk"
"vueliedidh, vuelede"	"v"	"drepe, hogge ned"
"vuelkedh, vualka"	"v"	"reise, reise"	"(av sted), dra av gårde, dra i veg"	"- v."	"I"
"vuesiehtidh, vuesehte"	"v"	"vise, vise fram"
"vytnesjidh, vytnesje"	"v"	"arbeide med hendene"
"vyølkedehtedh"	"v"	"bleke, gjøre hvit"
"vyølkedehtedh"	"v"	"hvit gjøre-, bleke"
"våajodh, vååje"	"v"	"synke, gå under, sige ned i"
"våajoelidh, våajole"	"v"	"synke straks"
"våarnodh"	"v"	"besverge, sverge, forbanne"
"våarpoehtidh"	"v"	"kaste lodd , ta varsel"
"våatjodh, vååtje"	"v"	"flyte opp , om kokende fett"
"vååjnedh, vååjnoe"	"v"	"synes, vises"
"våålese diedtesovvedh"	"v"	"trekks ned, trekks i negativ retning"	"(f. eks. om evaluering/karakterer), undertrykkes"
"vøørhkedh, vøørhkie"	"v"	"gjemme"
"vøørhkelidh, vøørhkele"	"v"	"gjemme bort noe i en fart"
"åadtjestidh, åadtjeste"	"v"	"klaste lasso en gang"
"åajsodh, ååjse"	"v,"	"klare, makte"
"åeniedidh, åenede"	"v"	"korte av, avkorte"
"åesiestidh, åeseste"	"v"	"handle"
"åestedh, åasta"	"v"	"kjøpe"
"åevriedidh, åevrede"	"v"	"engstelig være-"
"årrodh, orre"	"v"	"være, oppholde seg"
"årroeh sjaavedh"	"v"	"vær stille"
"åtnasovvedh"	"v"	"benyttes, bli brukt"
"åtnose vaaltasovvedh"	"v"	"tas i bruk, bli tatt i bruk"
"åtnose vaeltedh"	"v"	"bruk ta i-"
"åvtese buektedh"	"v"	"framheve, fremføre"
"åådtjedidh, åådtjede"	"v"	"kaste fast med lasso"
"ølestidh, snøøleste"	"v"	"beite litt gå og-, nappe"
"øøhpehtalledh"	"v"	"lære bort kontinuerlig, undervise"	"(gjentatte ganger)"
"øørnedehtedh"	"v"	"arrangere"
"øørnesovvedh"	"v"	"arrangert bli-, bli bragt i orden"
"øøvtiebasse buektedh"	"v"	"videreføre"
"øøvtiedidh, åvtanidh, evtiedidh, væjranidh, vijriedidh,"	"v"	"utvikle"
